team_id,team_name,country
9d87185b,Africa XI,Africa XI
3536be57,Argentina,Argentina
ab6520f1,Asia XI,Asia XI
4442e4af,Australia,Australia
98917390,Austria,Austria
6dbefdc3,Bahamas,Bahamas
6ddecd8c,Bahrain,Bahrain
f78a77f6,Bangladesh,Bangladesh
3214c0f2,Barbados,Barbados
6c1674d1,Belgium,Belgium
20bca678,Belize,Belize
6653bea1,Bermuda,Bermuda
e65a0ed0,Bhutan,Bhutan
6cd50fb3,Botswana,Botswana
42537f0f,Brazil,Brazil
01a151de,Bulgaria,Bulgaria
06c7a3c3,Cambodia,Cambodia
4be25f9d,Cameroon,Cameroon
445d337b,Canada,Canada
6802039d,Cayman Islands,Cayman Islands
2e6507f7,Chile,Chile
ae54a5c0,China,China
4cddaf95,Cook Islands,Cook Islands
5882b568,Costa Rica,Costa Rica
560d4c6f,Croatia,Croatia
ea2ba3f8,Cyprus,Cyprus
51802d8b,Czech Republic,Czech Republic
42421494,Denmark,Denmark
64f60790,England,England
7755415a,Estonia,Estonia
5b6c44e2,Eswatini,Eswatini
55b0c4d4,Fiji,Fiji
6f781c65,Finland,Finland
0309a6c6,France,France
e2a96e07,Gambia,Gambia
d8b00929,Germany,Germany
e7400496,Ghana,Ghana
672566a4,Gibraltar,Gibraltar
6b718641,Greece,Greece
a531abc5,Guernsey,Guernsey
8b476ff7,Hong Kong,Hong Kong
fa79c300,Hungary,Hungary
c21b6e40,ICC World XI,ICC World XI
7d31e0da,India,India
4647d00c,Indonesia,Indonesia
21fc6890,Iran,Iran
06e415f9,Ireland,Ireland
9a3075ee,Isle of Man,Isle of Man
5a548c2f,Israel,Israel
1007e1b7,Italy,Italy
cea34f6b,Ivory Coast,Ivory Coast
53a577bb,Japan,Japan
3cda26e0,Jersey,Jersey
94984a8c,Kenya,Kenya
05387f3c,Kuwait,Kuwait
e99bb6b9,Lesotho,Lesotho
06630c89,Luxembourg,Luxembourg
70965feb,Malawi,Malawi
3f0e49c4,Malaysia,Malaysia
62235142,Maldives,Maldives
e90c93ce,Mali,Mali
92468e8a,Malta,Malta
8dbb07a1,Mexico,Mexico
bb6a72b6,Mongolia,Mongolia
a6d3bea3,Mozambique,Mozambique
217fa54c,Myanmar,Myanmar
69f42876,Namibia,Namibia
7fef6b00,Nepal,Nepal
a67d4cbd,Netherlands,Netherlands
c51ed580,New Zealand,New Zealand
5d839147,Nigeria,Nigeria
d5b9290a,Norway,Norway
1c77b973,Oman,Oman
b9698b85,Pakistan,Pakistan
6bec347f,Panama,Panama
f670d380,Papua New Guinea,Papua New Guinea
77dab2f8,Philippines,Philippines
ea71b362,Portugal,Portugal
7cc7ef17,Qatar,Qatar
0c7d5ae4,Romania,Romania
9d7ed5d7,Rwanda,Rwanda
08611343,Samoa,Samoa
b835b521,Saudi Arabia,Saudi Arabia
da5dd6f0,Scotland,Scotland
2ff6e535,Serbia,Serbia
d2e4449b,Seychelles,Seychelles
97527dec,Sierra Leone,Sierra Leone
458e4cbc,Singapore,Singapore
00247297,Slovenia,Slovenia
c89bc418,South Africa,South Africa
4d4803b0,South Korea,South Korea
907eba32,Spain,Spain
ef547e2d,Sri Lanka,Sri Lanka
ff665571,St Helena,St Helena
64446ac0,Suriname,Suriname
f82b1495,Swaziland,Swaziland
c8f4261f,Sweden,Sweden
3ad08396,Switzerland,Switzerland
c03b1123,Tanzania,Tanzania
103357e3,Thailand,Thailand
221cdfb7,Turkey,Turkey
28865a2c,Turks and Caicos Island,Turks and Caicos Island
53b3c88e,Uganda,Uganda
8f6f28f0,United Arab Emirates,United Arab Emirates
1f122dd1,United States of America,United States of America
fe07e488,Vanuatu,Vanuatu
7ae3e0b4,West Indies,West Indies
9d5116a2,Zimbabwe,Zimbabwe
