{
  "meta": {
    "data_version": "1.0.0",
    "created": "2019-10-29",
    "revision": 1
  },
  "info": {
    "balls_per_over": 6,
    "city": "London",
    "dates": [
      "2019-05-08"
    ],
    "event": {
      "name": "Pakistan tour of England",
      "match_number": 1
    },
    "gender": "male",
    "match_type": "ODI",
    "match_type_number": 4130,
    "officials": {
      "match_referees": [
        "RB Richardson"
      ],
      "reserve_umpires": [
        "RT Robinson"
      ],
      "tv_umpires": [
        "CB Gaffaney"
      ],
      "umpires": [
        "RJ Bailey",
        "PR Reiffel"
      ]
    },
    "outcome": {
      "result": "no result"
    },
    "overs": 50,
    "players": {
      "Pakistan": [
        "Imam-ul-Haq",
        "Fakhar Zaman",
        "Babar Azam",
        "Haris Sohail",
        "Sarfraz Ahmed",
        "Asif Ali",
        "Imad Wasim",
        "Faheem Ashraf",
        "Hasan Ali",
        "Shaheen Shah Afridi",
        "Mohammad Amir"
      ],
      "England": [
        "JM Vince",
        "JM Bairstow",
        "JE Root",
        "EJG Morgan",
        "JC Buttler",
        "BA Stokes",
        "JL Denly",
        "AU Rashid",
        "JC Archer",
        "CR Woakes",
        "LE Plunkett"
      ]
    },
    "registry": {
      "people": {
        "AU Rashid": "249d60c9",
        "Asif Ali": "0a4736eb",
        "BA Stokes": "e087956b",
        "Babar Azam": "8a75e999",
        "CB Gaffaney": "d5ac41d8",
        "CR Woakes": "4c5d73db",
        "EJG Morgan": "d2a6c0e6",
        "Faheem Ashraf": "bd4ea627",
        "Fakhar Zaman": "1777c020",
        "Haris Sohail": "7cd0a092",
        "Hasan Ali": "2911de16",
        "Imad Wasim": "9cb8d7a6",
        "Imam-ul-Haq": "40c041ea",
        "JC Archer": "5574750c",
        "JC Buttler": "99b75528",
        "JE Root": "a343262c",
        "JL Denly": "bdadf7da",
        "JM Bairstow": "abb83e27",
        "JM Vince": "a15618fe",
        "LE Plunkett": "9a963804",
        "Mohammad Amir": "e174dadd",
        "PR Reiffel": "c9354f29",
        "RB Richardson": "410e2f12",
        "RJ Bailey": "6bd04fa5",
        "RT Robinson": "b143c87d",
        "Sarfraz Ahmed": "2254ab79",
        "Shaheen Shah Afridi": "45a7e761"
      }
    },
    "season": "2019",
    "team_type": "international",
    "teams": [
      "England",
      "Pakistan"
    ],
    "toss": {
      "decision": "field",
      "winner": "England"
    },
    "venue": "Kennington Oval"
  },
  "innings": [
    {
      "team": "Pakistan",
      "overs": [
        {
          "over": 0,
          "deliveries": [
            {
              "batter": "Imam-ul-Haq",
              "bowler": "CR Woakes",
              "non_striker": "Fakhar Zaman",
              "runs": {
                "batter": 1,
                "extras": 0,
                "total": 1
              }
            },
            {
              "batter": "Fakhar Zaman",
              "bowler": "CR Woakes",
              "non_striker": "Imam-ul-Haq",
              "runs": {
                "batter": 0,
                "extras": 0,
                "total": 0
              }
            },
            {
              "batter": "Fakhar Zaman",
              "bowler": "CR Woakes",
              "non_striker": "Imam-ul-Haq",
              "runs": {
                "batter": 1,
                "extras": 0,
                "total": 1
              }
            },
            {
              "batter": "Imam-ul-Haq",
              "bowler": "CR Woakes",
              "non_striker": "Fakhar Zaman",
              "runs": {
                "batter": 0,
                "extras": 0,
                "total": 0
              }
            },
            {
              "batter": "Imam-ul-Haq",
              "bowler": "CR Woakes",
              "non_striker": "Fakhar Zaman",
              "runs": {
                "batter": 1,
                "extras": 0,
                "total": 1
              }
            },
            {
              "batter": "Fakhar Zaman",
              "bowler": "CR Woakes",
              "non_striker": "Imam-ul-Haq",
              "runs": {
                "batter": 2,
                "extras": 0,
                "total": 2
              }
            }
          ]
        },
        {
          "over": 1,
          "deliveries": [
            {
              "batter": "Imam-ul-Haq",
              "bowler": "JC Archer",
              "non_striker": "Fakhar Zaman",
              "runs": {
                "batter": 0,
                "extras": 0,
                "total": 0
              }
            },
            {
              "batter": "Imam-ul-Haq",
              "bowler": "JC Archer",
              "non_striker": "Fakhar Zaman",
              "runs": {
                "batter": 0,
                "extras": 0,
                "total": 0
              }
            },
            {
              "batter": "Imam-ul-Haq",
              "bowler": "JC Archer",
              "non_striker": "Fakhar Zaman",
              "runs": {
                "batter": 0,
                "extras": 0,
                "total": 0
              }
            },
            {
              "batter": "Imam-ul-Haq",
              "bowler": "JC Archer",
              "non_striker": "Fakhar Zaman",
              "runs": {
                "batter": 0,
                "extras": 0,
                "total": 0
              }
            },
            {
              "batter": "Imam-ul-Haq",
              "bowler": "JC Archer",
              "non_striker": "Fakhar Zaman",
              "runs": {
                "batter": 0,
                "extras": 0,
                "total": 0
              }
            },
            {
              "batter": "Imam-ul-Haq",
              "bowler": "JC Archer",
              "non_striker": "Fakhar Zaman",
              "runs": {
                "batter": 0,
                "extras": 0,
                "total": 0
              }
            }
          ]
        },
        {
          "over": 2,
          "deliveries": [
            {
              "batter": "Fakhar Zaman",
              "bowler": "CR Woakes",
              "non_striker": "Imam-ul-Haq",
              "runs": {
                "batter": 0,
                "extras": 0,
                "total": 0
              }
            },
            {
              "batter": "Fakhar Zaman",
              "bowler": "CR Woakes",
              "non_striker": "Imam-ul-Haq",
              "runs": {
                "batter": 0,
                "extras": 0,
                "total": 0
              }
            },
            {
              "batter": "Fakhar Zaman",
              "bowler": "CR Woakes",
              "extras": {
                "legbyes": 1
              },
              "non_striker": "Imam-ul-Haq",
              "runs": {
                "batter": 0,
                "extras": 1,
                "total": 1
              }
            },
            {
              "batter": "Imam-ul-Haq",
              "bowler": "CR Woakes",
              "non_striker": "Fakhar Zaman",
              "runs": {
                "batter": 0,
                "extras": 0,
                "total": 0
              }
            },
            {
              "batter": "Imam-ul-Haq",
              "bowler": "CR Woakes",
              "non_striker": "Fakhar Zaman",
              "runs": {
                "batter": 0,
                "extras": 0,
                "total": 0
              }
            },
            {
              "batter": "Imam-ul-Haq",
              "bowler": "CR Woakes",
              "non_striker": "Fakhar Zaman",
              "runs": {
                "batter": 4,
                "extras": 0,
                "total": 4
              }
            }
          ]
        },
        {
          "over": 3,
          "deliveries": [
            {
              "batter": "Fakhar Zaman",
              "bowler": "JC Archer",
              "non_striker": "Imam-ul-Haq",
              "runs": {
                "batter": 0,
                "extras": 0,
                "total": 0
              }
            },
            {
              "batter": "Fakhar Zaman",
              "bowler": "JC Archer",
              "non_striker": "Imam-ul-Haq",
              "runs": {
                "batter": 0,
                "extras": 0,
                "total": 0
              }
            },
            {
              "batter": "Fakhar Zaman",
              "bowler": "JC Archer",
              "non_striker": "Imam-ul-Haq",
              "runs": {
                "batter": 0,
                "extras": 0,
                "total": 0
              }
            },
            {
              "batter": "Fakhar Zaman",
              "bowler": "JC Archer",
              "non_striker": "Imam-ul-Haq",
              "runs": {
                "batter": 0,
                "extras": 0,
                "total": 0
              }
            },
            {
              "batter": "Fakhar Zaman",
              "bowler": "JC Archer",
              "non_striker": "Imam-ul-Haq",
              "runs": {
                "batter": 0,
                "extras": 0,
                "total": 0
              },
              "wickets": [
                {
                  "kind": "caught",
                  "player_out": "Fakhar Zaman",
                  "fielders": [
                    {
                      "name": "JE Root"
                    }
                  ]
                }
              ]
            },
            {
              "batter": "Babar Azam",
              "bowler": "JC Archer",
              "non_striker": "Imam-ul-Haq",
              "runs": {
                "batter": 0,
                "extras": 0,
                "total": 0
              }
            }
          ]
        },
        {
          "over": 4,
          "deliveries": [
            {
              "batter": "Imam-ul-Haq",
              "bowler": "CR Woakes",
              "non_striker": "Babar Azam",
              "runs": {
                "batter": 0,
                "extras": 0,
                "total": 0
              }
            },
            {
              "batter": "Imam-ul-Haq",
              "bowler": "CR Woakes",
              "non_striker": "Babar Azam",
              "runs": {
                "batter": 0,
                "extras": 0,
                "total": 0
              }
            },
            {
              "batter": "Imam-ul-Haq",
              "bowler": "CR Woakes",
              "non_striker": "Babar Azam",
              "runs": {
                "batter": 0,
                "extras": 0,
                "total": 0
              }
            },
            {
              "batter": "Imam-ul-Haq",
              "bowler": "CR Woakes",
              "non_striker": "Babar Azam",
              "runs": {
                "batter": 1,
                "extras": 0,
                "total": 1
              }
            },
            {
              "batter": "Babar Azam",
              "bowler": "CR Woakes",
              "non_striker": "Imam-ul-Haq",
              "runs": {
                "batter": 0,
                "extras": 0,
                "total": 0
              }
            },
            {
              "batter": "Babar Azam",
              "bowler": "CR Woakes",
              "non_striker": "Imam-ul-Haq",
              "runs": {
                "batter": 4,
                "extras": 0,
                "total": 4
              }
            }
          ]
        },
        {
          "over": 5,
          "deliveries": [
            {
              "batter": "Imam-ul-Haq",
              "bowler": "JC Archer",
              "non_striker": "Babar Azam",
              "runs": {
                "batter": 0,
                "extras": 0,
                "total": 0
              }
            },
            {
              "batter": "Imam-ul-Haq",
              "bowler": "JC Archer",
              "non_striker": "Babar Azam",
              "runs": {
                "batter": 0,
                "extras": 0,
                "total": 0
              }
            },
            {
              "batter": "Imam-ul-Haq",
              "bowler": "JC Archer",
              "extras": {
                "wides": 1
              },
              "non_striker": "Babar Azam",
              "runs": {
                "batter": 0,
                "extras": 1,
                "total": 1
              }
            },
            {
              "batter": "Imam-ul-Haq",
              "bowler": "JC Archer",
              "non_striker": "Babar Azam",
              "runs": {
                "batter": 0,
                "extras": 0,
                "total": 0
              }
            },
            {
              "batter": "Imam-ul-Haq",
              "bowler": "JC Archer",
              "non_striker": "Babar Azam",
              "runs": {
                "batter": 0,
                "extras": 0,
                "total": 0
              }
            },
            {
              "batter": "Imam-ul-Haq",
              "bowler": "JC Archer",
              "extras": {
                "legbyes": 1
              },
              "non_striker": "Babar Azam",
              "runs": {
                "batter": 0,
                "extras": 1,
                "total": 1
              }
            },
            {
              "batter": "Babar Azam",
              "bowler": "JC Archer",
              "non_striker": "Imam-ul-Haq",
              "runs": {
                "batter": 0,
                "extras": 0,
                "total": 0
              }
            }
          ]
        },
        {
          "over": 6,
          "deliveries": [
            {
              "batter": "Imam-ul-Haq",
              "bowler": "CR Woakes",
              "non_striker": "Babar Azam",
              "runs": {
                "batter": 0,
                "extras": 0,
                "total": 0
              }
            },
            {
              "batter": "Imam-ul-Haq",
              "bowler": "CR Woakes",
              "non_striker": "Babar Azam",
              "runs": {
                "batter": 0,
                "extras": 0,
                "total": 0
              }
            },
            {
              "batter": "Imam-ul-Haq",
              "bowler": "CR Woakes",
              "non_striker": "Babar Azam",
              "runs": {
                "batter": 0,
                "extras": 0,
                "total": 0
              }
            },
            {
              "batter": "Imam-ul-Haq",
              "bowler": "CR Woakes",
              "non_striker": "Babar Azam",
              "runs": {
                "batter": 0,
                "extras": 0,
                "total": 0
              }
            },
            {
              "batter": "Imam-ul-Haq",
              "bowler": "CR Woakes",
              "non_striker": "Babar Azam",
              "runs": {
                "batter": 1,
                "extras": 0,
                "total": 1
              }
            },
            {
              "batter": "Babar Azam",
              "bowler": "CR Woakes",
              "non_striker": "Imam-ul-Haq",
              "runs": {
                "batter": 0,
                "extras": 0,
                "total": 0
              }
            }
          ]
        },
        {
          "over": 7,
          "deliveries": [
            {
              "batter": "Imam-ul-Haq",
              "bowler": "JC Archer",
              "non_striker": "Babar Azam",
              "runs": {
                "batter": 1,
                "extras": 0,
                "total": 1
              }
            },
            {
              "batter": "Babar Azam",
              "bowler": "JC Archer",
              "non_striker": "Imam-ul-Haq",
              "runs": {
                "batter": 0,
                "extras": 0,
                "total": 0
              }
            },
            {
              "batter": "Babar Azam",
              "bowler": "JC Archer",
              "non_striker": "Imam-ul-Haq",
              "runs": {
                "batter": 0,
                "extras": 0,
                "total": 0
              }
            },
            {
              "batter": "Babar Azam",
              "bowler": "JC Archer",
              "non_striker": "Imam-ul-Haq",
              "runs": {
                "batter": 0,
                "extras": 0,
                "total": 0
              }
            },
            {
              "batter": "Babar Azam",
              "bowler": "JC Archer",
              "non_striker": "Imam-ul-Haq",
              "runs": {
                "batter": 0,
                "extras": 0,
                "total": 0
              }
            },
            {
              "batter": "Babar Azam",
              "bowler": "JC Archer",
              "non_striker": "Imam-ul-Haq",
              "runs": {
                "batter": 4,
                "extras": 0,
                "total": 4
              }
            }
          ]
        },
        {
          "over": 8,
          "deliveries": [
            {
              "batter": "Imam-ul-Haq",
              "bowler": "CR Woakes",
              "non_striker": "Babar Azam",
              "runs": {
                "batter": 0,
                "extras": 0,
                "total": 0
              }
            },
            {
              "batter": "Imam-ul-Haq",
              "bowler": "CR Woakes",
              "non_striker": "Babar Azam",
              "runs": {
                "batter": 4,
                "extras": 0,
                "total": 4
              }
            },
            {
              "batter": "Imam-ul-Haq",
              "bowler": "CR Woakes",
              "non_striker": "Babar Azam",
              "runs": {
                "batter": 0,
                "extras": 0,
                "total": 0
              }
            },
            {
              "batter": "Imam-ul-Haq",
              "bowler": "CR Woakes",
              "non_striker": "Babar Azam",
              "runs": {
                "batter": 0,
                "extras": 0,
                "total": 0
              }
            },
            {
              "batter": "Imam-ul-Haq",
              "bowler": "CR Woakes",
              "non_striker": "Babar Azam",
              "runs": {
                "batter": 0,
                "extras": 0,
                "total": 0
              }
            },
            {
              "batter": "Imam-ul-Haq",
              "bowler": "CR Woakes",
              "non_striker": "Babar Azam",
              "runs": {
                "batter": 0,
                "extras": 0,
                "total": 0
              }
            }
          ]
        },
        {
          "over": 9,
          "deliveries": [
            {
              "batter": "Babar Azam",
              "bowler": "LE Plunkett",
              "non_striker": "Imam-ul-Haq",
              "runs": {
                "batter": 1,
                "extras": 0,
                "total": 1
              }
            },
            {
              "batter": "Imam-ul-Haq",
              "bowler": "LE Plunkett",
              "non_striker": "Babar Azam",
              "runs": {
                "batter": 1,
                "extras": 0,
                "total": 1
              }
            },
            {
              "batter": "Babar Azam",
              "bowler": "LE Plunkett",
              "non_striker": "Imam-ul-Haq",
              "runs": {
                "batter": 1,
                "extras": 0,
                "total": 1
              }
            },
            {
              "batter": "Imam-ul-Haq",
              "bowler": "LE Plunkett",
              "non_striker": "Babar Azam",
              "runs": {
                "batter": 4,
                "extras": 0,
                "total": 4
              }
            },
            {
              "batter": "Imam-ul-Haq",
              "bowler": "LE Plunkett",
              "extras": {
                "wides": 1
              },
              "non_striker": "Babar Azam",
              "runs": {
                "batter": 0,
                "extras": 1,
                "total": 1
              }
            },
            {
              "batter": "Imam-ul-Haq",
              "bowler": "LE Plunkett",
              "non_striker": "Babar Azam",
              "runs": {
                "batter": 0,
                "extras": 0,
                "total": 0
              }
            },
            {
              "batter": "Imam-ul-Haq",
              "bowler": "LE Plunkett",
              "non_striker": "Babar Azam",
              "runs": {
                "batter": 0,
                "extras": 0,
                "total": 0
              }
            }
          ]
        },
        {
          "over": 10,
          "deliveries": [
            {
              "batter": "Babar Azam",
              "bowler": "BA Stokes",
              "extras": {
                "wides": 1
              },
              "non_striker": "Imam-ul-Haq",
              "runs": {
                "batter": 0,
                "extras": 1,
                "total": 1
              }
            },
            {
              "batter": "Babar Azam",
              "bowler": "BA Stokes",
              "non_striker": "Imam-ul-Haq",
              "runs": {
                "batter": 1,
                "extras": 0,
                "total": 1
              }
            },
            {
              "batter": "Imam-ul-Haq",
              "bowler": "BA Stokes",
              "non_striker": "Babar Azam",
              "runs": {
                "batter": 0,
                "extras": 0,
                "total": 0
              }
            },
            {
              "batter": "Imam-ul-Haq",
              "bowler": "BA Stokes",
              "non_striker": "Babar Azam",
              "runs": {
                "batter": 1,
                "extras": 0,
                "total": 1
              }
            },
            {
              "batter": "Babar Azam",
              "bowler": "BA Stokes",
              "non_striker": "Imam-ul-Haq",
              "runs": {
                "batter": 1,
                "extras": 0,
                "total": 1
              }
            },
            {
              "batter": "Imam-ul-Haq",
              "bowler": "BA Stokes",
              "non_striker": "Babar Azam",
              "runs": {
                "batter": 1,
                "extras": 0,
                "total": 1
              }
            },
            {
              "batter": "Babar Azam",
              "bowler": "BA Stokes",
              "non_striker": "Imam-ul-Haq",
              "runs": {
                "batter": 0,
                "extras": 0,
                "total": 0
              }
            }
          ]
        },
        {
          "over": 11,
          "deliveries": [
            {
              "batter": "Imam-ul-Haq",
              "bowler": "LE Plunkett",
              "non_striker": "Babar Azam",
              "runs": {
                "batter": 1,
                "extras": 0,
                "total": 1
              }
            },
            {
              "batter": "Babar Azam",
              "bowler": "LE Plunkett",
              "non_striker": "Imam-ul-Haq",
              "runs": {
                "batter": 0,
                "extras": 0,
                "total": 0
              }
            },
            {
              "batter": "Babar Azam",
              "bowler": "LE Plunkett",
              "non_striker": "Imam-ul-Haq",
              "runs": {
                "batter": 4,
                "extras": 0,
                "total": 4
              }
            },
            {
              "batter": "Babar Azam",
              "bowler": "LE Plunkett",
              "non_striker": "Imam-ul-Haq",
              "runs": {
                "batter": 0,
                "extras": 0,
                "total": 0
              }
            },
            {
              "batter": "Babar Azam",
              "bowler": "LE Plunkett",
              "non_striker": "Imam-ul-Haq",
              "runs": {
                "batter": 0,
                "extras": 0,
                "total": 0
              }
            },
            {
              "batter": "Babar Azam",
              "bowler": "LE Plunkett",
              "non_striker": "Imam-ul-Haq",
              "runs": {
                "batter": 0,
                "extras": 0,
                "total": 0
              },
              "wickets": [
                {
                  "kind": "caught",
                  "player_out": "Babar Azam",
                  "fielders": [
                    {
                      "name": "JC Buttler"
                    }
                  ]
                }
              ]
            }
          ]
        },
        {
          "over": 12,
          "deliveries": [
            {
              "batter": "Imam-ul-Haq",
              "bowler": "BA Stokes",
              "non_striker": "Haris Sohail",
              "runs": {
                "batter": 0,
                "extras": 0,
                "total": 0
              }
            },
            {
              "batter": "Imam-ul-Haq",
              "bowler": "BA Stokes",
              "non_striker": "Haris Sohail",
              "runs": {
                "batter": 1,
                "extras": 0,
                "total": 1
              }
            },
            {
              "batter": "Haris Sohail",
              "bowler": "BA Stokes",
              "non_striker": "Imam-ul-Haq",
              "runs": {
                "batter": 0,
                "extras": 0,
                "total": 0
              }
            },
            {
              "batter": "Haris Sohail",
              "bowler": "BA Stokes",
              "non_striker": "Imam-ul-Haq",
              "runs": {
                "batter": 1,
                "extras": 0,
                "total": 1
              }
            },
            {
              "batter": "Imam-ul-Haq",
              "bowler": "BA Stokes",
              "non_striker": "Haris Sohail",
              "runs": {
                "batter": 0,
                "extras": 0,
                "total": 0
              }
            },
            {
              "batter": "Imam-ul-Haq",
              "bowler": "BA Stokes",
              "non_striker": "Haris Sohail",
              "runs": {
                "batter": 1,
                "extras": 0,
                "total": 1
              }
            }
          ]
        },
        {
          "over": 13,
          "deliveries": [
            {
              "batter": "Imam-ul-Haq",
              "bowler": "LE Plunkett",
              "non_striker": "Haris Sohail",
              "runs": {
                "batter": 0,
                "extras": 0,
                "total": 0
              }
            },
            {
              "batter": "Imam-ul-Haq",
              "bowler": "LE Plunkett",
              "non_striker": "Haris Sohail",
              "runs": {
                "batter": 1,
                "extras": 0,
                "total": 1
              }
            },
            {
              "batter": "Haris Sohail",
              "bowler": "LE Plunkett",
              "non_striker": "Imam-ul-Haq",
              "runs": {
                "batter": 0,
                "extras": 0,
                "total": 0
              }
            },
            {
              "batter": "Haris Sohail",
              "bowler": "LE Plunkett",
              "non_striker": "Imam-ul-Haq",
              "runs": {
                "batter": 1,
                "extras": 0,
                "total": 1
              }
            },
            {
              "batter": "Imam-ul-Haq",
              "bowler": "LE Plunkett",
              "non_striker": "Haris Sohail",
              "runs": {
                "batter": 1,
                "extras": 0,
                "total": 1
              }
            },
            {
              "batter": "Haris Sohail",
              "bowler": "LE Plunkett",
              "non_striker": "Imam-ul-Haq",
              "runs": {
                "batter": 4,
                "extras": 0,
                "total": 4
              }
            }
          ]
        },
        {
          "over": 14,
          "deliveries": [
            {
              "batter": "Imam-ul-Haq",
              "bowler": "JE Root",
              "non_striker": "Haris Sohail",
              "runs": {
                "batter": 0,
                "extras": 0,
                "total": 0
              }
            },
            {
              "batter": "Imam-ul-Haq",
              "bowler": "JE Root",
              "non_striker": "Haris Sohail",
              "runs": {
                "batter": 0,
                "extras": 0,
                "total": 0
              }
            },
            {
              "batter": "Imam-ul-Haq",
              "bowler": "JE Root",
              "non_striker": "Haris Sohail",
              "runs": {
                "batter": 1,
                "extras": 0,
                "total": 1
              }
            },
            {
              "batter": "Haris Sohail",
              "bowler": "JE Root",
              "non_striker": "Imam-ul-Haq",
              "runs": {
                "batter": 1,
                "extras": 0,
                "total": 1
              }
            },
            {
              "batter": "Imam-ul-Haq",
              "bowler": "JE Root",
              "non_striker": "Haris Sohail",
              "runs": {
                "batter": 1,
                "extras": 0,
                "total": 1
              }
            },
            {
              "batter": "Haris Sohail",
              "bowler": "JE Root",
              "non_striker": "Imam-ul-Haq",
              "runs": {
                "batter": 0,
                "extras": 0,
                "total": 0
              }
            }
          ]
        },
        {
          "over": 15,
          "deliveries": [
            {
              "batter": "Imam-ul-Haq",
              "bowler": "LE Plunkett",
              "non_striker": "Haris Sohail",
              "runs": {
                "batter": 0,
                "extras": 0,
                "total": 0
              }
            },
            {
              "batter": "Imam-ul-Haq",
              "bowler": "LE Plunkett",
              "non_striker": "Haris Sohail",
              "runs": {
                "batter": 1,
                "extras": 0,
                "total": 1
              }
            },
            {
              "batter": "Haris Sohail",
              "bowler": "LE Plunkett",
              "non_striker": "Imam-ul-Haq",
              "runs": {
                "batter": 1,
                "extras": 0,
                "total": 1
              }
            },
            {
              "batter": "Imam-ul-Haq",
              "bowler": "LE Plunkett",
              "non_striker": "Haris Sohail",
              "runs": {
                "batter": 1,
                "extras": 0,
                "total": 1
              }
            },
            {
              "batter": "Haris Sohail",
              "bowler": "LE Plunkett",
              "non_striker": "Imam-ul-Haq",
              "runs": {
                "batter": 0,
                "extras": 0,
                "total": 0
              }
            },
            {
              "batter": "Haris Sohail",
              "bowler": "LE Plunkett",
              "non_striker": "Imam-ul-Haq",
              "runs": {
                "batter": 4,
                "extras": 0,
                "total": 4
              }
            }
          ]
        },
        {
          "over": 16,
          "deliveries": [
            {
              "batter": "Imam-ul-Haq",
              "bowler": "JE Root",
              "non_striker": "Haris Sohail",
              "runs": {
                "batter": 4,
                "extras": 0,
                "total": 4
              }
            },
            {
              "batter": "Imam-ul-Haq",
              "bowler": "JE Root",
              "non_striker": "Haris Sohail",
              "runs": {
                "batter": 0,
                "extras": 0,
                "total": 0
              }
            },
            {
              "batter": "Imam-ul-Haq",
              "bowler": "JE Root",
              "non_striker": "Haris Sohail",
              "runs": {
                "batter": 1,
                "extras": 0,
                "total": 1
              }
            },
            {
              "batter": "Haris Sohail",
              "bowler": "JE Root",
              "non_striker": "Imam-ul-Haq",
              "runs": {
                "batter": 1,
                "extras": 0,
                "total": 1
              }
            },
            {
              "batter": "Imam-ul-Haq",
              "bowler": "JE Root",
              "non_striker": "Haris Sohail",
              "runs": {
                "batter": 1,
                "extras": 0,
                "total": 1
              }
            },
            {
              "batter": "Haris Sohail",
              "bowler": "JE Root",
              "non_striker": "Imam-ul-Haq",
              "runs": {
                "batter": 0,
                "extras": 0,
                "total": 0
              }
            }
          ]
        },
        {
          "over": 17,
          "deliveries": [
            {
              "batter": "Imam-ul-Haq",
              "bowler": "BA Stokes",
              "non_striker": "Haris Sohail",
              "runs": {
                "batter": 0,
                "extras": 0,
                "total": 0
              }
            },
            {
              "batter": "Imam-ul-Haq",
              "bowler": "BA Stokes",
              "non_striker": "Haris Sohail",
              "runs": {
                "batter": 0,
                "extras": 0,
                "total": 0
              }
            },
            {
              "batter": "Imam-ul-Haq",
              "bowler": "BA Stokes",
              "non_striker": "Haris Sohail",
              "runs": {
                "batter": 0,
                "extras": 0,
                "total": 0
              }
            },
            {
              "batter": "Imam-ul-Haq",
              "bowler": "BA Stokes",
              "non_striker": "Haris Sohail",
              "runs": {
                "batter": 0,
                "extras": 0,
                "total": 0
              }
            },
            {
              "batter": "Imam-ul-Haq",
              "bowler": "BA Stokes",
              "non_striker": "Haris Sohail",
              "runs": {
                "batter": 4,
                "extras": 0,
                "total": 4
              }
            },
            {
              "batter": "Imam-ul-Haq",
              "bowler": "BA Stokes",
              "non_striker": "Haris Sohail",
              "runs": {
                "batter": 1,
                "extras": 0,
                "total": 1
              }
            }
          ]
        },
        {
          "over": 18,
          "deliveries": [
            {
              "batter": "Imam-ul-Haq",
              "bowler": "AU Rashid",
              "non_striker": "Haris Sohail",
              "runs": {
                "batter": 1,
                "extras": 0,
                "total": 1
              }
            },
            {
              "batter": "Haris Sohail",
              "bowler": "AU Rashid",
              "non_striker": "Imam-ul-Haq",
              "runs": {
                "batter": 0,
                "extras": 0,
                "total": 0
              }
            },
            {
              "batter": "Haris Sohail",
              "bowler": "AU Rashid",
              "non_striker": "Imam-ul-Haq",
              "runs": {
                "batter": 1,
                "extras": 0,
                "total": 1
              }
            },
            {
              "batter": "Imam-ul-Haq",
              "bowler": "AU Rashid",
              "non_striker": "Haris Sohail",
              "runs": {
                "batter": 0,
                "extras": 0,
                "total": 0
              }
            },
            {
              "batter": "Imam-ul-Haq",
              "bowler": "AU Rashid",
              "non_striker": "Haris Sohail",
              "runs": {
                "batter": 1,
                "extras": 0,
                "total": 1
              }
            },
            {
              "batter": "Haris Sohail",
              "bowler": "AU Rashid",
              "non_striker": "Imam-ul-Haq",
              "runs": {
                "batter": 0,
                "extras": 0,
                "total": 0
              }
            }
          ]
        }
      ],
      "powerplays": [
        {
          "from": 0.1,
          "to": 9.7,
          "type": "mandatory"
        },
        {
          "from": 10.1,
          "to": 18.6,
          "type": "mandatory"
        }
      ]
    }
  ]
}