{
  "meta": {
    "data_version": "1.0.0",
    "created": "2020-04-07",
    "revision": 1
  },
  "info": {
    "balls_per_over": 6,
    "city": "Hamilton",
    "dates": [
      "2019-01-31"
    ],
    "event": {
      "name": "India tour of New Zealand",
      "match_number": 4
    },
    "gender": "male",
    "match_type": "ODI",
    "match_type_number": 4091,
    "officials": {
      "match_referees": [
        "DC Boon"
      ],
      "reserve_umpires": [
        "WR Knights"
      ],
      "tv_umpires": [
        "S George"
      ],
      "umpires": [
        "CM Brown",
        "NJ Llong"
      ]
    },
    "outcome": {
      "winner": "New Zealand",
      "by": {
        "wickets": 8
      }
    },
    "overs": 50,
    "player_of_match": [
      "TA Boult"
    ],
    "players": {
      "India": [
        "RG Sharma",
        "S Dhawan",
        "Shubman Gill",
        "AT Rayudu",
        "KD Karthik",
        "KM Jadhav",
        "HH Pandya",
        "B Kumar",
        "Kuldeep Yadav",
        "YS Chahal",
        "KK Ahmed"
      ],
      "New Zealand": [
        "MJ Guptill",
        "HM Nicholls",
        "KS Williamson",
        "LRPL Taylor",
        "TWM Latham",
        "JDS Neesham",
        "MJ Santner",
        "C de Grandhomme",
        "TD Astle",
        "MJ Henry",
        "TA Boult"
      ]
    },
    "registry": {
      "people": {
        "AT Rayudu": "70d205c9",
        "B Kumar": "2e81a32d",
        "C de Grandhomme": "94d7f855",
        "CM Brown": "448f4f1c",
        "DC Boon": "e79a1fe3",
        "HH Pandya": "dbe50b21",
        "HM Nicholls": "03521fd3",
        "JDS Neesham": "9219eff0",
        "KD Karthik": "c03f1114",
        "KK Ahmed": "a2f46292",
        "KM Jadhav": "99d63244",
        "KS Williamson": "d027ba9f",
        "Kuldeep Yadav": "8d2c70ad",
        "LRPL Taylor": "b61a3e1a",
        "MJ Guptill": "2be41edb",
        "MJ Henry": "e84ac20c",
        "MJ Santner": "e4a0deae",
        "NJ Llong": "573fb985",
        "RG Sharma": "740742ef",
        "S Dhawan": "0a476045",
        "S George": "6d9e5a54",
        "Shubman Gill": "b4b99816",
        "TA Boult": "a818c1be",
        "TD Astle": "383dd431",
        "TWM Latham": "e824e6ee",
        "WR Knights": "63cbf8d8",
        "YS Chahal": "57ee1fde"
      }
    },
    "season": "2018/19",
    "team_type": "international",
    "teams": [
      "New Zealand",
      "India"
    ],
    "toss": {
      "decision": "field",
      "winner": "New Zealand"
    },
    "venue": "Seddon Park"
  },
  "innings": [
    {
      "team": "India",
      "overs": [
        {
          "over": 0,
          "deliveries": [
            {
              "batter": "RG Sharma",
              "bowler": "MJ Henry",
              "non_striker": "S Dhawan",
              "runs": {
                "batter": 0,
                "extras": 0,
                "total": 0
              }
            },
            {
              "batter": "RG Sharma",
              "bowler": "MJ Henry",
              "non_striker": "S Dhawan",
              "runs": {
                "batter": 1,
                "extras": 0,
                "total": 1
              }
            },
            {
              "batter": "S Dhawan",
              "bowler": "MJ Henry",
              "non_striker": "RG Sharma",
              "runs": {
                "batter": 0,
                "extras": 0,
                "total": 0
              }
            },
            {
              "batter": "S Dhawan",
              "bowler": "MJ Henry",
              "non_striker": "RG Sharma",
              "runs": {
                "batter": 1,
                "extras": 0,
                "total": 1
              }
            },
            {
              "batter": "RG Sharma",
              "bowler": "MJ Henry",
              "non_striker": "S Dhawan",
              "runs": {
                "batter": 1,
                "extras": 0,
                "total": 1
              }
            },
            {
              "batter": "S Dhawan",
              "bowler": "MJ Henry",
              "non_striker": "RG Sharma",
              "runs": {
                "batter": 0,
                "extras": 0,
                "total": 0
              }
            }
          ]
        },
        {
          "over": 1,
          "deliveries": [
            {
              "batter": "RG Sharma",
              "bowler": "TA Boult",
              "non_striker": "S Dhawan",
              "runs": {
                "batter": 2,
                "extras": 0,
                "total": 2
              }
            },
            {
              "batter": "RG Sharma",
              "bowler": "TA Boult",
              "non_striker": "S Dhawan",
              "runs": {
                "batter": 0,
                "extras": 0,
                "total": 0
              }
            },
            {
              "batter": "RG Sharma",
              "bowler": "TA Boult",
              "non_striker": "S Dhawan",
              "runs": {
                "batter": 0,
                "extras": 0,
                "total": 0
              }
            },
            {
              "batter": "RG Sharma",
              "bowler": "TA Boult",
              "non_striker": "S Dhawan",
              "runs": {
                "batter": 0,
                "extras": 0,
                "total": 0
              }
            },
            {
              "batter": "RG Sharma",
              "bowler": "TA Boult",
              "non_striker": "S Dhawan",
              "runs": {
                "batter": 0,
                "extras": 0,
                "total": 0
              }
            },
            {
              "batter": "RG Sharma",
              "bowler": "TA Boult",
              "extras": {
                "wides": 1
              },
              "non_striker": "S Dhawan",
              "runs": {
                "batter": 0,
                "extras": 1,
                "total": 1
              }
            },
            {
              "batter": "RG Sharma",
              "bowler": "TA Boult",
              "non_striker": "S Dhawan",
              "runs": {
                "batter": 0,
                "extras": 0,
                "total": 0
              }
            }
          ]
        },
        {
          "over": 2,
          "deliveries": [
            {
              "batter": "S Dhawan",
              "bowler": "MJ Henry",
              "non_striker": "RG Sharma",
              "runs": {
                "batter": 4,
                "extras": 0,
                "total": 4
              }
            },
            {
              "batter": "S Dhawan",
              "bowler": "MJ Henry",
              "non_striker": "RG Sharma",
              "runs": {
                "batter": 0,
                "extras": 0,
                "total": 0
              }
            },
            {
              "batter": "S Dhawan",
              "bowler": "MJ Henry",
              "non_striker": "RG Sharma",
              "runs": {
                "batter": 6,
                "extras": 0,
                "total": 6
              }
            },
            {
              "batter": "S Dhawan",
              "bowler": "MJ Henry",
              "non_striker": "RG Sharma",
              "runs": {
                "batter": 0,
                "extras": 0,
                "total": 0
              }
            },
            {
              "batter": "S Dhawan",
              "bowler": "MJ Henry",
              "non_striker": "RG Sharma",
              "runs": {
                "batter": 1,
                "extras": 0,
                "total": 1
              }
            },
            {
              "batter": "RG Sharma",
              "bowler": "MJ Henry",
              "non_striker": "S Dhawan",
              "runs": {
                "batter": 0,
                "extras": 0,
                "total": 0
              }
            }
          ]
        },
        {
          "over": 3,
          "deliveries": [
            {
              "batter": "S Dhawan",
              "bowler": "TA Boult",
              "non_striker": "RG Sharma",
              "runs": {
                "batter": 0,
                "extras": 0,
                "total": 0
              }
            },
            {
              "batter": "S Dhawan",
              "bowler": "TA Boult",
              "non_striker": "RG Sharma",
              "runs": {
                "batter": 0,
                "extras": 0,
                "total": 0
              }
            },
            {
              "batter": "S Dhawan",
              "bowler": "TA Boult",
              "non_striker": "RG Sharma",
              "runs": {
                "batter": 0,
                "extras": 0,
                "total": 0
              }
            },
            {
              "batter": "S Dhawan",
              "bowler": "TA Boult",
              "non_striker": "RG Sharma",
              "runs": {
                "batter": 1,
                "extras": 0,
                "total": 1
              }
            },
            {
              "batter": "RG Sharma",
              "bowler": "TA Boult",
              "non_striker": "S Dhawan",
              "runs": {
                "batter": 0,
                "extras": 0,
                "total": 0
              }
            },
            {
              "batter": "RG Sharma",
              "bowler": "TA Boult",
              "non_striker": "S Dhawan",
              "runs": {
                "batter": 1,
                "extras": 0,
                "total": 1
              }
            }
          ]
        },
        {
          "over": 4,
          "deliveries": [
            {
              "batter": "RG Sharma",
              "bowler": "MJ Henry",
              "non_striker": "S Dhawan",
              "runs": {
                "batter": 0,
                "extras": 0,
                "total": 0
              }
            },
            {
              "batter": "RG Sharma",
              "bowler": "MJ Henry",
              "non_striker": "S Dhawan",
              "runs": {
                "batter": 1,
                "extras": 0,
                "total": 1
              }
            },
            {
              "batter": "S Dhawan",
              "bowler": "MJ Henry",
              "non_striker": "RG Sharma",
              "runs": {
                "batter": 0,
                "extras": 0,
                "total": 0
              }
            },
            {
              "batter": "S Dhawan",
              "bowler": "MJ Henry",
              "non_striker": "RG Sharma",
              "runs": {
                "batter": 0,
                "extras": 0,
                "total": 0
              }
            },
            {
              "batter": "S Dhawan",
              "bowler": "MJ Henry",
              "non_striker": "RG Sharma",
              "runs": {
                "batter": 0,
                "extras": 0,
                "total": 0
              }
            },
            {
              "batter": "S Dhawan",
              "bowler": "MJ Henry",
              "non_striker": "RG Sharma",
              "runs": {
                "batter": 0,
                "extras": 0,
                "total": 0
              }
            }
          ]
        },
        {
          "over": 5,
          "deliveries": [
            {
              "batter": "RG Sharma",
              "bowler": "TA Boult",
              "extras": {
                "legbyes": 1
              },
              "non_striker": "S Dhawan",
              "runs": {
                "batter": 0,
                "extras": 1,
                "total": 1
              }
            },
            {
              "batter": "S Dhawan",
              "bowler": "TA Boult",
              "non_striker": "RG Sharma",
              "runs": {
                "batter": 0,
                "extras": 0,
                "total": 0
              }
            },
            {
              "batter": "S Dhawan",
              "bowler": "TA Boult",
              "non_striker": "RG Sharma",
              "runs": {
                "batter": 0,
                "extras": 0,
                "total": 0
              }
            },
            {
              "batter": "S Dhawan",
              "bowler": "TA Boult",
              "non_striker": "RG Sharma",
              "runs": {
                "batter": 0,
                "extras": 0,
                "total": 0
              }
            },
            {
              "batter": "S Dhawan",
              "bowler": "TA Boult",
              "non_striker": "RG Sharma",
              "runs": {
                "batter": 0,
                "extras": 0,
                "total": 0
              },
              "wickets": [
                {
                  "kind": "lbw",
                  "player_out": "S Dhawan"
                }
              ]
            },
            {
              "batter": "Shubman Gill",
              "bowler": "TA Boult",
              "non_striker": "RG Sharma",
              "runs": {
                "batter": 0,
                "extras": 0,
                "total": 0
              }
            }
          ]
        },
        {
          "over": 6,
          "deliveries": [
            {
              "batter": "RG Sharma",
              "bowler": "MJ Henry",
              "non_striker": "Shubman Gill",
              "runs": {
                "batter": 0,
                "extras": 0,
                "total": 0
              }
            },
            {
              "batter": "RG Sharma",
              "bowler": "MJ Henry",
              "non_striker": "Shubman Gill",
              "runs": {
                "batter": 1,
                "extras": 0,
                "total": 1
              }
            },
            {
              "batter": "Shubman Gill",
              "bowler": "MJ Henry",
              "non_striker": "RG Sharma",
              "runs": {
                "batter": 0,
                "extras": 0,
                "total": 0
              }
            },
            {
              "batter": "Shubman Gill",
              "bowler": "MJ Henry",
              "non_striker": "RG Sharma",
              "runs": {
                "batter": 0,
                "extras": 0,
                "total": 0
              }
            },
            {
              "batter": "Shubman Gill",
              "bowler": "MJ Henry",
              "non_striker": "RG Sharma",
              "runs": {
                "batter": 0,
                "extras": 0,
                "total": 0
              }
            },
            {
              "batter": "Shubman Gill",
              "bowler": "MJ Henry",
              "non_striker": "RG Sharma",
              "runs": {
                "batter": 0,
                "extras": 0,
                "total": 0
              }
            }
          ]
        },
        {
          "over": 7,
          "deliveries": [
            {
              "batter": "RG Sharma",
              "bowler": "TA Boult",
              "non_striker": "Shubman Gill",
              "runs": {
                "batter": 0,
                "extras": 0,
                "total": 0
              }
            },
            {
              "batter": "RG Sharma",
              "bowler": "TA Boult",
              "extras": {
                "wides": 1
              },
              "non_striker": "Shubman Gill",
              "runs": {
                "batter": 0,
                "extras": 1,
                "total": 1
              }
            },
            {
              "batter": "RG Sharma",
              "bowler": "TA Boult",
              "non_striker": "Shubman Gill",
              "runs": {
                "batter": 0,
                "extras": 0,
                "total": 0
              }
            },
            {
              "batter": "RG Sharma",
              "bowler": "TA Boult",
              "non_striker": "Shubman Gill",
              "runs": {
                "batter": 0,
                "extras": 0,
                "total": 0
              }
            },
            {
              "batter": "RG Sharma",
              "bowler": "TA Boult",
              "non_striker": "Shubman Gill",
              "runs": {
                "batter": 0,
                "extras": 0,
                "total": 0
              }
            },
            {
              "batter": "RG Sharma",
              "bowler": "TA Boult",
              "non_striker": "Shubman Gill",
              "runs": {
                "batter": 0,
                "extras": 0,
                "total": 0
              }
            },
            {
              "batter": "RG Sharma",
              "bowler": "TA Boult",
              "non_striker": "Shubman Gill",
              "runs": {
                "batter": 0,
                "extras": 0,
                "total": 0
              },
              "wickets": [
                {
                  "kind": "caught and bowled",
                  "player_out": "RG Sharma"
                }
              ]
            }
          ]
        },
        {
          "over": 8,
          "deliveries": [
            {
              "batter": "Shubman Gill",
              "bowler": "MJ Henry",
              "non_striker": "AT Rayudu",
              "runs": {
                "batter": 0,
                "extras": 0,
                "total": 0
              }
            },
            {
              "batter": "Shubman Gill",
              "bowler": "MJ Henry",
              "non_striker": "AT Rayudu",
              "runs": {
                "batter": 4,
                "extras": 0,
                "total": 4
              }
            },
            {
              "batter": "Shubman Gill",
              "bowler": "MJ Henry",
              "non_striker": "AT Rayudu",
              "runs": {
                "batter": 2,
                "extras": 0,
                "total": 2
              }
            },
            {
              "batter": "Shubman Gill",
              "bowler": "MJ Henry",
              "non_striker": "AT Rayudu",
              "runs": {
                "batter": 1,
                "extras": 0,
                "total": 1
              }
            },
            {
              "batter": "AT Rayudu",
              "bowler": "MJ Henry",
              "non_striker": "Shubman Gill",
              "runs": {
                "batter": 0,
                "extras": 0,
                "total": 0
              }
            },
            {
              "batter": "AT Rayudu",
              "bowler": "MJ Henry",
              "non_striker": "Shubman Gill",
              "runs": {
                "batter": 0,
                "extras": 0,
                "total": 0
              }
            }
          ]
        },
        {
          "over": 9,
          "deliveries": [
            {
              "batter": "Shubman Gill",
              "bowler": "TA Boult",
              "non_striker": "AT Rayudu",
              "runs": {
                "batter": 0,
                "extras": 0,
                "total": 0
              }
            },
            {
              "batter": "Shubman Gill",
              "bowler": "TA Boult",
              "non_striker": "AT Rayudu",
              "runs": {
                "batter": 0,
                "extras": 0,
                "total": 0
              }
            },
            {
              "batter": "Shubman Gill",
              "bowler": "TA Boult",
              "non_striker": "AT Rayudu",
              "runs": {
                "batter": 0,
                "extras": 0,
                "total": 0
              }
            },
            {
              "batter": "Shubman Gill",
              "bowler": "TA Boult",
              "non_striker": "AT Rayudu",
              "runs": {
                "batter": 0,
                "extras": 0,
                "total": 0
              }
            },
            {
              "batter": "Shubman Gill",
              "bowler": "TA Boult",
              "non_striker": "AT Rayudu",
              "runs": {
                "batter": 2,
                "extras": 0,
                "total": 2
              }
            },
            {
              "batter": "Shubman Gill",
              "bowler": "TA Boult",
              "non_striker": "AT Rayudu",
              "runs": {
                "batter": 0,
                "extras": 0,
                "total": 0
              }
            }
          ]
        },
        {
          "over": 10,
          "deliveries": [
            {
              "batter": "AT Rayudu",
              "bowler": "C de Grandhomme",
              "extras": {
                "wides": 1
              },
              "non_striker": "Shubman Gill",
              "runs": {
                "batter": 0,
                "extras": 1,
                "total": 1
              }
            },
            {
              "batter": "AT Rayudu",
              "bowler": "C de Grandhomme",
              "non_striker": "Shubman Gill",
              "runs": {
                "batter": 0,
                "extras": 0,
                "total": 0
              }
            },
            {
              "batter": "AT Rayudu",
              "bowler": "C de Grandhomme",
              "non_striker": "Shubman Gill",
              "runs": {
                "batter": 0,
                "extras": 0,
                "total": 0
              },
              "wickets": [
                {
                  "kind": "caught",
                  "player_out": "AT Rayudu",
                  "fielders": [
                    {
                      "name": "MJ Guptill"
                    }
                  ]
                }
              ]
            },
            {
              "batter": "KD Karthik",
              "bowler": "C de Grandhomme",
              "non_striker": "Shubman Gill",
              "runs": {
                "batter": 0,
                "extras": 0,
                "total": 0
              }
            },
            {
              "batter": "KD Karthik",
              "bowler": "C de Grandhomme",
              "non_striker": "Shubman Gill",
              "runs": {
                "batter": 0,
                "extras": 0,
                "total": 0
              }
            },
            {
              "batter": "KD Karthik",
              "bowler": "C de Grandhomme",
              "non_striker": "Shubman Gill",
              "runs": {
                "batter": 0,
                "extras": 0,
                "total": 0
              },
              "wickets": [
                {
                  "kind": "caught",
                  "player_out": "KD Karthik",
                  "fielders": [
                    {
                      "name": "TWM Latham"
                    }
                  ]
                }
              ]
            },
            {
              "batter": "KM Jadhav",
              "bowler": "C de Grandhomme",
              "non_striker": "Shubman Gill",
              "runs": {
                "batter": 0,
                "extras": 0,
                "total": 0
              }
            }
          ]
        },
        {
          "over": 11,
          "deliveries": [
            {
              "batter": "Shubman Gill",
              "bowler": "TA Boult",
              "non_striker": "KM Jadhav",
              "runs": {
                "batter": 0,
                "extras": 0,
                "total": 0
              }
            },
            {
              "batter": "Shubman Gill",
              "bowler": "TA Boult",
              "non_striker": "KM Jadhav",
              "runs": {
                "batter": 0,
                "extras": 0,
                "total": 0
              }
            },
            {
              "batter": "Shubman Gill",
              "bowler": "TA Boult",
              "non_striker": "KM Jadhav",
              "runs": {
                "batter": 0,
                "extras": 0,
                "total": 0
              }
            },
            {
              "batter": "Shubman Gill",
              "bowler": "TA Boult",
              "non_striker": "KM Jadhav",
              "runs": {
                "batter": 0,
                "extras": 0,
                "total": 0
              }
            },
            {
              "batter": "Shubman Gill",
              "bowler": "TA Boult",
              "non_striker": "KM Jadhav",
              "runs": {
                "batter": 0,
                "extras": 0,
                "total": 0
              }
            },
            {
              "batter": "Shubman Gill",
              "bowler": "TA Boult",
              "non_striker": "KM Jadhav",
              "runs": {
                "batter": 0,
                "extras": 0,
                "total": 0
              },
              "wickets": [
                {
                  "kind": "caught and bowled",
                  "player_out": "Shubman Gill"
                }
              ]
            }
          ]
        },
        {
          "over": 12,
          "deliveries": [
            {
              "batter": "KM Jadhav",
              "bowler": "C de Grandhomme",
              "non_striker": "HH Pandya",
              "runs": {
                "batter": 0,
                "extras": 0,
                "total": 0
              }
            },
            {
              "batter": "KM Jadhav",
              "bowler": "C de Grandhomme",
              "non_striker": "HH Pandya",
              "runs": {
                "batter": 0,
                "extras": 0,
                "total": 0
              }
            },
            {
              "batter": "KM Jadhav",
              "bowler": "C de Grandhomme",
              "extras": {
                "wides": 1
              },
              "non_striker": "HH Pandya",
              "runs": {
                "batter": 0,
                "extras": 1,
                "total": 1
              }
            },
            {
              "batter": "KM Jadhav",
              "bowler": "C de Grandhomme",
              "non_striker": "HH Pandya",
              "runs": {
                "batter": 0,
                "extras": 0,
                "total": 0
              }
            },
            {
              "batter": "KM Jadhav",
              "bowler": "C de Grandhomme",
              "non_striker": "HH Pandya",
              "runs": {
                "batter": 0,
                "extras": 0,
                "total": 0
              }
            },
            {
              "batter": "KM Jadhav",
              "bowler": "C de Grandhomme",
              "non_striker": "HH Pandya",
              "runs": {
                "batter": 1,
                "extras": 0,
                "total": 1
              }
            },
            {
              "batter": "HH Pandya",
              "bowler": "C de Grandhomme",
              "non_striker": "KM Jadhav",
              "runs": {
                "batter": 0,
                "extras": 0,
                "total": 0
              }
            }
          ]
        },
        {
          "over": 13,
          "deliveries": [
            {
              "batter": "KM Jadhav",
              "bowler": "TA Boult",
              "non_striker": "HH Pandya",
              "review": {
                "by": "India",
                "umpire": "NJ Llong",
                "batter": "KM Jadhav",
                "decision": "struck down"
              },
              "runs": {
                "batter": 0,
                "extras": 0,
                "total": 0
              },
              "wickets": [
                {
                  "kind": "lbw",
                  "player_out": "KM Jadhav"
                }
              ]
            },
            {
              "batter": "B Kumar",
              "bowler": "TA Boult",
              "non_striker": "HH Pandya",
              "runs": {
                "batter": 0,
                "extras": 0,
                "total": 0
              }
            },
            {
              "batter": "B Kumar",
              "bowler": "TA Boult",
              "non_striker": "HH Pandya",
              "runs": {
                "batter": 0,
                "extras": 0,
                "total": 0
              }
            },
            {
              "batter": "B Kumar",
              "bowler": "TA Boult",
              "non_striker": "HH Pandya",
              "runs": {
                "batter": 0,
                "extras": 0,
                "total": 0
              }
            },
            {
              "batter": "B Kumar",
              "bowler": "TA Boult",
              "non_striker": "HH Pandya",
              "runs": {
                "batter": 0,
                "extras": 0,
                "total": 0
              }
            },
            {
              "batter": "B Kumar",
              "bowler": "TA Boult",
              "non_striker": "HH Pandya",
              "runs": {
                "batter": 0,
                "extras": 0,
                "total": 0
              }
            }
          ]
        },
        {
          "over": 14,
          "deliveries": [
            {
              "batter": "HH Pandya",
              "bowler": "C de Grandhomme",
              "non_striker": "B Kumar",
              "runs": {
                "batter": 4,
                "extras": 0,
                "total": 4
              }
            },
            {
              "batter": "HH Pandya",
              "bowler": "C de Grandhomme",
              "non_striker": "B Kumar",
              "runs": {
                "batter": 0,
                "extras": 0,
                "total": 0
              }
            },
            {
              "batter": "HH Pandya",
              "bowler": "C de Grandhomme",
              "non_striker": "B Kumar",
              "runs": {
                "batter": 0,
                "extras": 0,
                "total": 0
              }
            },
            {
              "batter": "HH Pandya",
              "bowler": "C de Grandhomme",
              "non_striker": "B Kumar",
              "runs": {
                "batter": 0,
                "extras": 0,
                "total": 0
              }
            },
            {
              "batter": "HH Pandya",
              "bowler": "C de Grandhomme",
              "non_striker": "B Kumar",
              "runs": {
                "batter": 0,
                "extras": 0,
                "total": 0
              }
            },
            {
              "batter": "HH Pandya",
              "bowler": "C de Grandhomme",
              "non_striker": "B Kumar",
              "runs": {
                "batter": 0,
                "extras": 0,
                "total": 0
              }
            }
          ]
        },
        {
          "over": 15,
          "deliveries": [
            {
              "batter": "B Kumar",
              "bowler": "TA Boult",
              "non_striker": "HH Pandya",
              "runs": {
                "batter": 0,
                "extras": 0,
                "total": 0
              }
            },
            {
              "batter": "B Kumar",
              "bowler": "TA Boult",
              "non_striker": "HH Pandya",
              "runs": {
                "batter": 0,
                "extras": 0,
                "total": 0
              }
            },
            {
              "batter": "B Kumar",
              "bowler": "TA Boult",
              "non_striker": "HH Pandya",
              "runs": {
                "batter": 1,
                "extras": 0,
                "total": 1
              }
            },
            {
              "batter": "HH Pandya",
              "bowler": "TA Boult",
              "non_striker": "B Kumar",
              "runs": {
                "batter": 0,
                "extras": 0,
                "total": 0
              }
            },
            {
              "batter": "HH Pandya",
              "bowler": "TA Boult",
              "non_striker": "B Kumar",
              "runs": {
                "batter": 0,
                "extras": 0,
                "total": 0
              }
            },
            {
              "batter": "HH Pandya",
              "bowler": "TA Boult",
              "non_striker": "B Kumar",
              "runs": {
                "batter": 0,
                "extras": 0,
                "total": 0
              }
            }
          ]
        },
        {
          "over": 16,
          "deliveries": [
            {
              "batter": "B Kumar",
              "bowler": "C de Grandhomme",
              "non_striker": "HH Pandya",
              "runs": {
                "batter": 0,
                "extras": 0,
                "total": 0
              }
            },
            {
              "batter": "B Kumar",
              "bowler": "C de Grandhomme",
              "non_striker": "HH Pandya",
              "runs": {
                "batter": 0,
                "extras": 0,
                "total": 0
              }
            },
            {
              "batter": "B Kumar",
              "bowler": "C de Grandhomme",
              "non_striker": "HH Pandya",
              "runs": {
                "batter": 0,
                "extras": 0,
                "total": 0
              }
            },
            {
              "batter": "B Kumar",
              "bowler": "C de Grandhomme",
              "non_striker": "HH Pandya",
              "runs": {
                "batter": 0,
                "extras": 0,
                "total": 0
              },
              "wickets": [
                {
                  "kind": "bowled",
                  "player_out": "B Kumar"
                }
              ]
            },
            {
              "batter": "Kuldeep Yadav",
              "bowler": "C de Grandhomme",
              "non_striker": "HH Pandya",
              "runs": {
                "batter": 0,
                "extras": 0,
                "total": 0
              }
            },
            {
              "batter": "Kuldeep Yadav",
              "bowler": "C de Grandhomme",
              "non_striker": "HH Pandya",
              "runs": {
                "batter": 0,
                "extras": 0,
                "total": 0
              }
            }
          ]
        },
        {
          "over": 17,
          "deliveries": [
            {
              "batter": "HH Pandya",
              "bowler": "TA Boult",
              "non_striker": "Kuldeep Yadav",
              "runs": {
                "batter": 4,
                "extras": 0,
                "total": 4
              }
            },
            {
              "batter": "HH Pandya",
              "bowler": "TA Boult",
              "non_striker": "Kuldeep Yadav",
              "runs": {
                "batter": 4,
                "extras": 0,
                "total": 4
              }
            },
            {
              "batter": "HH Pandya",
              "bowler": "TA Boult",
              "non_striker": "Kuldeep Yadav",
              "runs": {
                "batter": 0,
                "extras": 0,
                "total": 0
              }
            },
            {
              "batter": "HH Pandya",
              "bowler": "TA Boult",
              "non_striker": "Kuldeep Yadav",
              "runs": {
                "batter": 4,
                "extras": 0,
                "total": 4
              }
            },
            {
              "batter": "HH Pandya",
              "bowler": "TA Boult",
              "non_striker": "Kuldeep Yadav",
              "runs": {
                "batter": 0,
                "extras": 0,
                "total": 0
              }
            },
            {
              "batter": "HH Pandya",
              "bowler": "TA Boult",
              "non_striker": "Kuldeep Yadav",
              "runs": {
                "batter": 0,
                "extras": 0,
                "total": 0
              }
            }
          ]
        },
        {
          "over": 18,
          "deliveries": [
            {
              "batter": "Kuldeep Yadav",
              "bowler": "C de Grandhomme",
              "non_striker": "HH Pandya",
              "runs": {
                "batter": 0,
                "extras": 0,
                "total": 0
              }
            },
            {
              "batter": "Kuldeep Yadav",
              "bowler": "C de Grandhomme",
              "non_striker": "HH Pandya",
              "runs": {
                "batter": 2,
                "extras": 0,
                "total": 2
              }
            },
            {
              "batter": "Kuldeep Yadav",
              "bowler": "C de Grandhomme",
              "non_striker": "HH Pandya",
              "runs": {
                "batter": 0,
                "extras": 0,
                "total": 0
              }
            },
            {
              "batter": "Kuldeep Yadav",
              "bowler": "C de Grandhomme",
              "non_striker": "HH Pandya",
              "runs": {
                "batter": 0,
                "extras": 0,
                "total": 0
              }
            },
            {
              "batter": "Kuldeep Yadav",
              "bowler": "C de Grandhomme",
              "non_striker": "HH Pandya",
              "runs": {
                "batter": 0,
                "extras": 0,
                "total": 0
              }
            },
            {
              "batter": "Kuldeep Yadav",
              "bowler": "C de Grandhomme",
              "extras": {
                "wides": 1
              },
              "non_striker": "HH Pandya",
              "runs": {
                "batter": 0,
                "extras": 1,
                "total": 1
              }
            },
            {
              "batter": "Kuldeep Yadav",
              "bowler": "C de Grandhomme",
              "non_striker": "HH Pandya",
              "runs": {
                "batter": 0,
                "extras": 0,
                "total": 0
              }
            }
          ]
        },
        {
          "over": 19,
          "deliveries": [
            {
              "batter": "HH Pandya",
              "bowler": "TA Boult",
              "non_striker": "Kuldeep Yadav",
              "runs": {
                "batter": 0,
                "extras": 0,
                "total": 0
              }
            },
            {
              "batter": "HH Pandya",
              "bowler": "TA Boult",
              "non_striker": "Kuldeep Yadav",
              "runs": {
                "batter": 0,
                "extras": 0,
                "total": 0
              }
            },
            {
              "batter": "HH Pandya",
              "bowler": "TA Boult",
              "non_striker": "Kuldeep Yadav",
              "runs": {
                "batter": 0,
                "extras": 0,
                "total": 0
              }
            },
            {
              "batter": "HH Pandya",
              "bowler": "TA Boult",
              "non_striker": "Kuldeep Yadav",
              "runs": {
                "batter": 0,
                "extras": 0,
                "total": 0
              },
              "wickets": [
                {
                  "kind": "caught",
                  "player_out": "HH Pandya",
                  "fielders": [
                    {
                      "name": "TWM Latham"
                    }
                  ]
                }
              ]
            },
            {
              "batter": "YS Chahal",
              "bowler": "TA Boult",
              "non_striker": "Kuldeep Yadav",
              "runs": {
                "batter": 0,
                "extras": 0,
                "total": 0
              }
            },
            {
              "batter": "YS Chahal",
              "bowler": "TA Boult",
              "non_striker": "Kuldeep Yadav",
              "runs": {
                "batter": 0,
                "extras": 0,
                "total": 0
              }
            }
          ]
        },
        {
          "over": 20,
          "deliveries": [
            {
              "batter": "Kuldeep Yadav",
              "bowler": "C de Grandhomme",
              "non_striker": "YS Chahal",
              "runs": {
                "batter": 0,
                "extras": 0,
                "total": 0
              }
            },
            {
              "batter": "Kuldeep Yadav",
              "bowler": "C de Grandhomme",
              "non_striker": "YS Chahal",
              "runs": {
                "batter": 0,
                "extras": 0,
                "total": 0
              }
            },
            {
              "batter": "Kuldeep Yadav",
              "bowler": "C de Grandhomme",
              "non_striker": "YS Chahal",
              "runs": {
                "batter": 0,
                "extras": 0,
                "total": 0
              }
            },
            {
              "batter": "Kuldeep Yadav",
              "bowler": "C de Grandhomme",
              "non_striker": "YS Chahal",
              "runs": {
                "batter": 0,
                "extras": 0,
                "total": 0
              }
            },
            {
              "batter": "Kuldeep Yadav",
              "bowler": "C de Grandhomme",
              "non_striker": "YS Chahal",
              "runs": {
                "batter": 0,
                "extras": 0,
                "total": 0
              }
            },
            {
              "batter": "Kuldeep Yadav",
              "bowler": "C de Grandhomme",
              "non_striker": "YS Chahal",
              "runs": {
                "batter": 0,
                "extras": 0,
                "total": 0
              }
            }
          ]
        },
        {
          "over": 21,
          "deliveries": [
            {
              "batter": "YS Chahal",
              "bowler": "MJ Henry",
              "non_striker": "Kuldeep Yadav",
              "runs": {
                "batter": 0,
                "extras": 0,
                "total": 0
              }
            },
            {
              "batter": "YS Chahal",
              "bowler": "MJ Henry",
              "non_striker": "Kuldeep Yadav",
              "runs": {
                "batter": 0,
                "extras": 0,
                "total": 0
              }
            },
            {
              "batter": "YS Chahal",
              "bowler": "MJ Henry",
              "non_striker": "Kuldeep Yadav",
              "runs": {
                "batter": 0,
                "extras": 0,
                "total": 0
              }
            },
            {
              "batter": "YS Chahal",
              "bowler": "MJ Henry",
              "non_striker": "Kuldeep Yadav",
              "runs": {
                "batter": 0,
                "extras": 0,
                "total": 0
              }
            },
            {
              "batter": "YS Chahal",
              "bowler": "MJ Henry",
              "non_striker": "Kuldeep Yadav",
              "runs": {
                "batter": 0,
                "extras": 0,
                "total": 0
              }
            },
            {
              "batter": "YS Chahal",
              "bowler": "MJ Henry",
              "non_striker": "Kuldeep Yadav",
              "runs": {
                "batter": 0,
                "extras": 0,
                "total": 0
              }
            }
          ]
        },
        {
          "over": 22,
          "deliveries": [
            {
              "batter": "Kuldeep Yadav",
              "bowler": "C de Grandhomme",
              "non_striker": "YS Chahal",
              "runs": {
                "batter": 0,
                "extras": 0,
                "total": 0
              }
            },
            {
              "batter": "Kuldeep Yadav",
              "bowler": "C de Grandhomme",
              "non_striker": "YS Chahal",
              "runs": {
                "batter": 2,
                "extras": 0,
                "total": 2
              }
            },
            {
              "batter": "Kuldeep Yadav",
              "bowler": "C de Grandhomme",
              "non_striker": "YS Chahal",
              "runs": {
                "batter": 0,
                "extras": 0,
                "total": 0
              }
            },
            {
              "batter": "Kuldeep Yadav",
              "bowler": "C de Grandhomme",
              "non_striker": "YS Chahal",
              "runs": {
                "batter": 1,
                "extras": 0,
                "total": 1
              }
            },
            {
              "batter": "YS Chahal",
              "bowler": "C de Grandhomme",
              "non_striker": "Kuldeep Yadav",
              "runs": {
                "batter": 0,
                "extras": 0,
                "total": 0
              }
            },
            {
              "batter": "YS Chahal",
              "bowler": "C de Grandhomme",
              "non_striker": "Kuldeep Yadav",
              "runs": {
                "batter": 0,
                "extras": 0,
                "total": 0
              }
            }
          ]
        },
        {
          "over": 23,
          "deliveries": [
            {
              "batter": "Kuldeep Yadav",
              "bowler": "MJ Henry",
              "non_striker": "YS Chahal",
              "runs": {
                "batter": 1,
                "extras": 0,
                "total": 1
              }
            },
            {
              "batter": "YS Chahal",
              "bowler": "MJ Henry",
              "non_striker": "Kuldeep Yadav",
              "runs": {
                "batter": 0,
                "extras": 0,
                "total": 0
              }
            },
            {
              "batter": "YS Chahal",
              "bowler": "MJ Henry",
              "non_striker": "Kuldeep Yadav",
              "runs": {
                "batter": 1,
                "extras": 0,
                "total": 1
              }
            },
            {
              "batter": "Kuldeep Yadav",
              "bowler": "MJ Henry",
              "non_striker": "YS Chahal",
              "runs": {
                "batter": 1,
                "extras": 0,
                "total": 1
              }
            },
            {
              "batter": "YS Chahal",
              "bowler": "MJ Henry",
              "non_striker": "Kuldeep Yadav",
              "runs": {
                "batter": 4,
                "extras": 0,
                "total": 4
              }
            },
            {
              "batter": "YS Chahal",
              "bowler": "MJ Henry",
              "non_striker": "Kuldeep Yadav",
              "runs": {
                "batter": 0,
                "extras": 0,
                "total": 0
              }
            }
          ]
        },
        {
          "over": 24,
          "deliveries": [
            {
              "batter": "Kuldeep Yadav",
              "bowler": "C de Grandhomme",
              "non_striker": "YS Chahal",
              "runs": {
                "batter": 0,
                "extras": 0,
                "total": 0
              }
            },
            {
              "batter": "Kuldeep Yadav",
              "bowler": "C de Grandhomme",
              "non_striker": "YS Chahal",
              "runs": {
                "batter": 0,
                "extras": 0,
                "total": 0
              }
            },
            {
              "batter": "Kuldeep Yadav",
              "bowler": "C de Grandhomme",
              "non_striker": "YS Chahal",
              "runs": {
                "batter": 4,
                "extras": 0,
                "total": 4
              }
            },
            {
              "batter": "Kuldeep Yadav",
              "bowler": "C de Grandhomme",
              "non_striker": "YS Chahal",
              "runs": {
                "batter": 0,
                "extras": 0,
                "total": 0
              }
            },
            {
              "batter": "Kuldeep Yadav",
              "bowler": "C de Grandhomme",
              "non_striker": "YS Chahal",
              "runs": {
                "batter": 1,
                "extras": 0,
                "total": 1
              }
            },
            {
              "batter": "YS Chahal",
              "bowler": "C de Grandhomme",
              "non_striker": "Kuldeep Yadav",
              "runs": {
                "batter": 1,
                "extras": 0,
                "total": 1
              }
            }
          ]
        },
        {
          "over": 25,
          "deliveries": [
            {
              "batter": "YS Chahal",
              "bowler": "MJ Henry",
              "non_striker": "Kuldeep Yadav",
              "runs": {
                "batter": 0,
                "extras": 0,
                "total": 0
              }
            },
            {
              "batter": "YS Chahal",
              "bowler": "MJ Henry",
              "non_striker": "Kuldeep Yadav",
              "runs": {
                "batter": 0,
                "extras": 0,
                "total": 0
              }
            },
            {
              "batter": "YS Chahal",
              "bowler": "MJ Henry",
              "non_striker": "Kuldeep Yadav",
              "runs": {
                "batter": 0,
                "extras": 0,
                "total": 0
              }
            },
            {
              "batter": "YS Chahal",
              "bowler": "MJ Henry",
              "non_striker": "Kuldeep Yadav",
              "runs": {
                "batter": 0,
                "extras": 0,
                "total": 0
              }
            },
            {
              "batter": "YS Chahal",
              "bowler": "MJ Henry",
              "non_striker": "Kuldeep Yadav",
              "runs": {
                "batter": 0,
                "extras": 0,
                "total": 0
              }
            },
            {
              "batter": "YS Chahal",
              "bowler": "MJ Henry",
              "non_striker": "Kuldeep Yadav",
              "runs": {
                "batter": 0,
                "extras": 0,
                "total": 0
              }
            }
          ]
        },
        {
          "over": 26,
          "deliveries": [
            {
              "batter": "Kuldeep Yadav",
              "bowler": "C de Grandhomme",
              "non_striker": "YS Chahal",
              "runs": {
                "batter": 0,
                "extras": 0,
                "total": 0
              }
            },
            {
              "batter": "Kuldeep Yadav",
              "bowler": "C de Grandhomme",
              "non_striker": "YS Chahal",
              "runs": {
                "batter": 0,
                "extras": 0,
                "total": 0
              }
            },
            {
              "batter": "Kuldeep Yadav",
              "bowler": "C de Grandhomme",
              "non_striker": "YS Chahal",
              "runs": {
                "batter": 1,
                "extras": 0,
                "total": 1
              }
            },
            {
              "batter": "YS Chahal",
              "bowler": "C de Grandhomme",
              "non_striker": "Kuldeep Yadav",
              "runs": {
                "batter": 0,
                "extras": 0,
                "total": 0
              }
            },
            {
              "batter": "YS Chahal",
              "bowler": "C de Grandhomme",
              "non_striker": "Kuldeep Yadav",
              "runs": {
                "batter": 0,
                "extras": 0,
                "total": 0
              }
            },
            {
              "batter": "YS Chahal",
              "bowler": "C de Grandhomme",
              "non_striker": "Kuldeep Yadav",
              "runs": {
                "batter": 4,
                "extras": 0,
                "total": 4
              }
            }
          ]
        },
        {
          "over": 27,
          "deliveries": [
            {
              "batter": "Kuldeep Yadav",
              "bowler": "TD Astle",
              "non_striker": "YS Chahal",
              "runs": {
                "batter": 0,
                "extras": 0,
                "total": 0
              }
            },
            {
              "batter": "Kuldeep Yadav",
              "bowler": "TD Astle",
              "non_striker": "YS Chahal",
              "runs": {
                "batter": 1,
                "extras": 0,
                "total": 1
              }
            },
            {
              "batter": "YS Chahal",
              "bowler": "TD Astle",
              "non_striker": "Kuldeep Yadav",
              "runs": {
                "batter": 0,
                "extras": 0,
                "total": 0
              }
            },
            {
              "batter": "YS Chahal",
              "bowler": "TD Astle",
              "non_striker": "Kuldeep Yadav",
              "runs": {
                "batter": 0,
                "extras": 0,
                "total": 0
              }
            },
            {
              "batter": "YS Chahal",
              "bowler": "TD Astle",
              "non_striker": "Kuldeep Yadav",
              "runs": {
                "batter": 1,
                "extras": 0,
                "total": 1
              }
            },
            {
              "batter": "Kuldeep Yadav",
              "bowler": "TD Astle",
              "non_striker": "YS Chahal",
              "runs": {
                "batter": 0,
                "extras": 0,
                "total": 0
              }
            }
          ]
        },
        {
          "over": 28,
          "deliveries": [
            {
              "batter": "YS Chahal",
              "bowler": "C de Grandhomme",
              "non_striker": "Kuldeep Yadav",
              "runs": {
                "batter": 0,
                "extras": 0,
                "total": 0
              }
            },
            {
              "batter": "YS Chahal",
              "bowler": "C de Grandhomme",
              "non_striker": "Kuldeep Yadav",
              "runs": {
                "batter": 1,
                "extras": 0,
                "total": 1
              }
            },
            {
              "batter": "Kuldeep Yadav",
              "bowler": "C de Grandhomme",
              "non_striker": "YS Chahal",
              "runs": {
                "batter": 1,
                "extras": 0,
                "total": 1
              }
            },
            {
              "batter": "YS Chahal",
              "bowler": "C de Grandhomme",
              "non_striker": "Kuldeep Yadav",
              "runs": {
                "batter": 0,
                "extras": 0,
                "total": 0
              }
            },
            {
              "batter": "YS Chahal",
              "bowler": "C de Grandhomme",
              "non_striker": "Kuldeep Yadav",
              "runs": {
                "batter": 0,
                "extras": 0,
                "total": 0
              }
            },
            {
              "batter": "YS Chahal",
              "bowler": "C de Grandhomme",
              "non_striker": "Kuldeep Yadav",
              "runs": {
                "batter": 0,
                "extras": 0,
                "total": 0
              }
            }
          ]
        },
        {
          "over": 29,
          "deliveries": [
            {
              "batter": "Kuldeep Yadav",
              "bowler": "TD Astle",
              "non_striker": "YS Chahal",
              "runs": {
                "batter": 0,
                "extras": 0,
                "total": 0
              },
              "wickets": [
                {
                  "kind": "caught",
                  "player_out": "Kuldeep Yadav",
                  "fielders": [
                    {
                      "name": "C de Grandhomme"
                    }
                  ]
                }
              ]
            },
            {
              "batter": "KK Ahmed",
              "bowler": "TD Astle",
              "non_striker": "YS Chahal",
              "runs": {
                "batter": 0,
                "extras": 0,
                "total": 0
              }
            },
            {
              "batter": "KK Ahmed",
              "bowler": "TD Astle",
              "extras": {
                "wides": 1
              },
              "non_striker": "YS Chahal",
              "runs": {
                "batter": 0,
                "extras": 1,
                "total": 1
              }
            },
            {
              "batter": "KK Ahmed",
              "bowler": "TD Astle",
              "non_striker": "YS Chahal",
              "runs": {
                "batter": 1,
                "extras": 0,
                "total": 1
              }
            },
            {
              "batter": "YS Chahal",
              "bowler": "TD Astle",
              "non_striker": "KK Ahmed",
              "runs": {
                "batter": 4,
                "extras": 0,
                "total": 4
              }
            },
            {
              "batter": "YS Chahal",
              "bowler": "TD Astle",
              "non_striker": "KK Ahmed",
              "runs": {
                "batter": 0,
                "extras": 0,
                "total": 0
              }
            },
            {
              "batter": "YS Chahal",
              "bowler": "TD Astle",
              "non_striker": "KK Ahmed",
              "runs": {
                "batter": 1,
                "extras": 0,
                "total": 1
              }
            }
          ]
        },
        {
          "over": 30,
          "deliveries": [
            {
              "batter": "YS Chahal",
              "bowler": "JDS Neesham",
              "non_striker": "KK Ahmed",
              "runs": {
                "batter": 0,
                "extras": 0,
                "total": 0
              }
            },
            {
              "batter": "YS Chahal",
              "bowler": "JDS Neesham",
              "non_striker": "KK Ahmed",
              "runs": {
                "batter": 1,
                "extras": 0,
                "total": 1
              }
            },
            {
              "batter": "KK Ahmed",
              "bowler": "JDS Neesham",
              "non_striker": "YS Chahal",
              "runs": {
                "batter": 0,
                "extras": 0,
                "total": 0
              }
            },
            {
              "batter": "KK Ahmed",
              "bowler": "JDS Neesham",
              "non_striker": "YS Chahal",
              "runs": {
                "batter": 4,
                "extras": 0,
                "total": 4
              }
            },
            {
              "batter": "KK Ahmed",
              "bowler": "JDS Neesham",
              "non_striker": "YS Chahal",
              "runs": {
                "batter": 0,
                "extras": 0,
                "total": 0
              },
              "wickets": [
                {
                  "kind": "bowled",
                  "player_out": "KK Ahmed"
                }
              ]
            }
          ]
        }
      ],
      "powerplays": [
        {
          "from": 0.1,
          "to": 9.6,
          "type": "mandatory"
        },
        {
          "from": 10.1,
          "to": 30.5,
          "type": "mandatory"
        }
      ]
    },
    {
      "team": "New Zealand",
      "overs": [
        {
          "over": 0,
          "deliveries": [
            {
              "batter": "MJ Guptill",
              "bowler": "B Kumar",
              "non_striker": "HM Nicholls",
              "runs": {
                "batter": 6,
                "extras": 0,
                "total": 6
              }
            },
            {
              "batter": "MJ Guptill",
              "bowler": "B Kumar",
              "non_striker": "HM Nicholls",
              "runs": {
                "batter": 4,
                "extras": 0,
                "total": 4
              }
            },
            {
              "batter": "MJ Guptill",
              "bowler": "B Kumar",
              "non_striker": "HM Nicholls",
              "runs": {
                "batter": 4,
                "extras": 0,
                "total": 4
              }
            },
            {
              "batter": "MJ Guptill",
              "bowler": "B Kumar",
              "non_striker": "HM Nicholls",
              "runs": {
                "batter": 0,
                "extras": 0,
                "total": 0
              },
              "wickets": [
                {
                  "kind": "caught",
                  "player_out": "MJ Guptill",
                  "fielders": [
                    {
                      "name": "HH Pandya"
                    }
                  ]
                }
              ]
            },
            {
              "batter": "KS Williamson",
              "bowler": "B Kumar",
              "non_striker": "HM Nicholls",
              "runs": {
                "batter": 0,
                "extras": 0,
                "total": 0
              }
            },
            {
              "batter": "KS Williamson",
              "bowler": "B Kumar",
              "non_striker": "HM Nicholls",
              "runs": {
                "batter": 0,
                "extras": 0,
                "total": 0
              }
            }
          ]
        },
        {
          "over": 1,
          "deliveries": [
            {
              "batter": "HM Nicholls",
              "bowler": "KK Ahmed",
              "non_striker": "KS Williamson",
              "runs": {
                "batter": 0,
                "extras": 0,
                "total": 0
              }
            },
            {
              "batter": "HM Nicholls",
              "bowler": "KK Ahmed",
              "non_striker": "KS Williamson",
              "runs": {
                "batter": 4,
                "extras": 0,
                "total": 4
              }
            },
            {
              "batter": "HM Nicholls",
              "bowler": "KK Ahmed",
              "non_striker": "KS Williamson",
              "runs": {
                "batter": 0,
                "extras": 0,
                "total": 0
              }
            },
            {
              "batter": "HM Nicholls",
              "bowler": "KK Ahmed",
              "non_striker": "KS Williamson",
              "runs": {
                "batter": 0,
                "extras": 0,
                "total": 0
              }
            },
            {
              "batter": "HM Nicholls",
              "bowler": "KK Ahmed",
              "extras": {
                "noballs": 1
              },
              "non_striker": "KS Williamson",
              "runs": {
                "batter": 0,
                "extras": 1,
                "total": 1
              }
            },
            {
              "batter": "HM Nicholls",
              "bowler": "KK Ahmed",
              "non_striker": "KS Williamson",
              "runs": {
                "batter": 4,
                "extras": 0,
                "total": 4
              }
            },
            {
              "batter": "HM Nicholls",
              "bowler": "KK Ahmed",
              "non_striker": "KS Williamson",
              "runs": {
                "batter": 0,
                "extras": 0,
                "total": 0
              }
            }
          ]
        },
        {
          "over": 2,
          "deliveries": [
            {
              "batter": "KS Williamson",
              "bowler": "B Kumar",
              "non_striker": "HM Nicholls",
              "runs": {
                "batter": 0,
                "extras": 0,
                "total": 0
              }
            },
            {
              "batter": "KS Williamson",
              "bowler": "B Kumar",
              "non_striker": "HM Nicholls",
              "runs": {
                "batter": 2,
                "extras": 0,
                "total": 2
              }
            },
            {
              "batter": "KS Williamson",
              "bowler": "B Kumar",
              "non_striker": "HM Nicholls",
              "runs": {
                "batter": 0,
                "extras": 0,
                "total": 0
              }
            },
            {
              "batter": "KS Williamson",
              "bowler": "B Kumar",
              "non_striker": "HM Nicholls",
              "runs": {
                "batter": 0,
                "extras": 0,
                "total": 0
              }
            },
            {
              "batter": "KS Williamson",
              "bowler": "B Kumar",
              "non_striker": "HM Nicholls",
              "runs": {
                "batter": 0,
                "extras": 0,
                "total": 0
              }
            },
            {
              "batter": "KS Williamson",
              "bowler": "B Kumar",
              "non_striker": "HM Nicholls",
              "runs": {
                "batter": 0,
                "extras": 0,
                "total": 0
              }
            }
          ]
        },
        {
          "over": 3,
          "deliveries": [
            {
              "batter": "HM Nicholls",
              "bowler": "KK Ahmed",
              "non_striker": "KS Williamson",
              "runs": {
                "batter": 0,
                "extras": 0,
                "total": 0
              }
            },
            {
              "batter": "HM Nicholls",
              "bowler": "KK Ahmed",
              "non_striker": "KS Williamson",
              "runs": {
                "batter": 1,
                "extras": 0,
                "total": 1
              }
            },
            {
              "batter": "KS Williamson",
              "bowler": "KK Ahmed",
              "non_striker": "HM Nicholls",
              "runs": {
                "batter": 4,
                "extras": 0,
                "total": 4
              }
            },
            {
              "batter": "KS Williamson",
              "bowler": "KK Ahmed",
              "non_striker": "HM Nicholls",
              "runs": {
                "batter": 1,
                "extras": 0,
                "total": 1
              }
            },
            {
              "batter": "HM Nicholls",
              "bowler": "KK Ahmed",
              "non_striker": "KS Williamson",
              "runs": {
                "batter": 0,
                "extras": 0,
                "total": 0
              }
            },
            {
              "batter": "HM Nicholls",
              "bowler": "KK Ahmed",
              "non_striker": "KS Williamson",
              "runs": {
                "batter": 0,
                "extras": 0,
                "total": 0
              }
            }
          ]
        },
        {
          "over": 4,
          "deliveries": [
            {
              "batter": "KS Williamson",
              "bowler": "B Kumar",
              "non_striker": "HM Nicholls",
              "runs": {
                "batter": 0,
                "extras": 0,
                "total": 0
              }
            },
            {
              "batter": "KS Williamson",
              "bowler": "B Kumar",
              "non_striker": "HM Nicholls",
              "runs": {
                "batter": 0,
                "extras": 0,
                "total": 0
              }
            },
            {
              "batter": "KS Williamson",
              "bowler": "B Kumar",
              "non_striker": "HM Nicholls",
              "runs": {
                "batter": 0,
                "extras": 0,
                "total": 0
              }
            },
            {
              "batter": "KS Williamson",
              "bowler": "B Kumar",
              "non_striker": "HM Nicholls",
              "runs": {
                "batter": 0,
                "extras": 0,
                "total": 0
              }
            },
            {
              "batter": "KS Williamson",
              "bowler": "B Kumar",
              "non_striker": "HM Nicholls",
              "runs": {
                "batter": 4,
                "extras": 0,
                "total": 4
              }
            },
            {
              "batter": "KS Williamson",
              "bowler": "B Kumar",
              "non_striker": "HM Nicholls",
              "runs": {
                "batter": 0,
                "extras": 0,
                "total": 0
              }
            }
          ]
        },
        {
          "over": 5,
          "deliveries": [
            {
              "batter": "HM Nicholls",
              "bowler": "KK Ahmed",
              "non_striker": "KS Williamson",
              "runs": {
                "batter": 0,
                "extras": 0,
                "total": 0
              }
            },
            {
              "batter": "HM Nicholls",
              "bowler": "KK Ahmed",
              "non_striker": "KS Williamson",
              "runs": {
                "batter": 4,
                "extras": 0,
                "total": 4
              }
            },
            {
              "batter": "HM Nicholls",
              "bowler": "KK Ahmed",
              "non_striker": "KS Williamson",
              "runs": {
                "batter": 0,
                "extras": 0,
                "total": 0
              }
            },
            {
              "batter": "HM Nicholls",
              "bowler": "KK Ahmed",
              "non_striker": "KS Williamson",
              "runs": {
                "batter": 0,
                "extras": 0,
                "total": 0
              }
            },
            {
              "batter": "HM Nicholls",
              "bowler": "KK Ahmed",
              "non_striker": "KS Williamson",
              "runs": {
                "batter": 0,
                "extras": 0,
                "total": 0
              }
            },
            {
              "batter": "HM Nicholls",
              "bowler": "KK Ahmed",
              "non_striker": "KS Williamson",
              "runs": {
                "batter": 0,
                "extras": 0,
                "total": 0
              }
            }
          ]
        },
        {
          "over": 6,
          "deliveries": [
            {
              "batter": "KS Williamson",
              "bowler": "B Kumar",
              "non_striker": "HM Nicholls",
              "runs": {
                "batter": 0,
                "extras": 0,
                "total": 0
              }
            },
            {
              "batter": "KS Williamson",
              "bowler": "B Kumar",
              "non_striker": "HM Nicholls",
              "runs": {
                "batter": 0,
                "extras": 0,
                "total": 0
              },
              "wickets": [
                {
                  "kind": "caught",
                  "player_out": "KS Williamson",
                  "fielders": [
                    {
                      "name": "KD Karthik"
                    }
                  ]
                }
              ]
            },
            {
              "batter": "LRPL Taylor",
              "bowler": "B Kumar",
              "non_striker": "HM Nicholls",
              "runs": {
                "batter": 0,
                "extras": 0,
                "total": 0
              }
            },
            {
              "batter": "LRPL Taylor",
              "bowler": "B Kumar",
              "non_striker": "HM Nicholls",
              "runs": {
                "batter": 0,
                "extras": 0,
                "total": 0
              }
            },
            {
              "batter": "LRPL Taylor",
              "bowler": "B Kumar",
              "non_striker": "HM Nicholls",
              "runs": {
                "batter": 0,
                "extras": 0,
                "total": 0
              }
            },
            {
              "batter": "LRPL Taylor",
              "bowler": "B Kumar",
              "non_striker": "HM Nicholls",
              "runs": {
                "batter": 0,
                "extras": 0,
                "total": 0
              }
            }
          ]
        },
        {
          "over": 7,
          "deliveries": [
            {
              "batter": "HM Nicholls",
              "bowler": "HH Pandya",
              "non_striker": "LRPL Taylor",
              "runs": {
                "batter": 0,
                "extras": 0,
                "total": 0
              }
            },
            {
              "batter": "HM Nicholls",
              "bowler": "HH Pandya",
              "non_striker": "LRPL Taylor",
              "runs": {
                "batter": 0,
                "extras": 0,
                "total": 0
              }
            },
            {
              "batter": "HM Nicholls",
              "bowler": "HH Pandya",
              "non_striker": "LRPL Taylor",
              "runs": {
                "batter": 0,
                "extras": 0,
                "total": 0
              }
            },
            {
              "batter": "HM Nicholls",
              "bowler": "HH Pandya",
              "non_striker": "LRPL Taylor",
              "runs": {
                "batter": 6,
                "extras": 0,
                "total": 6
              }
            },
            {
              "batter": "HM Nicholls",
              "bowler": "HH Pandya",
              "non_striker": "LRPL Taylor",
              "runs": {
                "batter": 0,
                "extras": 0,
                "total": 0
              }
            },
            {
              "batter": "HM Nicholls",
              "bowler": "HH Pandya",
              "non_striker": "LRPL Taylor",
              "runs": {
                "batter": 0,
                "extras": 0,
                "total": 0
              }
            }
          ]
        },
        {
          "over": 8,
          "deliveries": [
            {
              "batter": "LRPL Taylor",
              "bowler": "B Kumar",
              "non_striker": "HM Nicholls",
              "runs": {
                "batter": 0,
                "extras": 0,
                "total": 0
              }
            },
            {
              "batter": "LRPL Taylor",
              "bowler": "B Kumar",
              "non_striker": "HM Nicholls",
              "runs": {
                "batter": 2,
                "extras": 0,
                "total": 2
              }
            },
            {
              "batter": "LRPL Taylor",
              "bowler": "B Kumar",
              "non_striker": "HM Nicholls",
              "runs": {
                "batter": 2,
                "extras": 0,
                "total": 2
              }
            },
            {
              "batter": "LRPL Taylor",
              "bowler": "B Kumar",
              "non_striker": "HM Nicholls",
              "runs": {
                "batter": 1,
                "extras": 0,
                "total": 1
              }
            },
            {
              "batter": "HM Nicholls",
              "bowler": "B Kumar",
              "non_striker": "LRPL Taylor",
              "runs": {
                "batter": 0,
                "extras": 0,
                "total": 0
              }
            },
            {
              "batter": "HM Nicholls",
              "bowler": "B Kumar",
              "non_striker": "LRPL Taylor",
              "runs": {
                "batter": 0,
                "extras": 0,
                "total": 0
              }
            }
          ]
        },
        {
          "over": 9,
          "deliveries": [
            {
              "batter": "LRPL Taylor",
              "bowler": "HH Pandya",
              "non_striker": "HM Nicholls",
              "runs": {
                "batter": 1,
                "extras": 0,
                "total": 1
              }
            },
            {
              "batter": "HM Nicholls",
              "bowler": "HH Pandya",
              "non_striker": "LRPL Taylor",
              "runs": {
                "batter": 0,
                "extras": 0,
                "total": 0
              }
            },
            {
              "batter": "HM Nicholls",
              "bowler": "HH Pandya",
              "non_striker": "LRPL Taylor",
              "runs": {
                "batter": 0,
                "extras": 0,
                "total": 0
              }
            },
            {
              "batter": "HM Nicholls",
              "bowler": "HH Pandya",
              "non_striker": "LRPL Taylor",
              "runs": {
                "batter": 0,
                "extras": 0,
                "total": 0
              }
            },
            {
              "batter": "HM Nicholls",
              "bowler": "HH Pandya",
              "non_striker": "LRPL Taylor",
              "runs": {
                "batter": 0,
                "extras": 0,
                "total": 0
              }
            },
            {
              "batter": "HM Nicholls",
              "bowler": "HH Pandya",
              "non_striker": "LRPL Taylor",
              "runs": {
                "batter": 0,
                "extras": 0,
                "total": 0
              }
            }
          ]
        },
        {
          "over": 10,
          "deliveries": [
            {
              "batter": "LRPL Taylor",
              "bowler": "YS Chahal",
              "non_striker": "HM Nicholls",
              "runs": {
                "batter": 4,
                "extras": 0,
                "total": 4
              }
            },
            {
              "batter": "LRPL Taylor",
              "bowler": "YS Chahal",
              "non_striker": "HM Nicholls",
              "runs": {
                "batter": 0,
                "extras": 0,
                "total": 0
              }
            },
            {
              "batter": "LRPL Taylor",
              "bowler": "YS Chahal",
              "non_striker": "HM Nicholls",
              "runs": {
                "batter": 0,
                "extras": 0,
                "total": 0
              }
            },
            {
              "batter": "LRPL Taylor",
              "bowler": "YS Chahal",
              "non_striker": "HM Nicholls",
              "runs": {
                "batter": 0,
                "extras": 0,
                "total": 0
              }
            },
            {
              "batter": "LRPL Taylor",
              "bowler": "YS Chahal",
              "non_striker": "HM Nicholls",
              "runs": {
                "batter": 0,
                "extras": 0,
                "total": 0
              }
            },
            {
              "batter": "LRPL Taylor",
              "bowler": "YS Chahal",
              "non_striker": "HM Nicholls",
              "runs": {
                "batter": 1,
                "extras": 0,
                "total": 1
              }
            }
          ]
        },
        {
          "over": 11,
          "deliveries": [
            {
              "batter": "LRPL Taylor",
              "bowler": "HH Pandya",
              "non_striker": "HM Nicholls",
              "runs": {
                "batter": 1,
                "extras": 0,
                "total": 1
              }
            },
            {
              "batter": "HM Nicholls",
              "bowler": "HH Pandya",
              "non_striker": "LRPL Taylor",
              "runs": {
                "batter": 0,
                "extras": 0,
                "total": 0
              }
            },
            {
              "batter": "HM Nicholls",
              "bowler": "HH Pandya",
              "non_striker": "LRPL Taylor",
              "runs": {
                "batter": 2,
                "extras": 0,
                "total": 2
              }
            },
            {
              "batter": "HM Nicholls",
              "bowler": "HH Pandya",
              "non_striker": "LRPL Taylor",
              "runs": {
                "batter": 0,
                "extras": 0,
                "total": 0
              }
            },
            {
              "batter": "HM Nicholls",
              "bowler": "HH Pandya",
              "non_striker": "LRPL Taylor",
              "runs": {
                "batter": 4,
                "extras": 0,
                "total": 4
              }
            },
            {
              "batter": "HM Nicholls",
              "bowler": "HH Pandya",
              "non_striker": "LRPL Taylor",
              "runs": {
                "batter": 1,
                "extras": 0,
                "total": 1
              }
            }
          ]
        },
        {
          "over": 12,
          "deliveries": [
            {
              "batter": "HM Nicholls",
              "bowler": "YS Chahal",
              "non_striker": "LRPL Taylor",
              "runs": {
                "batter": 1,
                "extras": 0,
                "total": 1
              }
            },
            {
              "batter": "LRPL Taylor",
              "bowler": "YS Chahal",
              "non_striker": "HM Nicholls",
              "runs": {
                "batter": 1,
                "extras": 0,
                "total": 1
              }
            },
            {
              "batter": "HM Nicholls",
              "bowler": "YS Chahal",
              "non_striker": "LRPL Taylor",
              "runs": {
                "batter": 1,
                "extras": 0,
                "total": 1
              }
            },
            {
              "batter": "LRPL Taylor",
              "bowler": "YS Chahal",
              "non_striker": "HM Nicholls",
              "runs": {
                "batter": 0,
                "extras": 0,
                "total": 0
              }
            },
            {
              "batter": "LRPL Taylor",
              "bowler": "YS Chahal",
              "non_striker": "HM Nicholls",
              "runs": {
                "batter": 6,
                "extras": 0,
                "total": 6
              }
            },
            {
              "batter": "LRPL Taylor",
              "bowler": "YS Chahal",
              "non_striker": "HM Nicholls",
              "runs": {
                "batter": 6,
                "extras": 0,
                "total": 6
              }
            }
          ]
        },
        {
          "over": 13,
          "deliveries": [
            {
              "batter": "HM Nicholls",
              "bowler": "Kuldeep Yadav",
              "non_striker": "LRPL Taylor",
              "runs": {
                "batter": 0,
                "extras": 0,
                "total": 0
              }
            },
            {
              "batter": "HM Nicholls",
              "bowler": "Kuldeep Yadav",
              "non_striker": "LRPL Taylor",
              "runs": {
                "batter": 0,
                "extras": 0,
                "total": 0
              }
            },
            {
              "batter": "HM Nicholls",
              "bowler": "Kuldeep Yadav",
              "non_striker": "LRPL Taylor",
              "runs": {
                "batter": 1,
                "extras": 0,
                "total": 1
              }
            },
            {
              "batter": "LRPL Taylor",
              "bowler": "Kuldeep Yadav",
              "non_striker": "HM Nicholls",
              "runs": {
                "batter": 0,
                "extras": 0,
                "total": 0
              }
            },
            {
              "batter": "LRPL Taylor",
              "bowler": "Kuldeep Yadav",
              "non_striker": "HM Nicholls",
              "runs": {
                "batter": 1,
                "extras": 0,
                "total": 1
              }
            },
            {
              "batter": "HM Nicholls",
              "bowler": "Kuldeep Yadav",
              "non_striker": "LRPL Taylor",
              "runs": {
                "batter": 0,
                "extras": 0,
                "total": 0
              }
            }
          ]
        },
        {
          "over": 14,
          "deliveries": [
            {
              "batter": "LRPL Taylor",
              "bowler": "YS Chahal",
              "non_striker": "HM Nicholls",
              "runs": {
                "batter": 1,
                "extras": 0,
                "total": 1
              }
            },
            {
              "batter": "HM Nicholls",
              "bowler": "YS Chahal",
              "non_striker": "LRPL Taylor",
              "runs": {
                "batter": 1,
                "extras": 0,
                "total": 1
              }
            },
            {
              "batter": "LRPL Taylor",
              "bowler": "YS Chahal",
              "non_striker": "HM Nicholls",
              "runs": {
                "batter": 6,
                "extras": 0,
                "total": 6
              }
            },
            {
              "batter": "LRPL Taylor",
              "bowler": "YS Chahal",
              "non_striker": "HM Nicholls",
              "runs": {
                "batter": 4,
                "extras": 0,
                "total": 4
              }
            }
          ]
        }
      ],
      "powerplays": [
        {
          "from": 0.1,
          "to": 9.6,
          "type": "mandatory"
        },
        {
          "from": 10.1,
          "to": 14.4,
          "type": "mandatory"
        }
      ],
      "target": {
        "overs": 50,
        "runs": 93
      }
    }
  ]
}