{
  "meta": {
    "data_version": "1.0.0",
    "created": "2020-02-17",
    "revision": 1
  },
  "info": {
    "balls_per_over": 6,
    "city": "Kirtipur",
    "dates": [
      "2020-02-12"
    ],
    "event": {
      "name": "ICC Men's Cricket World Cup League 2",
      "match_number": 30
    },
    "gender": "male",
    "match_type": "ODI",
    "match_type_number": 4245,
    "officials": {
      "match_referees": [
        "Neeyamur Rashid"
      ],
      "reserve_umpires": [
        "BB Pradhan"
      ],
      "umpires": [
        "C Shamshuddin",
        "DN Subedi"
      ]
    },
    "outcome": {
      "winner": "Nepal",
      "by": {
        "wickets": 8
      }
    },
    "overs": 50,
    "player_of_match": [
      "S Lamichhane"
    ],
    "players": {
      "United States of America": [
        "XM Marshall",
        "IG Holland",
        "MD Patel",
        "Aaron Jones",
        "NK Patel",
        "Akshay Homraj",
        "TK Patel",
        "CAH Stevenson",
        "J Theron",
        "SN Netravalkar",
        "NP Kenjige"
      ],
      "Nepal": [
        "G Malla",
        "SP Khakurel",
        "P Khadka",
        "DS Airee",
        "Aarif Sheikh",
        "Kushal Malla",
        "B Bhandari",
        "Karan KC",
        "S Lamichhane",
        "LN Rajbanshi",
        "S Bhari"
      ]
    },
    "registry": {
      "people": {
        "Aarif Sheikh": "cd4d7695",
        "Aaron Jones": "17aa4f1d",
        "Akshay Homraj": "1edf29b9",
        "B Bhandari": "82342b13",
        "BB Pradhan": "8603d942",
        "C Shamshuddin": "0f9d921b",
        "CAH Stevenson": "7239b60d",
        "DN Subedi": "fb0a571f",
        "DS Airee": "1747ea18",
        "G Malla": "b2e1d224",
        "IG Holland": "4167f30b",
        "J Theron": "dec8e038",
        "Karan KC": "f53b3e1d",
        "Kushal Malla": "7e9f1cde",
        "LN Rajbanshi": "6ad2d5f7",
        "MD Patel": "25d7f1ac",
        "NK Patel": "c6e10e5c",
        "NP Kenjige": "f7d267f7",
        "Neeyamur Rashid": "bd81a027",
        "P Khadka": "12c3ba4d",
        "S Bhari": "28c7d721",
        "S Lamichhane": "b410bd3d",
        "SN Netravalkar": "c8a3f688",
        "SP Khakurel": "9a6b71d1",
        "TK Patel": "95fcbfb7",
        "XM Marshall": "ffb504b1"
      }
    },
    "season": "2019/20",
    "team_type": "international",
    "teams": [
      "Nepal",
      "United States of America"
    ],
    "toss": {
      "decision": "field",
      "winner": "Nepal"
    },
    "venue": "Tribhuvan University International Cricket Ground"
  },
  "innings": [
    {
      "team": "United States of America",
      "overs": [
        {
          "over": 0,
          "deliveries": [
            {
              "batter": "XM Marshall",
              "bowler": "Karan KC",
              "non_striker": "IG Holland",
              "runs": {
                "batter": 0,
                "extras": 0,
                "total": 0
              }
            },
            {
              "batter": "XM Marshall",
              "bowler": "Karan KC",
              "non_striker": "IG Holland",
              "runs": {
                "batter": 0,
                "extras": 0,
                "total": 0
              }
            },
            {
              "batter": "XM Marshall",
              "bowler": "Karan KC",
              "non_striker": "IG Holland",
              "runs": {
                "batter": 0,
                "extras": 0,
                "total": 0
              }
            },
            {
              "batter": "XM Marshall",
              "bowler": "Karan KC",
              "non_striker": "IG Holland",
              "runs": {
                "batter": 0,
                "extras": 0,
                "total": 0
              }
            },
            {
              "batter": "XM Marshall",
              "bowler": "Karan KC",
              "non_striker": "IG Holland",
              "runs": {
                "batter": 0,
                "extras": 0,
                "total": 0
              }
            },
            {
              "batter": "XM Marshall",
              "bowler": "Karan KC",
              "non_striker": "IG Holland",
              "runs": {
                "batter": 0,
                "extras": 0,
                "total": 0
              }
            }
          ]
        },
        {
          "over": 1,
          "deliveries": [
            {
              "batter": "IG Holland",
              "bowler": "S Lamichhane",
              "non_striker": "XM Marshall",
              "runs": {
                "batter": 0,
                "extras": 0,
                "total": 0
              }
            },
            {
              "batter": "IG Holland",
              "bowler": "S Lamichhane",
              "non_striker": "XM Marshall",
              "runs": {
                "batter": 0,
                "extras": 0,
                "total": 0
              }
            },
            {
              "batter": "IG Holland",
              "bowler": "S Lamichhane",
              "non_striker": "XM Marshall",
              "runs": {
                "batter": 0,
                "extras": 0,
                "total": 0
              }
            },
            {
              "batter": "IG Holland",
              "bowler": "S Lamichhane",
              "non_striker": "XM Marshall",
              "runs": {
                "batter": 0,
                "extras": 0,
                "total": 0
              }
            },
            {
              "batter": "IG Holland",
              "bowler": "S Lamichhane",
              "non_striker": "XM Marshall",
              "runs": {
                "batter": 0,
                "extras": 0,
                "total": 0
              }
            },
            {
              "batter": "IG Holland",
              "bowler": "S Lamichhane",
              "non_striker": "XM Marshall",
              "runs": {
                "batter": 0,
                "extras": 0,
                "total": 0
              },
              "wickets": [
                {
                  "kind": "caught",
                  "player_out": "IG Holland",
                  "fielders": [
                    {
                      "name": "P Khadka"
                    }
                  ]
                }
              ]
            }
          ]
        },
        {
          "over": 2,
          "deliveries": [
            {
              "batter": "XM Marshall",
              "bowler": "Karan KC",
              "non_striker": "MD Patel",
              "runs": {
                "batter": 0,
                "extras": 0,
                "total": 0
              }
            },
            {
              "batter": "XM Marshall",
              "bowler": "Karan KC",
              "non_striker": "MD Patel",
              "runs": {
                "batter": 4,
                "extras": 0,
                "total": 4
              }
            },
            {
              "batter": "XM Marshall",
              "bowler": "Karan KC",
              "extras": {
                "legbyes": 1
              },
              "non_striker": "MD Patel",
              "runs": {
                "batter": 0,
                "extras": 1,
                "total": 1
              }
            },
            {
              "batter": "MD Patel",
              "bowler": "Karan KC",
              "non_striker": "XM Marshall",
              "runs": {
                "batter": 1,
                "extras": 0,
                "total": 1
              }
            },
            {
              "batter": "XM Marshall",
              "bowler": "Karan KC",
              "non_striker": "MD Patel",
              "runs": {
                "batter": 0,
                "extras": 0,
                "total": 0
              }
            },
            {
              "batter": "XM Marshall",
              "bowler": "Karan KC",
              "non_striker": "MD Patel",
              "runs": {
                "batter": 4,
                "extras": 0,
                "total": 4
              }
            }
          ]
        },
        {
          "over": 3,
          "deliveries": [
            {
              "batter": "MD Patel",
              "bowler": "S Lamichhane",
              "extras": {
                "wides": 2
              },
              "non_striker": "XM Marshall",
              "runs": {
                "batter": 0,
                "extras": 2,
                "total": 2
              }
            },
            {
              "batter": "XM Marshall",
              "bowler": "S Lamichhane",
              "non_striker": "MD Patel",
              "runs": {
                "batter": 3,
                "extras": 0,
                "total": 3
              }
            },
            {
              "batter": "MD Patel",
              "bowler": "S Lamichhane",
              "non_striker": "XM Marshall",
              "runs": {
                "batter": 0,
                "extras": 0,
                "total": 0
              }
            },
            {
              "batter": "MD Patel",
              "bowler": "S Lamichhane",
              "non_striker": "XM Marshall",
              "runs": {
                "batter": 1,
                "extras": 0,
                "total": 1
              }
            },
            {
              "batter": "XM Marshall",
              "bowler": "S Lamichhane",
              "non_striker": "MD Patel",
              "runs": {
                "batter": 0,
                "extras": 0,
                "total": 0
              }
            },
            {
              "batter": "XM Marshall",
              "bowler": "S Lamichhane",
              "non_striker": "MD Patel",
              "runs": {
                "batter": 0,
                "extras": 0,
                "total": 0
              }
            },
            {
              "batter": "XM Marshall",
              "bowler": "S Lamichhane",
              "non_striker": "MD Patel",
              "runs": {
                "batter": 0,
                "extras": 0,
                "total": 0
              }
            }
          ]
        },
        {
          "over": 4,
          "deliveries": [
            {
              "batter": "MD Patel",
              "bowler": "Karan KC",
              "non_striker": "XM Marshall",
              "runs": {
                "batter": 0,
                "extras": 0,
                "total": 0
              }
            },
            {
              "batter": "MD Patel",
              "bowler": "Karan KC",
              "non_striker": "XM Marshall",
              "runs": {
                "batter": 0,
                "extras": 0,
                "total": 0
              }
            },
            {
              "batter": "MD Patel",
              "bowler": "Karan KC",
              "non_striker": "XM Marshall",
              "runs": {
                "batter": 1,
                "extras": 0,
                "total": 1
              }
            },
            {
              "batter": "XM Marshall",
              "bowler": "Karan KC",
              "non_striker": "MD Patel",
              "runs": {
                "batter": 3,
                "extras": 0,
                "total": 3
              }
            },
            {
              "batter": "MD Patel",
              "bowler": "Karan KC",
              "non_striker": "XM Marshall",
              "runs": {
                "batter": 0,
                "extras": 0,
                "total": 0
              }
            },
            {
              "batter": "MD Patel",
              "bowler": "Karan KC",
              "non_striker": "XM Marshall",
              "runs": {
                "batter": 0,
                "extras": 0,
                "total": 0
              }
            }
          ]
        },
        {
          "over": 5,
          "deliveries": [
            {
              "batter": "XM Marshall",
              "bowler": "S Lamichhane",
              "non_striker": "MD Patel",
              "runs": {
                "batter": 0,
                "extras": 0,
                "total": 0
              }
            },
            {
              "batter": "XM Marshall",
              "bowler": "S Lamichhane",
              "non_striker": "MD Patel",
              "runs": {
                "batter": 1,
                "extras": 0,
                "total": 1
              }
            },
            {
              "batter": "MD Patel",
              "bowler": "S Lamichhane",
              "non_striker": "XM Marshall",
              "runs": {
                "batter": 1,
                "extras": 0,
                "total": 1
              }
            },
            {
              "batter": "XM Marshall",
              "bowler": "S Lamichhane",
              "non_striker": "MD Patel",
              "runs": {
                "batter": 0,
                "extras": 0,
                "total": 0
              }
            },
            {
              "batter": "XM Marshall",
              "bowler": "S Lamichhane",
              "non_striker": "MD Patel",
              "runs": {
                "batter": 0,
                "extras": 0,
                "total": 0
              }
            },
            {
              "batter": "XM Marshall",
              "bowler": "S Lamichhane",
              "non_striker": "MD Patel",
              "runs": {
                "batter": 1,
                "extras": 0,
                "total": 1
              }
            }
          ]
        },
        {
          "over": 6,
          "deliveries": [
            {
              "batter": "XM Marshall",
              "bowler": "S Bhari",
              "non_striker": "MD Patel",
              "runs": {
                "batter": 0,
                "extras": 0,
                "total": 0
              },
              "wickets": [
                {
                  "kind": "caught",
                  "player_out": "XM Marshall",
                  "fielders": [
                    {
                      "name": "P Khadka"
                    }
                  ]
                }
              ]
            },
            {
              "batter": "Aaron Jones",
              "bowler": "S Bhari",
              "non_striker": "MD Patel",
              "runs": {
                "batter": 0,
                "extras": 0,
                "total": 0
              }
            },
            {
              "batter": "Aaron Jones",
              "bowler": "S Bhari",
              "non_striker": "MD Patel",
              "runs": {
                "batter": 4,
                "extras": 0,
                "total": 4
              }
            },
            {
              "batter": "Aaron Jones",
              "bowler": "S Bhari",
              "non_striker": "MD Patel",
              "runs": {
                "batter": 0,
                "extras": 0,
                "total": 0
              }
            },
            {
              "batter": "Aaron Jones",
              "bowler": "S Bhari",
              "non_striker": "MD Patel",
              "runs": {
                "batter": 0,
                "extras": 0,
                "total": 0
              }
            },
            {
              "batter": "Aaron Jones",
              "bowler": "S Bhari",
              "non_striker": "MD Patel",
              "runs": {
                "batter": 0,
                "extras": 0,
                "total": 0
              }
            }
          ]
        },
        {
          "over": 7,
          "deliveries": [
            {
              "batter": "MD Patel",
              "bowler": "S Lamichhane",
              "non_striker": "Aaron Jones",
              "runs": {
                "batter": 0,
                "extras": 0,
                "total": 0
              }
            },
            {
              "batter": "MD Patel",
              "bowler": "S Lamichhane",
              "non_striker": "Aaron Jones",
              "runs": {
                "batter": 0,
                "extras": 0,
                "total": 0
              },
              "wickets": [
                {
                  "kind": "bowled",
                  "player_out": "MD Patel"
                }
              ]
            },
            {
              "batter": "NK Patel",
              "bowler": "S Lamichhane",
              "non_striker": "Aaron Jones",
              "runs": {
                "batter": 2,
                "extras": 0,
                "total": 2
              }
            },
            {
              "batter": "NK Patel",
              "bowler": "S Lamichhane",
              "non_striker": "Aaron Jones",
              "runs": {
                "batter": 0,
                "extras": 0,
                "total": 0
              }
            },
            {
              "batter": "NK Patel",
              "bowler": "S Lamichhane",
              "non_striker": "Aaron Jones",
              "runs": {
                "batter": 0,
                "extras": 0,
                "total": 0
              },
              "wickets": [
                {
                  "kind": "bowled",
                  "player_out": "NK Patel"
                }
              ]
            },
            {
              "batter": "Akshay Homraj",
              "bowler": "S Lamichhane",
              "non_striker": "Aaron Jones",
              "runs": {
                "batter": 0,
                "extras": 0,
                "total": 0
              }
            }
          ]
        },
        {
          "over": 8,
          "deliveries": [
            {
              "batter": "Aaron Jones",
              "bowler": "S Bhari",
              "non_striker": "Akshay Homraj",
              "runs": {
                "batter": 0,
                "extras": 0,
                "total": 0
              }
            },
            {
              "batter": "Aaron Jones",
              "bowler": "S Bhari",
              "non_striker": "Akshay Homraj",
              "runs": {
                "batter": 0,
                "extras": 0,
                "total": 0
              }
            },
            {
              "batter": "Aaron Jones",
              "bowler": "S Bhari",
              "non_striker": "Akshay Homraj",
              "runs": {
                "batter": 0,
                "extras": 0,
                "total": 0
              },
              "wickets": [
                {
                  "kind": "bowled",
                  "player_out": "Aaron Jones"
                }
              ]
            },
            {
              "batter": "TK Patel",
              "bowler": "S Bhari",
              "non_striker": "Akshay Homraj",
              "runs": {
                "batter": 0,
                "extras": 0,
                "total": 0
              }
            },
            {
              "batter": "TK Patel",
              "bowler": "S Bhari",
              "non_striker": "Akshay Homraj",
              "runs": {
                "batter": 1,
                "extras": 0,
                "total": 1
              }
            },
            {
              "batter": "Akshay Homraj",
              "bowler": "S Bhari",
              "non_striker": "TK Patel",
              "runs": {
                "batter": 0,
                "extras": 0,
                "total": 0
              }
            }
          ]
        },
        {
          "over": 9,
          "deliveries": [
            {
              "batter": "TK Patel",
              "bowler": "S Lamichhane",
              "non_striker": "Akshay Homraj",
              "runs": {
                "batter": 0,
                "extras": 0,
                "total": 0
              }
            },
            {
              "batter": "TK Patel",
              "bowler": "S Lamichhane",
              "non_striker": "Akshay Homraj",
              "runs": {
                "batter": 0,
                "extras": 0,
                "total": 0
              }
            },
            {
              "batter": "TK Patel",
              "bowler": "S Lamichhane",
              "non_striker": "Akshay Homraj",
              "runs": {
                "batter": 0,
                "extras": 0,
                "total": 0
              }
            },
            {
              "batter": "TK Patel",
              "bowler": "S Lamichhane",
              "non_striker": "Akshay Homraj",
              "runs": {
                "batter": 0,
                "extras": 0,
                "total": 0
              }
            },
            {
              "batter": "TK Patel",
              "bowler": "S Lamichhane",
              "non_striker": "Akshay Homraj",
              "runs": {
                "batter": 0,
                "extras": 0,
                "total": 0
              },
              "wickets": [
                {
                  "kind": "lbw",
                  "player_out": "TK Patel"
                }
              ]
            },
            {
              "batter": "CAH Stevenson",
              "bowler": "S Lamichhane",
              "non_striker": "Akshay Homraj",
              "runs": {
                "batter": 1,
                "extras": 0,
                "total": 1
              }
            }
          ]
        },
        {
          "over": 10,
          "deliveries": [
            {
              "batter": "CAH Stevenson",
              "bowler": "S Bhari",
              "non_striker": "Akshay Homraj",
              "runs": {
                "batter": 0,
                "extras": 0,
                "total": 0
              },
              "wickets": [
                {
                  "kind": "bowled",
                  "player_out": "CAH Stevenson"
                }
              ]
            },
            {
              "batter": "J Theron",
              "bowler": "S Bhari",
              "non_striker": "Akshay Homraj",
              "runs": {
                "batter": 0,
                "extras": 0,
                "total": 0
              }
            },
            {
              "batter": "J Theron",
              "bowler": "S Bhari",
              "non_striker": "Akshay Homraj",
              "runs": {
                "batter": 0,
                "extras": 0,
                "total": 0
              }
            },
            {
              "batter": "J Theron",
              "bowler": "S Bhari",
              "non_striker": "Akshay Homraj",
              "runs": {
                "batter": 0,
                "extras": 0,
                "total": 0
              }
            },
            {
              "batter": "J Theron",
              "bowler": "S Bhari",
              "non_striker": "Akshay Homraj",
              "runs": {
                "batter": 0,
                "extras": 0,
                "total": 0
              }
            },
            {
              "batter": "J Theron",
              "bowler": "S Bhari",
              "non_striker": "Akshay Homraj",
              "runs": {
                "batter": 0,
                "extras": 0,
                "total": 0
              },
              "wickets": [
                {
                  "kind": "lbw",
                  "player_out": "J Theron"
                }
              ]
            }
          ]
        },
        {
          "over": 11,
          "deliveries": [
            {
              "batter": "Akshay Homraj",
              "bowler": "S Lamichhane",
              "non_striker": "SN Netravalkar",
              "runs": {
                "batter": 4,
                "extras": 0,
                "total": 4
              }
            },
            {
              "batter": "Akshay Homraj",
              "bowler": "S Lamichhane",
              "non_striker": "SN Netravalkar",
              "runs": {
                "batter": 0,
                "extras": 0,
                "total": 0
              }
            },
            {
              "batter": "Akshay Homraj",
              "bowler": "S Lamichhane",
              "non_striker": "SN Netravalkar",
              "runs": {
                "batter": 0,
                "extras": 0,
                "total": 0
              },
              "wickets": [
                {
                  "kind": "caught",
                  "player_out": "Akshay Homraj",
                  "fielders": [
                    {
                      "name": "P Khadka"
                    }
                  ]
                }
              ]
            },
            {
              "batter": "NP Kenjige",
              "bowler": "S Lamichhane",
              "non_striker": "SN Netravalkar",
              "runs": {
                "batter": 0,
                "extras": 0,
                "total": 0
              }
            },
            {
              "batter": "NP Kenjige",
              "bowler": "S Lamichhane",
              "non_striker": "SN Netravalkar",
              "runs": {
                "batter": 0,
                "extras": 0,
                "total": 0
              }
            },
            {
              "batter": "NP Kenjige",
              "bowler": "S Lamichhane",
              "non_striker": "SN Netravalkar",
              "runs": {
                "batter": 0,
                "extras": 0,
                "total": 0
              },
              "wickets": [
                {
                  "kind": "bowled",
                  "player_out": "NP Kenjige"
                }
              ]
            }
          ]
        }
      ],
      "powerplays": [
        {
          "from": 0.1,
          "to": 9.6,
          "type": "mandatory"
        },
        {
          "from": 10.1,
          "to": 11.6,
          "type": "mandatory"
        }
      ]
    },
    {
      "team": "Nepal",
      "overs": [
        {
          "over": 0,
          "deliveries": [
            {
              "batter": "G Malla",
              "bowler": "TK Patel",
              "non_striker": "SP Khakurel",
              "runs": {
                "batter": 0,
                "extras": 0,
                "total": 0
              }
            },
            {
              "batter": "G Malla",
              "bowler": "TK Patel",
              "non_striker": "SP Khakurel",
              "runs": {
                "batter": 0,
                "extras": 0,
                "total": 0
              }
            },
            {
              "batter": "G Malla",
              "bowler": "TK Patel",
              "non_striker": "SP Khakurel",
              "runs": {
                "batter": 1,
                "extras": 0,
                "total": 1
              }
            },
            {
              "batter": "SP Khakurel",
              "bowler": "TK Patel",
              "non_striker": "G Malla",
              "runs": {
                "batter": 0,
                "extras": 0,
                "total": 0
              }
            },
            {
              "batter": "SP Khakurel",
              "bowler": "TK Patel",
              "non_striker": "G Malla",
              "runs": {
                "batter": 0,
                "extras": 0,
                "total": 0
              }
            },
            {
              "batter": "SP Khakurel",
              "bowler": "TK Patel",
              "non_striker": "G Malla",
              "runs": {
                "batter": 0,
                "extras": 0,
                "total": 0
              }
            }
          ]
        },
        {
          "over": 1,
          "deliveries": [
            {
              "batter": "G Malla",
              "bowler": "NP Kenjige",
              "non_striker": "SP Khakurel",
              "runs": {
                "batter": 0,
                "extras": 0,
                "total": 0
              }
            },
            {
              "batter": "G Malla",
              "bowler": "NP Kenjige",
              "non_striker": "SP Khakurel",
              "runs": {
                "batter": 0,
                "extras": 0,
                "total": 0
              },
              "wickets": [
                {
                  "kind": "bowled",
                  "player_out": "G Malla"
                }
              ]
            },
            {
              "batter": "P Khadka",
              "bowler": "NP Kenjige",
              "non_striker": "SP Khakurel",
              "runs": {
                "batter": 0,
                "extras": 0,
                "total": 0
              }
            },
            {
              "batter": "P Khadka",
              "bowler": "NP Kenjige",
              "non_striker": "SP Khakurel",
              "runs": {
                "batter": 1,
                "extras": 0,
                "total": 1
              }
            },
            {
              "batter": "SP Khakurel",
              "bowler": "NP Kenjige",
              "non_striker": "P Khadka",
              "runs": {
                "batter": 0,
                "extras": 0,
                "total": 0
              },
              "wickets": [
                {
                  "kind": "bowled",
                  "player_out": "SP Khakurel"
                }
              ]
            },
            {
              "batter": "DS Airee",
              "bowler": "NP Kenjige",
              "non_striker": "P Khadka",
              "runs": {
                "batter": 4,
                "extras": 0,
                "total": 4
              }
            }
          ]
        },
        {
          "over": 2,
          "deliveries": [
            {
              "batter": "P Khadka",
              "bowler": "TK Patel",
              "non_striker": "DS Airee",
              "runs": {
                "batter": 0,
                "extras": 0,
                "total": 0
              }
            },
            {
              "batter": "P Khadka",
              "bowler": "TK Patel",
              "non_striker": "DS Airee",
              "runs": {
                "batter": 4,
                "extras": 0,
                "total": 4
              }
            },
            {
              "batter": "P Khadka",
              "bowler": "TK Patel",
              "non_striker": "DS Airee",
              "runs": {
                "batter": 0,
                "extras": 0,
                "total": 0
              }
            },
            {
              "batter": "P Khadka",
              "bowler": "TK Patel",
              "non_striker": "DS Airee",
              "runs": {
                "batter": 0,
                "extras": 0,
                "total": 0
              }
            },
            {
              "batter": "P Khadka",
              "bowler": "TK Patel",
              "non_striker": "DS Airee",
              "runs": {
                "batter": 0,
                "extras": 0,
                "total": 0
              }
            },
            {
              "batter": "P Khadka",
              "bowler": "TK Patel",
              "non_striker": "DS Airee",
              "runs": {
                "batter": 0,
                "extras": 0,
                "total": 0
              }
            }
          ]
        },
        {
          "over": 3,
          "deliveries": [
            {
              "batter": "DS Airee",
              "bowler": "NP Kenjige",
              "non_striker": "P Khadka",
              "runs": {
                "batter": 4,
                "extras": 0,
                "total": 4
              }
            },
            {
              "batter": "DS Airee",
              "bowler": "NP Kenjige",
              "non_striker": "P Khadka",
              "runs": {
                "batter": 0,
                "extras": 0,
                "total": 0
              }
            },
            {
              "batter": "DS Airee",
              "bowler": "NP Kenjige",
              "non_striker": "P Khadka",
              "runs": {
                "batter": 0,
                "extras": 0,
                "total": 0
              }
            },
            {
              "batter": "DS Airee",
              "bowler": "NP Kenjige",
              "non_striker": "P Khadka",
              "runs": {
                "batter": 0,
                "extras": 0,
                "total": 0
              }
            },
            {
              "batter": "DS Airee",
              "bowler": "NP Kenjige",
              "non_striker": "P Khadka",
              "runs": {
                "batter": 0,
                "extras": 0,
                "total": 0
              }
            },
            {
              "batter": "DS Airee",
              "bowler": "NP Kenjige",
              "non_striker": "P Khadka",
              "runs": {
                "batter": 0,
                "extras": 0,
                "total": 0
              }
            }
          ]
        },
        {
          "over": 4,
          "deliveries": [
            {
              "batter": "P Khadka",
              "bowler": "TK Patel",
              "non_striker": "DS Airee",
              "runs": {
                "batter": 1,
                "extras": 0,
                "total": 1
              }
            },
            {
              "batter": "DS Airee",
              "bowler": "TK Patel",
              "non_striker": "P Khadka",
              "runs": {
                "batter": 0,
                "extras": 0,
                "total": 0
              }
            },
            {
              "batter": "DS Airee",
              "bowler": "TK Patel",
              "non_striker": "P Khadka",
              "runs": {
                "batter": 1,
                "extras": 0,
                "total": 1
              }
            },
            {
              "batter": "P Khadka",
              "bowler": "TK Patel",
              "non_striker": "DS Airee",
              "runs": {
                "batter": 4,
                "extras": 0,
                "total": 4
              }
            },
            {
              "batter": "P Khadka",
              "bowler": "TK Patel",
              "non_striker": "DS Airee",
              "runs": {
                "batter": 6,
                "extras": 0,
                "total": 6
              }
            },
            {
              "batter": "P Khadka",
              "bowler": "TK Patel",
              "non_striker": "DS Airee",
              "runs": {
                "batter": 4,
                "extras": 0,
                "total": 4
              }
            }
          ]
        },
        {
          "over": 5,
          "deliveries": [
            {
              "batter": "DS Airee",
              "bowler": "NP Kenjige",
              "non_striker": "P Khadka",
              "runs": {
                "batter": 0,
                "extras": 0,
                "total": 0
              }
            },
            {
              "batter": "DS Airee",
              "bowler": "NP Kenjige",
              "non_striker": "P Khadka",
              "runs": {
                "batter": 6,
                "extras": 0,
                "total": 6
              }
            }
          ]
        }
      ],
      "powerplays": [
        {
          "from": 0.1,
          "to": 5.2,
          "type": "mandatory"
        }
      ],
      "target": {
        "overs": 50,
        "runs": 36
      }
    }
  ]
}