{
  "meta": {
    "data_version": "1.1.0",
    "created": "2023-09-13",
    "revision": 2
  },
  "info": {
    "balls_per_over": 6,
    "city": "Northampton",
    "dates": [
      "2023-09-12"
    ],
    "event": {
      "name": "Sri Lanka Women tour of England",
      "match_number": 2
    },
    "gender": "female",
    "match_type": "ODI",
    "match_type_number": 1336,
    "officials": {
      "match_referees": [
        "Phil Whitticase"
      ],
      "reserve_umpires": [
        "James Middlebrook"
      ],
      "tv_umpires": [
        "S Redfern"
      ],
      "umpires": [
        "AY Harris",
        "J Naeem"
      ]
    },
    "outcome": {
      "result": "no result"
    },
    "overs": 50,
    "players": {
      "Sri Lanka": [
        "AC Jayangani",
        "RMVD Gunaratne",
        "H Madavi",
        "GWHM Perera",
        "H Karunaratne",
        "WK Dilhari",
        "MAA Sanjeewani",
        "OU Ranasinghe",
        "KDU Prabodhani",
        "WGAKK Kulasuriya",
        "I Ranaweera"
      ],
      "England": [
        "CE Dean",
        "TT Beaumont",
        "HC Knight",
        "ME Bouchier",
        "NR Sciver-Brunt",
        "A Capsey",
        "AE Jones",
        "S Glenn",
        "KL Cross",
        "L Filer",
        "AN Davidson-Richards"
      ]
    },
    "registry": {
      "people": {
        "A Capsey": "910dd54e",
        "AC Jayangani": "ac56b5a7",
        "AE Jones": "b05e45e4",
        "AN Davidson-Richards": "35828bdd",
        "AY Harris": "90d95b82",
        "CE Dean": "c6625a26",
        "GWHM Perera": "53068b45",
        "H Karunaratne": "f8e27d4a",
        "H Madavi": "85021bcd",
        "HC Knight": "4ba0289e",
        "I Ranaweera": "a61850e6",
        "J Naeem": "0dc3fee0",
        "James Middlebrook": "ddcd1520",
        "KDU Prabodhani": "a0fdf513",
        "KL Cross": "1ade138e",
        "L Filer": "31adb911",
        "MAA Sanjeewani": "318a4039",
        "ME Bouchier": "c2554b59",
        "NR Sciver-Brunt": "f3a18a0c",
        "OU Ranasinghe": "52d3b7ff",
        "Phil Whitticase": "99d5f6fa",
        "RMVD Gunaratne": "9e866b59",
        "S Glenn": "b34e0c77",
        "S Redfern": "5b038989",
        "TT Beaumont": "b2664905",
        "WGAKK Kulasuriya": "550373ea",
        "WK Dilhari": "c34a15e6"
      }
    },
    "season": "2023",
    "team_type": "international",
    "teams": [
      "Sri Lanka",
      "England"
    ],
    "toss": {
      "decision": "field",
      "winner": "England"
    },
    "venue": "County Ground, Northampton"
  },
  "innings": [
    {
      "team": "Sri Lanka",
      "overs": [
        {
          "over": 0,
          "deliveries": [
            {
              "batter": "AC Jayangani",
              "bowler": "KL Cross",
              "non_striker": "RMVD Gunaratne",
              "runs": {
                "batter": 4,
                "extras": 0,
                "total": 4
              }
            },
            {
              "batter": "AC Jayangani",
              "bowler": "KL Cross",
              "extras": {
                "wides": 1
              },
              "non_striker": "RMVD Gunaratne",
              "runs": {
                "batter": 0,
                "extras": 1,
                "total": 1
              }
            },
            {
              "batter": "AC Jayangani",
              "bowler": "KL Cross",
              "non_striker": "RMVD Gunaratne",
              "runs": {
                "batter": 4,
                "extras": 0,
                "total": 4
              }
            },
            {
              "batter": "AC Jayangani",
              "bowler": "KL Cross",
              "non_striker": "RMVD Gunaratne",
              "runs": {
                "batter": 0,
                "extras": 0,
                "total": 0
              }
            },
            {
              "batter": "AC Jayangani",
              "bowler": "KL Cross",
              "non_striker": "RMVD Gunaratne",
              "runs": {
                "batter": 0,
                "extras": 0,
                "total": 0
              }
            },
            {
              "batter": "AC Jayangani",
              "bowler": "KL Cross",
              "non_striker": "RMVD Gunaratne",
              "runs": {
                "batter": 0,
                "extras": 0,
                "total": 0
              }
            },
            {
              "batter": "AC Jayangani",
              "bowler": "KL Cross",
              "non_striker": "RMVD Gunaratne",
              "runs": {
                "batter": 0,
                "extras": 0,
                "total": 0
              }
            }
          ]
        },
        {
          "over": 1,
          "deliveries": [
            {
              "batter": "RMVD Gunaratne",
              "bowler": "L Filer",
              "non_striker": "AC Jayangani",
              "runs": {
                "batter": 4,
                "extras": 0,
                "total": 4
              }
            },
            {
              "batter": "RMVD Gunaratne",
              "bowler": "L Filer",
              "non_striker": "AC Jayangani",
              "review": {
                "by": "England",
                "umpire": "AY Harris",
                "batter": "RMVD Gunaratne",
                "decision": "struck down",
                "type": "wicket"
              },
              "runs": {
                "batter": 0,
                "extras": 0,
                "total": 0
              }
            },
            {
              "batter": "RMVD Gunaratne",
              "bowler": "L Filer",
              "non_striker": "AC Jayangani",
              "runs": {
                "batter": 0,
                "extras": 0,
                "total": 0
              }
            },
            {
              "batter": "RMVD Gunaratne",
              "bowler": "L Filer",
              "non_striker": "AC Jayangani",
              "runs": {
                "batter": 0,
                "extras": 0,
                "total": 0
              }
            },
            {
              "batter": "RMVD Gunaratne",
              "bowler": "L Filer",
              "non_striker": "AC Jayangani",
              "runs": {
                "batter": 0,
                "extras": 0,
                "total": 0
              }
            },
            {
              "batter": "RMVD Gunaratne",
              "bowler": "L Filer",
              "non_striker": "AC Jayangani",
              "runs": {
                "batter": 4,
                "extras": 0,
                "total": 4
              }
            }
          ]
        },
        {
          "over": 2,
          "deliveries": [
            {
              "batter": "AC Jayangani",
              "bowler": "KL Cross",
              "non_striker": "RMVD Gunaratne",
              "runs": {
                "batter": 0,
                "extras": 0,
                "total": 0
              }
            },
            {
              "batter": "AC Jayangani",
              "bowler": "KL Cross",
              "non_striker": "RMVD Gunaratne",
              "runs": {
                "batter": 4,
                "extras": 0,
                "total": 4
              }
            },
            {
              "batter": "AC Jayangani",
              "bowler": "KL Cross",
              "non_striker": "RMVD Gunaratne",
              "runs": {
                "batter": 0,
                "extras": 0,
                "total": 0
              }
            },
            {
              "batter": "AC Jayangani",
              "bowler": "KL Cross",
              "non_striker": "RMVD Gunaratne",
              "runs": {
                "batter": 4,
                "extras": 0,
                "total": 4
              }
            },
            {
              "batter": "AC Jayangani",
              "bowler": "KL Cross",
              "non_striker": "RMVD Gunaratne",
              "runs": {
                "batter": 1,
                "extras": 0,
                "total": 1
              }
            },
            {
              "batter": "RMVD Gunaratne",
              "bowler": "KL Cross",
              "non_striker": "AC Jayangani",
              "runs": {
                "batter": 0,
                "extras": 0,
                "total": 0
              },
              "wickets": [
                {
                  "player_out": "RMVD Gunaratne",
                  "fielders": [
                    {
                      "name": "AE Jones"
                    }
                  ],
                  "kind": "caught"
                }
              ]
            }
          ]
        },
        {
          "over": 3,
          "deliveries": [
            {
              "batter": "AC Jayangani",
              "bowler": "L Filer",
              "non_striker": "H Madavi",
              "runs": {
                "batter": 0,
                "extras": 0,
                "total": 0
              }
            },
            {
              "batter": "AC Jayangani",
              "bowler": "L Filer",
              "non_striker": "H Madavi",
              "runs": {
                "batter": 0,
                "extras": 0,
                "total": 0
              }
            },
            {
              "batter": "AC Jayangani",
              "bowler": "L Filer",
              "non_striker": "H Madavi",
              "runs": {
                "batter": 0,
                "extras": 0,
                "total": 0
              }
            },
            {
              "batter": "AC Jayangani",
              "bowler": "L Filer",
              "non_striker": "H Madavi",
              "runs": {
                "batter": 1,
                "extras": 0,
                "total": 1
              }
            },
            {
              "batter": "H Madavi",
              "bowler": "L Filer",
              "non_striker": "AC Jayangani",
              "runs": {
                "batter": 0,
                "extras": 0,
                "total": 0
              }
            },
            {
              "batter": "H Madavi",
              "bowler": "L Filer",
              "non_striker": "AC Jayangani",
              "runs": {
                "batter": 0,
                "extras": 0,
                "total": 0
              }
            }
          ]
        },
        {
          "over": 4,
          "deliveries": [
            {
              "batter": "AC Jayangani",
              "bowler": "KL Cross",
              "non_striker": "H Madavi",
              "runs": {
                "batter": 4,
                "extras": 0,
                "total": 4
              }
            },
            {
              "batter": "AC Jayangani",
              "bowler": "KL Cross",
              "non_striker": "H Madavi",
              "runs": {
                "batter": 0,
                "extras": 0,
                "total": 0
              }
            },
            {
              "batter": "AC Jayangani",
              "bowler": "KL Cross",
              "non_striker": "H Madavi",
              "runs": {
                "batter": 1,
                "extras": 0,
                "total": 1
              }
            },
            {
              "batter": "H Madavi",
              "bowler": "KL Cross",
              "non_striker": "AC Jayangani",
              "runs": {
                "batter": 0,
                "extras": 0,
                "total": 0
              }
            },
            {
              "batter": "H Madavi",
              "bowler": "KL Cross",
              "non_striker": "AC Jayangani",
              "runs": {
                "batter": 0,
                "extras": 0,
                "total": 0
              }
            },
            {
              "batter": "H Madavi",
              "bowler": "KL Cross",
              "non_striker": "AC Jayangani",
              "runs": {
                "batter": 0,
                "extras": 0,
                "total": 0
              }
            }
          ]
        },
        {
          "over": 5,
          "deliveries": [
            {
              "batter": "AC Jayangani",
              "bowler": "L Filer",
              "non_striker": "H Madavi",
              "runs": {
                "batter": 0,
                "extras": 0,
                "total": 0
              }
            },
            {
              "batter": "AC Jayangani",
              "bowler": "L Filer",
              "non_striker": "H Madavi",
              "runs": {
                "batter": 0,
                "extras": 0,
                "total": 0
              }
            },
            {
              "batter": "AC Jayangani",
              "bowler": "L Filer",
              "extras": {
                "wides": 1
              },
              "non_striker": "H Madavi",
              "runs": {
                "batter": 0,
                "extras": 1,
                "total": 1
              }
            },
            {
              "batter": "AC Jayangani",
              "bowler": "L Filer",
              "non_striker": "H Madavi",
              "runs": {
                "batter": 0,
                "extras": 0,
                "total": 0
              }
            },
            {
              "batter": "AC Jayangani",
              "bowler": "L Filer",
              "extras": {
                "legbyes": 1
              },
              "non_striker": "H Madavi",
              "runs": {
                "batter": 0,
                "extras": 1,
                "total": 1
              }
            },
            {
              "batter": "H Madavi",
              "bowler": "L Filer",
              "non_striker": "AC Jayangani",
              "runs": {
                "batter": 4,
                "extras": 0,
                "total": 4
              }
            },
            {
              "batter": "H Madavi",
              "bowler": "L Filer",
              "non_striker": "AC Jayangani",
              "runs": {
                "batter": 1,
                "extras": 0,
                "total": 1
              }
            }
          ]
        },
        {
          "over": 6,
          "deliveries": [
            {
              "batter": "H Madavi",
              "bowler": "KL Cross",
              "non_striker": "AC Jayangani",
              "runs": {
                "batter": 0,
                "extras": 0,
                "total": 0
              }
            },
            {
              "batter": "H Madavi",
              "bowler": "KL Cross",
              "non_striker": "AC Jayangani",
              "runs": {
                "batter": 0,
                "extras": 0,
                "total": 0
              }
            },
            {
              "batter": "H Madavi",
              "bowler": "KL Cross",
              "non_striker": "AC Jayangani",
              "runs": {
                "batter": 0,
                "extras": 0,
                "total": 0
              }
            },
            {
              "batter": "H Madavi",
              "bowler": "KL Cross",
              "non_striker": "AC Jayangani",
              "runs": {
                "batter": 1,
                "extras": 0,
                "total": 1
              }
            },
            {
              "batter": "AC Jayangani",
              "bowler": "KL Cross",
              "non_striker": "H Madavi",
              "runs": {
                "batter": 0,
                "extras": 0,
                "total": 0
              }
            },
            {
              "batter": "AC Jayangani",
              "bowler": "KL Cross",
              "non_striker": "H Madavi",
              "runs": {
                "batter": 0,
                "extras": 0,
                "total": 0
              }
            }
          ]
        },
        {
          "over": 7,
          "deliveries": [
            {
              "batter": "H Madavi",
              "bowler": "L Filer",
              "non_striker": "AC Jayangani",
              "runs": {
                "batter": 0,
                "extras": 0,
                "total": 0
              }
            },
            {
              "batter": "H Madavi",
              "bowler": "L Filer",
              "extras": {
                "wides": 1
              },
              "non_striker": "AC Jayangani",
              "runs": {
                "batter": 0,
                "extras": 1,
                "total": 1
              }
            },
            {
              "batter": "H Madavi",
              "bowler": "L Filer",
              "non_striker": "AC Jayangani",
              "runs": {
                "batter": 0,
                "extras": 0,
                "total": 0
              }
            },
            {
              "batter": "H Madavi",
              "bowler": "L Filer",
              "non_striker": "AC Jayangani",
              "runs": {
                "batter": 0,
                "extras": 0,
                "total": 0
              },
              "wickets": [
                {
                  "player_out": "H Madavi",
                  "fielders": [
                    {
                      "name": "AE Jones"
                    }
                  ],
                  "kind": "caught"
                }
              ]
            },
            {
              "batter": "GWHM Perera",
              "bowler": "L Filer",
              "non_striker": "AC Jayangani",
              "runs": {
                "batter": 0,
                "extras": 0,
                "total": 0
              }
            },
            {
              "batter": "GWHM Perera",
              "bowler": "L Filer",
              "extras": {
                "wides": 1
              },
              "non_striker": "AC Jayangani",
              "runs": {
                "batter": 0,
                "extras": 1,
                "total": 1
              }
            },
            {
              "batter": "GWHM Perera",
              "bowler": "L Filer",
              "non_striker": "AC Jayangani",
              "runs": {
                "batter": 0,
                "extras": 0,
                "total": 0
              }
            },
            {
              "batter": "GWHM Perera",
              "bowler": "L Filer",
              "non_striker": "AC Jayangani",
              "runs": {
                "batter": 0,
                "extras": 0,
                "total": 0
              }
            }
          ]
        },
        {
          "over": 8,
          "deliveries": [
            {
              "batter": "AC Jayangani",
              "bowler": "KL Cross",
              "non_striker": "GWHM Perera",
              "runs": {
                "batter": 0,
                "extras": 0,
                "total": 0
              }
            },
            {
              "batter": "AC Jayangani",
              "bowler": "KL Cross",
              "non_striker": "GWHM Perera",
              "runs": {
                "batter": 0,
                "extras": 0,
                "total": 0
              }
            },
            {
              "batter": "AC Jayangani",
              "bowler": "KL Cross",
              "non_striker": "GWHM Perera",
              "runs": {
                "batter": 4,
                "extras": 0,
                "total": 4
              }
            },
            {
              "batter": "AC Jayangani",
              "bowler": "KL Cross",
              "non_striker": "GWHM Perera",
              "runs": {
                "batter": 0,
                "extras": 0,
                "total": 0
              }
            },
            {
              "batter": "AC Jayangani",
              "bowler": "KL Cross",
              "non_striker": "GWHM Perera",
              "runs": {
                "batter": 6,
                "extras": 0,
                "total": 6
              }
            },
            {
              "batter": "AC Jayangani",
              "bowler": "KL Cross",
              "non_striker": "GWHM Perera",
              "runs": {
                "batter": 1,
                "extras": 0,
                "total": 1
              }
            }
          ]
        },
        {
          "over": 9,
          "deliveries": [
            {
              "batter": "AC Jayangani",
              "bowler": "CE Dean",
              "non_striker": "GWHM Perera",
              "runs": {
                "batter": 0,
                "extras": 0,
                "total": 0
              }
            },
            {
              "batter": "AC Jayangani",
              "bowler": "CE Dean",
              "non_striker": "GWHM Perera",
              "runs": {
                "batter": 0,
                "extras": 0,
                "total": 0
              }
            },
            {
              "batter": "AC Jayangani",
              "bowler": "CE Dean",
              "non_striker": "GWHM Perera",
              "runs": {
                "batter": 0,
                "extras": 0,
                "total": 0
              }
            },
            {
              "batter": "AC Jayangani",
              "bowler": "CE Dean",
              "non_striker": "GWHM Perera",
              "review": {
                "by": "Sri Lanka",
                "umpire": "AY Harris",
                "batter": "AC Jayangani",
                "decision": "struck down",
                "type": "wicket"
              },
              "runs": {
                "batter": 0,
                "extras": 0,
                "total": 0
              },
              "wickets": [
                {
                  "player_out": "AC Jayangani",
                  "kind": "lbw"
                }
              ]
            },
            {
              "batter": "H Karunaratne",
              "bowler": "CE Dean",
              "non_striker": "GWHM Perera",
              "runs": {
                "batter": 0,
                "extras": 0,
                "total": 0
              }
            },
            {
              "batter": "H Karunaratne",
              "bowler": "CE Dean",
              "non_striker": "GWHM Perera",
              "runs": {
                "batter": 0,
                "extras": 0,
                "total": 0
              }
            }
          ]
        },
        {
          "over": 10,
          "deliveries": [
            {
              "batter": "GWHM Perera",
              "bowler": "AN Davidson-Richards",
              "non_striker": "H Karunaratne",
              "runs": {
                "batter": 0,
                "extras": 0,
                "total": 0
              }
            },
            {
              "batter": "GWHM Perera",
              "bowler": "AN Davidson-Richards",
              "non_striker": "H Karunaratne",
              "runs": {
                "batter": 4,
                "extras": 0,
                "total": 4
              }
            },
            {
              "batter": "GWHM Perera",
              "bowler": "AN Davidson-Richards",
              "non_striker": "H Karunaratne",
              "runs": {
                "batter": 0,
                "extras": 0,
                "total": 0
              }
            },
            {
              "batter": "GWHM Perera",
              "bowler": "AN Davidson-Richards",
              "non_striker": "H Karunaratne",
              "runs": {
                "batter": 0,
                "extras": 0,
                "total": 0
              }
            },
            {
              "batter": "GWHM Perera",
              "bowler": "AN Davidson-Richards",
              "non_striker": "H Karunaratne",
              "runs": {
                "batter": 4,
                "extras": 0,
                "total": 4
              }
            },
            {
              "batter": "GWHM Perera",
              "bowler": "AN Davidson-Richards",
              "non_striker": "H Karunaratne",
              "runs": {
                "batter": 0,
                "extras": 0,
                "total": 0
              }
            }
          ]
        },
        {
          "over": 11,
          "deliveries": [
            {
              "batter": "H Karunaratne",
              "bowler": "CE Dean",
              "non_striker": "GWHM Perera",
              "runs": {
                "batter": 4,
                "extras": 0,
                "total": 4
              }
            },
            {
              "batter": "H Karunaratne",
              "bowler": "CE Dean",
              "non_striker": "GWHM Perera",
              "runs": {
                "batter": 0,
                "extras": 0,
                "total": 0
              }
            },
            {
              "batter": "H Karunaratne",
              "bowler": "CE Dean",
              "non_striker": "GWHM Perera",
              "runs": {
                "batter": 0,
                "extras": 0,
                "total": 0
              }
            },
            {
              "batter": "H Karunaratne",
              "bowler": "CE Dean",
              "non_striker": "GWHM Perera",
              "runs": {
                "batter": 1,
                "extras": 0,
                "total": 1
              }
            },
            {
              "batter": "GWHM Perera",
              "bowler": "CE Dean",
              "non_striker": "H Karunaratne",
              "runs": {
                "batter": 0,
                "extras": 0,
                "total": 0
              }
            },
            {
              "batter": "GWHM Perera",
              "bowler": "CE Dean",
              "non_striker": "H Karunaratne",
              "runs": {
                "batter": 1,
                "extras": 0,
                "total": 1
              }
            }
          ]
        },
        {
          "over": 12,
          "deliveries": [
            {
              "batter": "GWHM Perera",
              "bowler": "AN Davidson-Richards",
              "non_striker": "H Karunaratne",
              "runs": {
                "batter": 2,
                "extras": 0,
                "total": 2
              }
            },
            {
              "batter": "GWHM Perera",
              "bowler": "AN Davidson-Richards",
              "non_striker": "H Karunaratne",
              "runs": {
                "batter": 0,
                "extras": 0,
                "total": 0
              }
            },
            {
              "batter": "GWHM Perera",
              "bowler": "AN Davidson-Richards",
              "non_striker": "H Karunaratne",
              "runs": {
                "batter": 0,
                "extras": 0,
                "total": 0
              }
            },
            {
              "batter": "GWHM Perera",
              "bowler": "AN Davidson-Richards",
              "non_striker": "H Karunaratne",
              "runs": {
                "batter": 1,
                "extras": 0,
                "total": 1
              }
            },
            {
              "batter": "H Karunaratne",
              "bowler": "AN Davidson-Richards",
              "non_striker": "GWHM Perera",
              "runs": {
                "batter": 0,
                "extras": 0,
                "total": 0
              }
            },
            {
              "batter": "H Karunaratne",
              "bowler": "AN Davidson-Richards",
              "non_striker": "GWHM Perera",
              "runs": {
                "batter": 1,
                "extras": 0,
                "total": 1
              }
            }
          ]
        },
        {
          "over": 13,
          "deliveries": [
            {
              "batter": "H Karunaratne",
              "bowler": "CE Dean",
              "non_striker": "GWHM Perera",
              "runs": {
                "batter": 0,
                "extras": 0,
                "total": 0
              }
            },
            {
              "batter": "H Karunaratne",
              "bowler": "CE Dean",
              "non_striker": "GWHM Perera",
              "runs": {
                "batter": 0,
                "extras": 0,
                "total": 0
              }
            },
            {
              "batter": "H Karunaratne",
              "bowler": "CE Dean",
              "non_striker": "GWHM Perera",
              "runs": {
                "batter": 0,
                "extras": 0,
                "total": 0
              }
            },
            {
              "batter": "H Karunaratne",
              "bowler": "CE Dean",
              "non_striker": "GWHM Perera",
              "runs": {
                "batter": 1,
                "extras": 0,
                "total": 1
              }
            },
            {
              "batter": "GWHM Perera",
              "bowler": "CE Dean",
              "non_striker": "H Karunaratne",
              "runs": {
                "batter": 2,
                "extras": 0,
                "total": 2
              }
            },
            {
              "batter": "GWHM Perera",
              "bowler": "CE Dean",
              "non_striker": "H Karunaratne",
              "runs": {
                "batter": 0,
                "extras": 0,
                "total": 0
              }
            }
          ]
        },
        {
          "over": 14,
          "deliveries": [
            {
              "batter": "H Karunaratne",
              "bowler": "AN Davidson-Richards",
              "non_striker": "GWHM Perera",
              "runs": {
                "batter": 1,
                "extras": 0,
                "total": 1
              }
            },
            {
              "batter": "GWHM Perera",
              "bowler": "AN Davidson-Richards",
              "non_striker": "H Karunaratne",
              "runs": {
                "batter": 0,
                "extras": 0,
                "total": 0
              }
            },
            {
              "batter": "GWHM Perera",
              "bowler": "AN Davidson-Richards",
              "non_striker": "H Karunaratne",
              "runs": {
                "batter": 0,
                "extras": 0,
                "total": 0
              }
            },
            {
              "batter": "GWHM Perera",
              "bowler": "AN Davidson-Richards",
              "non_striker": "H Karunaratne",
              "runs": {
                "batter": 0,
                "extras": 0,
                "total": 0
              }
            },
            {
              "batter": "GWHM Perera",
              "bowler": "AN Davidson-Richards",
              "non_striker": "H Karunaratne",
              "runs": {
                "batter": 0,
                "extras": 0,
                "total": 0
              }
            },
            {
              "batter": "GWHM Perera",
              "bowler": "AN Davidson-Richards",
              "non_striker": "H Karunaratne",
              "runs": {
                "batter": 0,
                "extras": 0,
                "total": 0
              }
            }
          ]
        },
        {
          "over": 15,
          "deliveries": [
            {
              "batter": "H Karunaratne",
              "bowler": "CE Dean",
              "non_striker": "GWHM Perera",
              "runs": {
                "batter": 0,
                "extras": 0,
                "total": 0
              }
            },
            {
              "batter": "H Karunaratne",
              "bowler": "CE Dean",
              "non_striker": "GWHM Perera",
              "runs": {
                "batter": 0,
                "extras": 0,
                "total": 0
              }
            },
            {
              "batter": "H Karunaratne",
              "bowler": "CE Dean",
              "non_striker": "GWHM Perera",
              "runs": {
                "batter": 0,
                "extras": 0,
                "total": 0
              }
            },
            {
              "batter": "H Karunaratne",
              "bowler": "CE Dean",
              "non_striker": "GWHM Perera",
              "runs": {
                "batter": 0,
                "extras": 0,
                "total": 0
              }
            },
            {
              "batter": "H Karunaratne",
              "bowler": "CE Dean",
              "non_striker": "GWHM Perera",
              "runs": {
                "batter": 0,
                "extras": 0,
                "total": 0
              }
            },
            {
              "batter": "H Karunaratne",
              "bowler": "CE Dean",
              "non_striker": "GWHM Perera",
              "runs": {
                "batter": 0,
                "extras": 0,
                "total": 0
              }
            }
          ]
        },
        {
          "over": 16,
          "deliveries": [
            {
              "batter": "GWHM Perera",
              "bowler": "AN Davidson-Richards",
              "non_striker": "H Karunaratne",
              "runs": {
                "batter": 1,
                "extras": 0,
                "total": 1
              }
            },
            {
              "batter": "H Karunaratne",
              "bowler": "AN Davidson-Richards",
              "non_striker": "GWHM Perera",
              "runs": {
                "batter": 0,
                "extras": 0,
                "total": 0
              }
            },
            {
              "batter": "H Karunaratne",
              "bowler": "AN Davidson-Richards",
              "non_striker": "GWHM Perera",
              "runs": {
                "batter": 0,
                "extras": 0,
                "total": 0
              }
            },
            {
              "batter": "H Karunaratne",
              "bowler": "AN Davidson-Richards",
              "non_striker": "GWHM Perera",
              "runs": {
                "batter": 0,
                "extras": 0,
                "total": 0
              },
              "wickets": [
                {
                  "player_out": "H Karunaratne",
                  "fielders": [
                    {
                      "name": "S Glenn"
                    }
                  ],
                  "kind": "caught"
                }
              ]
            },
            {
              "batter": "WK Dilhari",
              "bowler": "AN Davidson-Richards",
              "non_striker": "GWHM Perera",
              "runs": {
                "batter": 0,
                "extras": 0,
                "total": 0
              }
            },
            {
              "batter": "WK Dilhari",
              "bowler": "AN Davidson-Richards",
              "extras": {
                "legbyes": 1
              },
              "non_striker": "GWHM Perera",
              "runs": {
                "batter": 0,
                "extras": 1,
                "total": 1
              }
            }
          ]
        },
        {
          "over": 17,
          "deliveries": [
            {
              "batter": "WK Dilhari",
              "bowler": "CE Dean",
              "extras": {
                "wides": 1
              },
              "non_striker": "GWHM Perera",
              "runs": {
                "batter": 0,
                "extras": 1,
                "total": 1
              }
            },
            {
              "batter": "WK Dilhari",
              "bowler": "CE Dean",
              "non_striker": "GWHM Perera",
              "runs": {
                "batter": 0,
                "extras": 0,
                "total": 0
              }
            },
            {
              "batter": "WK Dilhari",
              "bowler": "CE Dean",
              "non_striker": "GWHM Perera",
              "runs": {
                "batter": 0,
                "extras": 0,
                "total": 0
              }
            },
            {
              "batter": "WK Dilhari",
              "bowler": "CE Dean",
              "non_striker": "GWHM Perera",
              "runs": {
                "batter": 0,
                "extras": 0,
                "total": 0
              }
            },
            {
              "batter": "WK Dilhari",
              "bowler": "CE Dean",
              "non_striker": "GWHM Perera",
              "runs": {
                "batter": 0,
                "extras": 0,
                "total": 0
              },
              "wickets": [
                {
                  "player_out": "WK Dilhari",
                  "kind": "caught and bowled"
                }
              ]
            },
            {
              "batter": "MAA Sanjeewani",
              "bowler": "CE Dean",
              "non_striker": "GWHM Perera",
              "runs": {
                "batter": 0,
                "extras": 0,
                "total": 0
              }
            },
            {
              "batter": "MAA Sanjeewani",
              "bowler": "CE Dean",
              "non_striker": "GWHM Perera",
              "runs": {
                "batter": 0,
                "extras": 0,
                "total": 0
              }
            }
          ]
        },
        {
          "over": 18,
          "deliveries": [
            {
              "batter": "GWHM Perera",
              "bowler": "AN Davidson-Richards",
              "non_striker": "MAA Sanjeewani",
              "runs": {
                "batter": 0,
                "extras": 0,
                "total": 0
              }
            },
            {
              "batter": "GWHM Perera",
              "bowler": "AN Davidson-Richards",
              "non_striker": "MAA Sanjeewani",
              "runs": {
                "batter": 1,
                "extras": 0,
                "total": 1
              }
            },
            {
              "batter": "MAA Sanjeewani",
              "bowler": "AN Davidson-Richards",
              "non_striker": "GWHM Perera",
              "runs": {
                "batter": 0,
                "extras": 0,
                "total": 0
              }
            },
            {
              "batter": "MAA Sanjeewani",
              "bowler": "AN Davidson-Richards",
              "non_striker": "GWHM Perera",
              "runs": {
                "batter": 0,
                "extras": 0,
                "total": 0
              },
              "wickets": [
                {
                  "player_out": "MAA Sanjeewani",
                  "kind": "bowled"
                }
              ]
            },
            {
              "batter": "OU Ranasinghe",
              "bowler": "AN Davidson-Richards",
              "non_striker": "GWHM Perera",
              "runs": {
                "batter": 1,
                "extras": 0,
                "total": 1
              }
            },
            {
              "batter": "GWHM Perera",
              "bowler": "AN Davidson-Richards",
              "non_striker": "OU Ranasinghe",
              "runs": {
                "batter": 0,
                "extras": 0,
                "total": 0
              }
            }
          ]
        },
        {
          "over": 19,
          "deliveries": [
            {
              "batter": "OU Ranasinghe",
              "bowler": "CE Dean",
              "non_striker": "GWHM Perera",
              "runs": {
                "batter": 0,
                "extras": 0,
                "total": 0
              }
            },
            {
              "batter": "OU Ranasinghe",
              "bowler": "CE Dean",
              "non_striker": "GWHM Perera",
              "runs": {
                "batter": 0,
                "extras": 0,
                "total": 0
              }
            },
            {
              "batter": "OU Ranasinghe",
              "bowler": "CE Dean",
              "non_striker": "GWHM Perera",
              "runs": {
                "batter": 0,
                "extras": 0,
                "total": 0
              }
            },
            {
              "batter": "OU Ranasinghe",
              "bowler": "CE Dean",
              "non_striker": "GWHM Perera",
              "runs": {
                "batter": 1,
                "extras": 0,
                "total": 1
              }
            },
            {
              "batter": "GWHM Perera",
              "bowler": "CE Dean",
              "non_striker": "OU Ranasinghe",
              "runs": {
                "batter": 1,
                "extras": 0,
                "total": 1
              }
            },
            {
              "batter": "OU Ranasinghe",
              "bowler": "CE Dean",
              "non_striker": "GWHM Perera",
              "runs": {
                "batter": 0,
                "extras": 0,
                "total": 0
              }
            }
          ]
        },
        {
          "over": 20,
          "deliveries": [
            {
              "batter": "GWHM Perera",
              "bowler": "S Glenn",
              "non_striker": "OU Ranasinghe",
              "runs": {
                "batter": 0,
                "extras": 0,
                "total": 0
              }
            },
            {
              "batter": "GWHM Perera",
              "bowler": "S Glenn",
              "non_striker": "OU Ranasinghe",
              "runs": {
                "batter": 1,
                "extras": 0,
                "total": 1
              }
            },
            {
              "batter": "OU Ranasinghe",
              "bowler": "S Glenn",
              "non_striker": "GWHM Perera",
              "runs": {
                "batter": 1,
                "extras": 0,
                "total": 1
              }
            },
            {
              "batter": "GWHM Perera",
              "bowler": "S Glenn",
              "non_striker": "OU Ranasinghe",
              "runs": {
                "batter": 0,
                "extras": 0,
                "total": 0
              }
            },
            {
              "batter": "GWHM Perera",
              "bowler": "S Glenn",
              "non_striker": "OU Ranasinghe",
              "runs": {
                "batter": 0,
                "extras": 0,
                "total": 0
              }
            },
            {
              "batter": "GWHM Perera",
              "bowler": "S Glenn",
              "non_striker": "OU Ranasinghe",
              "runs": {
                "batter": 0,
                "extras": 0,
                "total": 0
              }
            }
          ]
        },
        {
          "over": 21,
          "deliveries": [
            {
              "batter": "OU Ranasinghe",
              "bowler": "CE Dean",
              "non_striker": "GWHM Perera",
              "runs": {
                "batter": 0,
                "extras": 0,
                "total": 0
              }
            },
            {
              "batter": "OU Ranasinghe",
              "bowler": "CE Dean",
              "non_striker": "GWHM Perera",
              "runs": {
                "batter": 0,
                "extras": 0,
                "total": 0
              }
            },
            {
              "batter": "OU Ranasinghe",
              "bowler": "CE Dean",
              "non_striker": "GWHM Perera",
              "runs": {
                "batter": 0,
                "extras": 0,
                "total": 0
              }
            },
            {
              "batter": "OU Ranasinghe",
              "bowler": "CE Dean",
              "non_striker": "GWHM Perera",
              "runs": {
                "batter": 0,
                "extras": 0,
                "total": 0
              }
            },
            {
              "batter": "OU Ranasinghe",
              "bowler": "CE Dean",
              "non_striker": "GWHM Perera",
              "runs": {
                "batter": 0,
                "extras": 0,
                "total": 0
              }
            },
            {
              "batter": "OU Ranasinghe",
              "bowler": "CE Dean",
              "non_striker": "GWHM Perera",
              "runs": {
                "batter": 0,
                "extras": 0,
                "total": 0
              }
            }
          ]
        },
        {
          "over": 22,
          "deliveries": [
            {
              "batter": "GWHM Perera",
              "bowler": "S Glenn",
              "non_striker": "OU Ranasinghe",
              "runs": {
                "batter": 0,
                "extras": 0,
                "total": 0
              }
            },
            {
              "batter": "GWHM Perera",
              "bowler": "S Glenn",
              "non_striker": "OU Ranasinghe",
              "runs": {
                "batter": 1,
                "extras": 0,
                "total": 1
              }
            },
            {
              "batter": "OU Ranasinghe",
              "bowler": "S Glenn",
              "non_striker": "GWHM Perera",
              "runs": {
                "batter": 0,
                "extras": 0,
                "total": 0
              }
            },
            {
              "batter": "OU Ranasinghe",
              "bowler": "S Glenn",
              "non_striker": "GWHM Perera",
              "runs": {
                "batter": 0,
                "extras": 0,
                "total": 0
              }
            },
            {
              "batter": "OU Ranasinghe",
              "bowler": "S Glenn",
              "non_striker": "GWHM Perera",
              "runs": {
                "batter": 4,
                "extras": 0,
                "total": 4
              }
            },
            {
              "batter": "OU Ranasinghe",
              "bowler": "S Glenn",
              "non_striker": "GWHM Perera",
              "runs": {
                "batter": 0,
                "extras": 0,
                "total": 0
              }
            }
          ]
        },
        {
          "over": 23,
          "deliveries": [
            {
              "batter": "GWHM Perera",
              "bowler": "L Filer",
              "non_striker": "OU Ranasinghe",
              "runs": {
                "batter": 0,
                "extras": 0,
                "total": 0
              }
            },
            {
              "batter": "GWHM Perera",
              "bowler": "L Filer",
              "non_striker": "OU Ranasinghe",
              "runs": {
                "batter": 0,
                "extras": 0,
                "total": 0
              }
            },
            {
              "batter": "GWHM Perera",
              "bowler": "L Filer",
              "non_striker": "OU Ranasinghe",
              "runs": {
                "batter": 0,
                "extras": 0,
                "total": 0
              }
            },
            {
              "batter": "GWHM Perera",
              "bowler": "L Filer",
              "non_striker": "OU Ranasinghe",
              "runs": {
                "batter": 0,
                "extras": 0,
                "total": 0
              }
            },
            {
              "batter": "GWHM Perera",
              "bowler": "L Filer",
              "non_striker": "OU Ranasinghe",
              "runs": {
                "batter": 1,
                "extras": 0,
                "total": 1
              }
            },
            {
              "batter": "OU Ranasinghe",
              "bowler": "L Filer",
              "non_striker": "GWHM Perera",
              "runs": {
                "batter": 1,
                "extras": 0,
                "total": 1
              }
            }
          ]
        },
        {
          "over": 24,
          "deliveries": [
            {
              "batter": "OU Ranasinghe",
              "bowler": "S Glenn",
              "non_striker": "GWHM Perera",
              "runs": {
                "batter": 0,
                "extras": 0,
                "total": 0
              }
            },
            {
              "batter": "OU Ranasinghe",
              "bowler": "S Glenn",
              "non_striker": "GWHM Perera",
              "runs": {
                "batter": 0,
                "extras": 0,
                "total": 0
              }
            },
            {
              "batter": "OU Ranasinghe",
              "bowler": "S Glenn",
              "non_striker": "GWHM Perera",
              "runs": {
                "batter": 4,
                "extras": 0,
                "total": 4
              }
            },
            {
              "batter": "OU Ranasinghe",
              "bowler": "S Glenn",
              "non_striker": "GWHM Perera",
              "runs": {
                "batter": 0,
                "extras": 0,
                "total": 0
              }
            },
            {
              "batter": "OU Ranasinghe",
              "bowler": "S Glenn",
              "non_striker": "GWHM Perera",
              "runs": {
                "batter": 0,
                "extras": 0,
                "total": 0
              }
            },
            {
              "batter": "OU Ranasinghe",
              "bowler": "S Glenn",
              "non_striker": "GWHM Perera",
              "review": {
                "by": "Sri Lanka",
                "umpire": "J Naeem",
                "batter": "OU Ranasinghe",
                "decision": "struck down",
                "type": "wicket",
                "umpires_call": true
              },
              "runs": {
                "batter": 0,
                "extras": 0,
                "total": 0
              },
              "wickets": [
                {
                  "player_out": "OU Ranasinghe",
                  "kind": "lbw"
                }
              ]
            }
          ]
        },
        {
          "over": 25,
          "deliveries": [
            {
              "batter": "GWHM Perera",
              "bowler": "L Filer",
              "non_striker": "KDU Prabodhani",
              "runs": {
                "batter": 0,
                "extras": 0,
                "total": 0
              }
            },
            {
              "batter": "GWHM Perera",
              "bowler": "L Filer",
              "non_striker": "KDU Prabodhani",
              "runs": {
                "batter": 0,
                "extras": 0,
                "total": 0
              }
            },
            {
              "batter": "GWHM Perera",
              "bowler": "L Filer",
              "non_striker": "KDU Prabodhani",
              "runs": {
                "batter": 0,
                "extras": 0,
                "total": 0
              }
            },
            {
              "batter": "GWHM Perera",
              "bowler": "L Filer",
              "non_striker": "KDU Prabodhani",
              "runs": {
                "batter": 4,
                "extras": 0,
                "total": 4
              }
            },
            {
              "batter": "GWHM Perera",
              "bowler": "L Filer",
              "non_striker": "KDU Prabodhani",
              "runs": {
                "batter": 0,
                "extras": 0,
                "total": 0
              }
            },
            {
              "batter": "GWHM Perera",
              "bowler": "L Filer",
              "non_striker": "KDU Prabodhani",
              "runs": {
                "batter": 0,
                "extras": 0,
                "total": 0
              }
            }
          ]
        },
        {
          "over": 26,
          "deliveries": [
            {
              "batter": "KDU Prabodhani",
              "bowler": "S Glenn",
              "non_striker": "GWHM Perera",
              "runs": {
                "batter": 0,
                "extras": 0,
                "total": 0
              }
            },
            {
              "batter": "KDU Prabodhani",
              "bowler": "S Glenn",
              "non_striker": "GWHM Perera",
              "runs": {
                "batter": 0,
                "extras": 0,
                "total": 0
              }
            },
            {
              "batter": "KDU Prabodhani",
              "bowler": "S Glenn",
              "non_striker": "GWHM Perera",
              "runs": {
                "batter": 0,
                "extras": 0,
                "total": 0
              }
            },
            {
              "batter": "KDU Prabodhani",
              "bowler": "S Glenn",
              "non_striker": "GWHM Perera",
              "runs": {
                "batter": 0,
                "extras": 0,
                "total": 0
              }
            },
            {
              "batter": "KDU Prabodhani",
              "bowler": "S Glenn",
              "non_striker": "GWHM Perera",
              "runs": {
                "batter": 0,
                "extras": 0,
                "total": 0
              }
            },
            {
              "batter": "KDU Prabodhani",
              "bowler": "S Glenn",
              "non_striker": "GWHM Perera",
              "runs": {
                "batter": 0,
                "extras": 0,
                "total": 0
              }
            }
          ]
        },
        {
          "over": 27,
          "deliveries": [
            {
              "batter": "GWHM Perera",
              "bowler": "L Filer",
              "non_striker": "KDU Prabodhani",
              "runs": {
                "batter": 0,
                "extras": 0,
                "total": 0
              }
            },
            {
              "batter": "GWHM Perera",
              "bowler": "L Filer",
              "non_striker": "KDU Prabodhani",
              "runs": {
                "batter": 0,
                "extras": 0,
                "total": 0
              }
            },
            {
              "batter": "GWHM Perera",
              "bowler": "L Filer",
              "non_striker": "KDU Prabodhani",
              "runs": {
                "batter": 0,
                "extras": 0,
                "total": 0
              }
            },
            {
              "batter": "GWHM Perera",
              "bowler": "L Filer",
              "non_striker": "KDU Prabodhani",
              "runs": {
                "batter": 0,
                "extras": 0,
                "total": 0
              }
            },
            {
              "batter": "GWHM Perera",
              "bowler": "L Filer",
              "non_striker": "KDU Prabodhani",
              "runs": {
                "batter": 1,
                "extras": 0,
                "total": 1
              }
            },
            {
              "batter": "KDU Prabodhani",
              "bowler": "L Filer",
              "non_striker": "GWHM Perera",
              "runs": {
                "batter": 0,
                "extras": 0,
                "total": 0
              }
            }
          ]
        },
        {
          "over": 28,
          "deliveries": [
            {
              "batter": "GWHM Perera",
              "bowler": "S Glenn",
              "non_striker": "KDU Prabodhani",
              "runs": {
                "batter": 0,
                "extras": 0,
                "total": 0
              }
            },
            {
              "batter": "GWHM Perera",
              "bowler": "S Glenn",
              "non_striker": "KDU Prabodhani",
              "runs": {
                "batter": 1,
                "extras": 0,
                "total": 1
              }
            },
            {
              "batter": "KDU Prabodhani",
              "bowler": "S Glenn",
              "non_striker": "GWHM Perera",
              "runs": {
                "batter": 0,
                "extras": 0,
                "total": 0
              }
            },
            {
              "batter": "KDU Prabodhani",
              "bowler": "S Glenn",
              "non_striker": "GWHM Perera",
              "runs": {
                "batter": 0,
                "extras": 0,
                "total": 0
              }
            },
            {
              "batter": "KDU Prabodhani",
              "bowler": "S Glenn",
              "non_striker": "GWHM Perera",
              "runs": {
                "batter": 0,
                "extras": 0,
                "total": 0
              }
            },
            {
              "batter": "KDU Prabodhani",
              "bowler": "S Glenn",
              "non_striker": "GWHM Perera",
              "runs": {
                "batter": 0,
                "extras": 0,
                "total": 0
              }
            }
          ]
        },
        {
          "over": 29,
          "deliveries": [
            {
              "batter": "GWHM Perera",
              "bowler": "L Filer",
              "non_striker": "KDU Prabodhani",
              "runs": {
                "batter": 1,
                "extras": 0,
                "total": 1
              }
            },
            {
              "batter": "KDU Prabodhani",
              "bowler": "L Filer",
              "non_striker": "GWHM Perera",
              "runs": {
                "batter": 0,
                "extras": 0,
                "total": 0
              }
            },
            {
              "batter": "KDU Prabodhani",
              "bowler": "L Filer",
              "non_striker": "GWHM Perera",
              "runs": {
                "batter": 0,
                "extras": 0,
                "total": 0
              }
            },
            {
              "batter": "KDU Prabodhani",
              "bowler": "L Filer",
              "non_striker": "GWHM Perera",
              "runs": {
                "batter": 0,
                "extras": 0,
                "total": 0
              }
            },
            {
              "batter": "KDU Prabodhani",
              "bowler": "L Filer",
              "non_striker": "GWHM Perera",
              "runs": {
                "batter": 0,
                "extras": 0,
                "total": 0
              },
              "wickets": [
                {
                  "player_out": "KDU Prabodhani",
                  "fielders": [
                    {
                      "name": "AE Jones"
                    }
                  ],
                  "kind": "caught"
                }
              ]
            },
            {
              "batter": "WGAKK Kulasuriya",
              "bowler": "L Filer",
              "non_striker": "GWHM Perera",
              "runs": {
                "batter": 0,
                "extras": 0,
                "total": 0
              }
            }
          ]
        },
        {
          "over": 30,
          "deliveries": [
            {
              "batter": "GWHM Perera",
              "bowler": "S Glenn",
              "non_striker": "WGAKK Kulasuriya",
              "runs": {
                "batter": 0,
                "extras": 0,
                "total": 0
              }
            },
            {
              "batter": "GWHM Perera",
              "bowler": "S Glenn",
              "non_striker": "WGAKK Kulasuriya",
              "runs": {
                "batter": 0,
                "extras": 0,
                "total": 0
              }
            },
            {
              "batter": "GWHM Perera",
              "bowler": "S Glenn",
              "non_striker": "WGAKK Kulasuriya",
              "runs": {
                "batter": 4,
                "extras": 0,
                "total": 4
              }
            },
            {
              "batter": "GWHM Perera",
              "bowler": "S Glenn",
              "non_striker": "WGAKK Kulasuriya",
              "runs": {
                "batter": 0,
                "extras": 0,
                "total": 0
              }
            },
            {
              "batter": "GWHM Perera",
              "bowler": "S Glenn",
              "non_striker": "WGAKK Kulasuriya",
              "runs": {
                "batter": 0,
                "extras": 0,
                "total": 0
              },
              "wickets": [
                {
                  "player_out": "WGAKK Kulasuriya",
                  "fielders": [
                    {
                      "name": "KL Cross"
                    }
                  ],
                  "kind": "run out"
                }
              ]
            }
          ]
        }
      ],
      "powerplays": [
        {
          "from": 0.1,
          "to": 9.6,
          "type": "mandatory"
        }
      ]
    }
  ]
}