{
  "meta": {
    "data_version": "1.1.0",
    "created": "2024-09-25",
    "revision": 1
  },
  "info": {
    "balls_per_over": 6,
    "city": "Windhoek",
    "dates": [
      "2024-09-18"
    ],
    "event": {
      "name": "ICC Men's Cricket World Cup League 2",
      "match_number": 27
    },
    "gender": "male",
    "match_type": "ODI",
    "match_type_number": 4763,
    "officials": {
      "match_referees": [
        "GH Pienaar"
      ],
      "reserve_umpires": [
        "Bismillah Shinwari"
      ],
      "umpires": [
        "A Louw",
        "Claus Schumacher"
      ]
    },
    "outcome": {
      "winner": "United States of America",
      "by": {
        "wickets": 10
      }
    },
    "overs": 50,
    "player_of_match": [
      "Jasdeep Singh"
    ],
    "players": {
      "United Arab Emirates": [
        "A Sharma",
        "Waseem Muhammad",
        "A Sharafu",
        "V Sukumaran",
        "R Chopra",
        "Aayan Afzal Khan",
        "Basil Hameed",
        "Ali Naseer",
        "RN Bhatia",
        "Junaid Siddique",
        "Muhammad Jawadullah"
      ],
      "United States of America": [
        "SK Patel",
        "AGS Gous",
        "MD Patel",
        "SR Mukkamalla",
        "Milind Kumar",
        "Shayan Jahangir",
        "Harmeet Singh",
        "Jasdeep Singh",
        "NP Kenjige",
        "SN Netravalkar",
        "J Drysdale"
      ]
    },
    "registry": {
      "people": {
        "A Louw": "5eecae5d",
        "A Sharafu": "06cad4f0",
        "A Sharma": "5661ef90",
        "AGS Gous": "d1305df0",
        "Aayan Afzal Khan": "d2d15439",
        "Ali Naseer": "f5715b48",
        "Basil Hameed": "adbf0400",
        "Bismillah Shinwari": "cae815a0",
        "Claus Schumacher": "85645e62",
        "GH Pienaar": "3516e46b",
        "Harmeet Singh": "0bf15e52",
        "J Drysdale": "23f94c02",
        "Jasdeep Singh": "5ec41cd7",
        "Junaid Siddique": "84dc72db",
        "MD Patel": "25d7f1ac",
        "Milind Kumar": "b4296080",
        "Muhammad Jawadullah": "098a757c",
        "NP Kenjige": "f7d267f7",
        "R Chopra": "a71d0f89",
        "RN Bhatia": "2eece016",
        "SK Patel": "f93b43dd",
        "SN Netravalkar": "c8a3f688",
        "SR Mukkamalla": "156d0ea2",
        "Shayan Jahangir": "571e1d2a",
        "V Sukumaran": "5eb51b97",
        "Waseem Muhammad": "6f02fe2a"
      }
    },
    "season": "2024",
    "team_type": "international",
    "teams": [
      "United Arab Emirates",
      "United States of America"
    ],
    "toss": {
      "decision": "field",
      "winner": "United States of America"
    },
    "venue": "United Cricket Club Ground, Windhoek"
  },
  "innings": [
    {
      "team": "United Arab Emirates",
      "overs": [
        {
          "over": 0,
          "deliveries": [
            {
              "batter": "A Sharma",
              "bowler": "SN Netravalkar",
              "non_striker": "Waseem Muhammad",
              "runs": {
                "batter": 0,
                "extras": 0,
                "total": 0
              }
            },
            {
              "batter": "A Sharma",
              "bowler": "SN Netravalkar",
              "non_striker": "Waseem Muhammad",
              "runs": {
                "batter": 1,
                "extras": 0,
                "total": 1
              }
            },
            {
              "batter": "Waseem Muhammad",
              "bowler": "SN Netravalkar",
              "non_striker": "A Sharma",
              "runs": {
                "batter": 0,
                "extras": 0,
                "total": 0
              }
            },
            {
              "batter": "Waseem Muhammad",
              "bowler": "SN Netravalkar",
              "non_striker": "A Sharma",
              "runs": {
                "batter": 0,
                "extras": 0,
                "total": 0
              }
            },
            {
              "batter": "Waseem Muhammad",
              "bowler": "SN Netravalkar",
              "non_striker": "A Sharma",
              "runs": {
                "batter": 2,
                "extras": 0,
                "total": 2
              }
            },
            {
              "batter": "Waseem Muhammad",
              "bowler": "SN Netravalkar",
              "non_striker": "A Sharma",
              "runs": {
                "batter": 0,
                "extras": 0,
                "total": 0
              }
            }
          ]
        },
        {
          "over": 1,
          "deliveries": [
            {
              "batter": "A Sharma",
              "bowler": "J Drysdale",
              "non_striker": "Waseem Muhammad",
              "runs": {
                "batter": 0,
                "extras": 0,
                "total": 0
              }
            },
            {
              "batter": "A Sharma",
              "bowler": "J Drysdale",
              "non_striker": "Waseem Muhammad",
              "runs": {
                "batter": 0,
                "extras": 0,
                "total": 0
              }
            },
            {
              "batter": "A Sharma",
              "bowler": "J Drysdale",
              "non_striker": "Waseem Muhammad",
              "runs": {
                "batter": 0,
                "extras": 0,
                "total": 0
              }
            },
            {
              "batter": "A Sharma",
              "bowler": "J Drysdale",
              "non_striker": "Waseem Muhammad",
              "runs": {
                "batter": 0,
                "extras": 0,
                "total": 0
              }
            },
            {
              "batter": "A Sharma",
              "bowler": "J Drysdale",
              "non_striker": "Waseem Muhammad",
              "runs": {
                "batter": 0,
                "extras": 0,
                "total": 0
              }
            },
            {
              "batter": "A Sharma",
              "bowler": "J Drysdale",
              "non_striker": "Waseem Muhammad",
              "runs": {
                "batter": 0,
                "extras": 0,
                "total": 0
              }
            }
          ]
        },
        {
          "over": 2,
          "deliveries": [
            {
              "batter": "Waseem Muhammad",
              "bowler": "SN Netravalkar",
              "non_striker": "A Sharma",
              "runs": {
                "batter": 0,
                "extras": 0,
                "total": 0
              }
            },
            {
              "batter": "Waseem Muhammad",
              "bowler": "SN Netravalkar",
              "non_striker": "A Sharma",
              "runs": {
                "batter": 0,
                "extras": 0,
                "total": 0
              }
            },
            {
              "batter": "Waseem Muhammad",
              "bowler": "SN Netravalkar",
              "non_striker": "A Sharma",
              "runs": {
                "batter": 0,
                "extras": 0,
                "total": 0
              },
              "wickets": [
                {
                  "player_out": "Waseem Muhammad",
                  "fielders": [
                    {
                      "name": "SK Patel"
                    }
                  ],
                  "kind": "caught"
                }
              ]
            },
            {
              "batter": "A Sharafu",
              "bowler": "SN Netravalkar",
              "non_striker": "A Sharma",
              "runs": {
                "batter": 0,
                "extras": 0,
                "total": 0
              }
            },
            {
              "batter": "A Sharafu",
              "bowler": "SN Netravalkar",
              "non_striker": "A Sharma",
              "runs": {
                "batter": 0,
                "extras": 0,
                "total": 0
              },
              "wickets": [
                {
                  "player_out": "A Sharafu",
                  "fielders": [
                    {
                      "name": "SK Patel"
                    }
                  ],
                  "kind": "caught"
                }
              ]
            },
            {
              "batter": "V Sukumaran",
              "bowler": "SN Netravalkar",
              "non_striker": "A Sharma",
              "runs": {
                "batter": 0,
                "extras": 0,
                "total": 0
              }
            }
          ]
        },
        {
          "over": 3,
          "deliveries": [
            {
              "batter": "A Sharma",
              "bowler": "J Drysdale",
              "non_striker": "V Sukumaran",
              "runs": {
                "batter": 4,
                "extras": 0,
                "total": 4
              }
            },
            {
              "batter": "A Sharma",
              "bowler": "J Drysdale",
              "non_striker": "V Sukumaran",
              "runs": {
                "batter": 1,
                "extras": 0,
                "total": 1
              }
            },
            {
              "batter": "V Sukumaran",
              "bowler": "J Drysdale",
              "non_striker": "A Sharma",
              "runs": {
                "batter": 0,
                "extras": 0,
                "total": 0
              }
            },
            {
              "batter": "V Sukumaran",
              "bowler": "J Drysdale",
              "non_striker": "A Sharma",
              "runs": {
                "batter": 0,
                "extras": 0,
                "total": 0
              }
            },
            {
              "batter": "V Sukumaran",
              "bowler": "J Drysdale",
              "non_striker": "A Sharma",
              "runs": {
                "batter": 1,
                "extras": 0,
                "total": 1
              }
            },
            {
              "batter": "A Sharma",
              "bowler": "J Drysdale",
              "non_striker": "V Sukumaran",
              "runs": {
                "batter": 0,
                "extras": 0,
                "total": 0
              }
            }
          ]
        },
        {
          "over": 4,
          "deliveries": [
            {
              "batter": "V Sukumaran",
              "bowler": "SN Netravalkar",
              "non_striker": "A Sharma",
              "runs": {
                "batter": 0,
                "extras": 0,
                "total": 0
              }
            },
            {
              "batter": "V Sukumaran",
              "bowler": "SN Netravalkar",
              "non_striker": "A Sharma",
              "runs": {
                "batter": 0,
                "extras": 0,
                "total": 0
              }
            },
            {
              "batter": "V Sukumaran",
              "bowler": "SN Netravalkar",
              "non_striker": "A Sharma",
              "runs": {
                "batter": 0,
                "extras": 0,
                "total": 0
              }
            },
            {
              "batter": "V Sukumaran",
              "bowler": "SN Netravalkar",
              "non_striker": "A Sharma",
              "runs": {
                "batter": 0,
                "extras": 0,
                "total": 0
              }
            },
            {
              "batter": "V Sukumaran",
              "bowler": "SN Netravalkar",
              "non_striker": "A Sharma",
              "runs": {
                "batter": 0,
                "extras": 0,
                "total": 0
              }
            },
            {
              "batter": "V Sukumaran",
              "bowler": "SN Netravalkar",
              "non_striker": "A Sharma",
              "runs": {
                "batter": 0,
                "extras": 0,
                "total": 0
              }
            }
          ]
        },
        {
          "over": 5,
          "deliveries": [
            {
              "batter": "A Sharma",
              "bowler": "J Drysdale",
              "non_striker": "V Sukumaran",
              "runs": {
                "batter": 4,
                "extras": 0,
                "total": 4
              }
            },
            {
              "batter": "A Sharma",
              "bowler": "J Drysdale",
              "non_striker": "V Sukumaran",
              "runs": {
                "batter": 0,
                "extras": 0,
                "total": 0
              }
            },
            {
              "batter": "A Sharma",
              "bowler": "J Drysdale",
              "non_striker": "V Sukumaran",
              "runs": {
                "batter": 0,
                "extras": 0,
                "total": 0
              }
            },
            {
              "batter": "A Sharma",
              "bowler": "J Drysdale",
              "non_striker": "V Sukumaran",
              "runs": {
                "batter": 4,
                "extras": 0,
                "total": 4
              }
            },
            {
              "batter": "A Sharma",
              "bowler": "J Drysdale",
              "extras": {
                "wides": 1
              },
              "non_striker": "V Sukumaran",
              "runs": {
                "batter": 0,
                "extras": 1,
                "total": 1
              }
            },
            {
              "batter": "A Sharma",
              "bowler": "J Drysdale",
              "non_striker": "V Sukumaran",
              "runs": {
                "batter": 2,
                "extras": 0,
                "total": 2
              }
            },
            {
              "batter": "A Sharma",
              "bowler": "J Drysdale",
              "non_striker": "V Sukumaran",
              "runs": {
                "batter": 0,
                "extras": 0,
                "total": 0
              }
            }
          ]
        },
        {
          "over": 6,
          "deliveries": [
            {
              "batter": "V Sukumaran",
              "bowler": "SN Netravalkar",
              "non_striker": "A Sharma",
              "runs": {
                "batter": 0,
                "extras": 0,
                "total": 0
              }
            },
            {
              "batter": "V Sukumaran",
              "bowler": "SN Netravalkar",
              "non_striker": "A Sharma",
              "runs": {
                "batter": 1,
                "extras": 0,
                "total": 1
              }
            },
            {
              "batter": "A Sharma",
              "bowler": "SN Netravalkar",
              "non_striker": "V Sukumaran",
              "runs": {
                "batter": 0,
                "extras": 0,
                "total": 0
              }
            },
            {
              "batter": "A Sharma",
              "bowler": "SN Netravalkar",
              "non_striker": "V Sukumaran",
              "runs": {
                "batter": 4,
                "extras": 0,
                "total": 4
              }
            },
            {
              "batter": "A Sharma",
              "bowler": "SN Netravalkar",
              "non_striker": "V Sukumaran",
              "runs": {
                "batter": 1,
                "extras": 0,
                "total": 1
              }
            },
            {
              "batter": "V Sukumaran",
              "bowler": "SN Netravalkar",
              "non_striker": "A Sharma",
              "runs": {
                "batter": 0,
                "extras": 0,
                "total": 0
              }
            }
          ]
        },
        {
          "over": 7,
          "deliveries": [
            {
              "batter": "A Sharma",
              "bowler": "NP Kenjige",
              "non_striker": "V Sukumaran",
              "runs": {
                "batter": 1,
                "extras": 0,
                "total": 1
              }
            },
            {
              "batter": "V Sukumaran",
              "bowler": "NP Kenjige",
              "non_striker": "A Sharma",
              "runs": {
                "batter": 0,
                "extras": 0,
                "total": 0
              }
            },
            {
              "batter": "V Sukumaran",
              "bowler": "NP Kenjige",
              "non_striker": "A Sharma",
              "runs": {
                "batter": 0,
                "extras": 0,
                "total": 0
              }
            },
            {
              "batter": "V Sukumaran",
              "bowler": "NP Kenjige",
              "non_striker": "A Sharma",
              "runs": {
                "batter": 0,
                "extras": 0,
                "total": 0
              },
              "wickets": [
                {
                  "player_out": "V Sukumaran",
                  "fielders": [
                    {
                      "name": "AGS Gous"
                    }
                  ],
                  "kind": "caught"
                }
              ]
            },
            {
              "batter": "R Chopra",
              "bowler": "NP Kenjige",
              "non_striker": "A Sharma",
              "runs": {
                "batter": 2,
                "extras": 0,
                "total": 2
              }
            },
            {
              "batter": "R Chopra",
              "bowler": "NP Kenjige",
              "non_striker": "A Sharma",
              "runs": {
                "batter": 0,
                "extras": 0,
                "total": 0
              }
            }
          ]
        },
        {
          "over": 8,
          "deliveries": [
            {
              "batter": "A Sharma",
              "bowler": "SN Netravalkar",
              "non_striker": "R Chopra",
              "runs": {
                "batter": 0,
                "extras": 0,
                "total": 0
              }
            },
            {
              "batter": "A Sharma",
              "bowler": "SN Netravalkar",
              "non_striker": "R Chopra",
              "runs": {
                "batter": 0,
                "extras": 0,
                "total": 0
              }
            },
            {
              "batter": "A Sharma",
              "bowler": "SN Netravalkar",
              "non_striker": "R Chopra",
              "runs": {
                "batter": 0,
                "extras": 0,
                "total": 0
              }
            },
            {
              "batter": "A Sharma",
              "bowler": "SN Netravalkar",
              "non_striker": "R Chopra",
              "runs": {
                "batter": 0,
                "extras": 0,
                "total": 0
              }
            },
            {
              "batter": "A Sharma",
              "bowler": "SN Netravalkar",
              "non_striker": "R Chopra",
              "runs": {
                "batter": 1,
                "extras": 0,
                "total": 1
              }
            },
            {
              "batter": "R Chopra",
              "bowler": "SN Netravalkar",
              "non_striker": "A Sharma",
              "runs": {
                "batter": 0,
                "extras": 0,
                "total": 0
              }
            }
          ]
        },
        {
          "over": 9,
          "deliveries": [
            {
              "batter": "A Sharma",
              "bowler": "NP Kenjige",
              "non_striker": "R Chopra",
              "runs": {
                "batter": 0,
                "extras": 0,
                "total": 0
              }
            },
            {
              "batter": "A Sharma",
              "bowler": "NP Kenjige",
              "non_striker": "R Chopra",
              "runs": {
                "batter": 0,
                "extras": 0,
                "total": 0
              }
            },
            {
              "batter": "A Sharma",
              "bowler": "NP Kenjige",
              "non_striker": "R Chopra",
              "runs": {
                "batter": 1,
                "extras": 0,
                "total": 1
              }
            },
            {
              "batter": "R Chopra",
              "bowler": "NP Kenjige",
              "non_striker": "A Sharma",
              "runs": {
                "batter": 0,
                "extras": 0,
                "total": 0
              }
            },
            {
              "batter": "R Chopra",
              "bowler": "NP Kenjige",
              "non_striker": "A Sharma",
              "runs": {
                "batter": 0,
                "extras": 0,
                "total": 0
              }
            },
            {
              "batter": "R Chopra",
              "bowler": "NP Kenjige",
              "non_striker": "A Sharma",
              "runs": {
                "batter": 0,
                "extras": 0,
                "total": 0
              }
            }
          ]
        },
        {
          "over": 10,
          "deliveries": [
            {
              "batter": "A Sharma",
              "bowler": "SN Netravalkar",
              "non_striker": "R Chopra",
              "runs": {
                "batter": 0,
                "extras": 0,
                "total": 0
              }
            },
            {
              "batter": "A Sharma",
              "bowler": "SN Netravalkar",
              "non_striker": "R Chopra",
              "runs": {
                "batter": 0,
                "extras": 0,
                "total": 0
              }
            },
            {
              "batter": "A Sharma",
              "bowler": "SN Netravalkar",
              "non_striker": "R Chopra",
              "runs": {
                "batter": 0,
                "extras": 0,
                "total": 0
              }
            },
            {
              "batter": "A Sharma",
              "bowler": "SN Netravalkar",
              "non_striker": "R Chopra",
              "runs": {
                "batter": 0,
                "extras": 0,
                "total": 0
              }
            },
            {
              "batter": "A Sharma",
              "bowler": "SN Netravalkar",
              "non_striker": "R Chopra",
              "runs": {
                "batter": 0,
                "extras": 0,
                "total": 0
              }
            },
            {
              "batter": "A Sharma",
              "bowler": "SN Netravalkar",
              "non_striker": "R Chopra",
              "runs": {
                "batter": 0,
                "extras": 0,
                "total": 0
              }
            }
          ]
        },
        {
          "over": 11,
          "deliveries": [
            {
              "batter": "R Chopra",
              "bowler": "NP Kenjige",
              "non_striker": "A Sharma",
              "runs": {
                "batter": 1,
                "extras": 0,
                "total": 1
              }
            },
            {
              "batter": "A Sharma",
              "bowler": "NP Kenjige",
              "non_striker": "R Chopra",
              "runs": {
                "batter": 1,
                "extras": 0,
                "total": 1
              }
            },
            {
              "batter": "R Chopra",
              "bowler": "NP Kenjige",
              "non_striker": "A Sharma",
              "runs": {
                "batter": 0,
                "extras": 0,
                "total": 0
              }
            },
            {
              "batter": "R Chopra",
              "bowler": "NP Kenjige",
              "non_striker": "A Sharma",
              "runs": {
                "batter": 1,
                "extras": 0,
                "total": 1
              }
            },
            {
              "batter": "A Sharma",
              "bowler": "NP Kenjige",
              "non_striker": "R Chopra",
              "runs": {
                "batter": 6,
                "extras": 0,
                "total": 6
              }
            },
            {
              "batter": "A Sharma",
              "bowler": "NP Kenjige",
              "non_striker": "R Chopra",
              "runs": {
                "batter": 0,
                "extras": 0,
                "total": 0
              },
              "wickets": [
                {
                  "player_out": "A Sharma",
                  "fielders": [
                    {
                      "name": "Milind Kumar"
                    }
                  ],
                  "kind": "caught"
                }
              ]
            }
          ]
        },
        {
          "over": 12,
          "deliveries": [
            {
              "batter": "R Chopra",
              "bowler": "Jasdeep Singh",
              "extras": {
                "wides": 1
              },
              "non_striker": "Aayan Afzal Khan",
              "runs": {
                "batter": 0,
                "extras": 1,
                "total": 1
              }
            },
            {
              "batter": "R Chopra",
              "bowler": "Jasdeep Singh",
              "non_striker": "Aayan Afzal Khan",
              "runs": {
                "batter": 0,
                "extras": 0,
                "total": 0
              }
            },
            {
              "batter": "R Chopra",
              "bowler": "Jasdeep Singh",
              "non_striker": "Aayan Afzal Khan",
              "runs": {
                "batter": 0,
                "extras": 0,
                "total": 0
              }
            },
            {
              "batter": "R Chopra",
              "bowler": "Jasdeep Singh",
              "extras": {
                "wides": 1
              },
              "non_striker": "Aayan Afzal Khan",
              "runs": {
                "batter": 0,
                "extras": 1,
                "total": 1
              }
            },
            {
              "batter": "R Chopra",
              "bowler": "Jasdeep Singh",
              "non_striker": "Aayan Afzal Khan",
              "runs": {
                "batter": 1,
                "extras": 0,
                "total": 1
              }
            },
            {
              "batter": "Aayan Afzal Khan",
              "bowler": "Jasdeep Singh",
              "non_striker": "R Chopra",
              "runs": {
                "batter": 0,
                "extras": 0,
                "total": 0
              },
              "wickets": [
                {
                  "player_out": "Aayan Afzal Khan",
                  "kind": "bowled"
                }
              ]
            },
            {
              "batter": "Basil Hameed",
              "bowler": "Jasdeep Singh",
              "non_striker": "R Chopra",
              "runs": {
                "batter": 0,
                "extras": 0,
                "total": 0
              },
              "wickets": [
                {
                  "player_out": "Basil Hameed",
                  "fielders": [
                    {
                      "name": "SK Patel"
                    }
                  ],
                  "kind": "caught"
                }
              ]
            },
            {
              "batter": "Ali Naseer",
              "bowler": "Jasdeep Singh",
              "non_striker": "R Chopra",
              "runs": {
                "batter": 0,
                "extras": 0,
                "total": 0
              }
            }
          ]
        },
        {
          "over": 13,
          "deliveries": [
            {
              "batter": "R Chopra",
              "bowler": "SN Netravalkar",
              "non_striker": "Ali Naseer",
              "runs": {
                "batter": 0,
                "extras": 0,
                "total": 0
              }
            },
            {
              "batter": "R Chopra",
              "bowler": "SN Netravalkar",
              "non_striker": "Ali Naseer",
              "runs": {
                "batter": 0,
                "extras": 0,
                "total": 0
              }
            },
            {
              "batter": "R Chopra",
              "bowler": "SN Netravalkar",
              "non_striker": "Ali Naseer",
              "runs": {
                "batter": 0,
                "extras": 0,
                "total": 0
              }
            },
            {
              "batter": "R Chopra",
              "bowler": "SN Netravalkar",
              "non_striker": "Ali Naseer",
              "runs": {
                "batter": 0,
                "extras": 0,
                "total": 0
              }
            },
            {
              "batter": "R Chopra",
              "bowler": "SN Netravalkar",
              "non_striker": "Ali Naseer",
              "runs": {
                "batter": 0,
                "extras": 0,
                "total": 0
              }
            },
            {
              "batter": "R Chopra",
              "bowler": "SN Netravalkar",
              "non_striker": "Ali Naseer",
              "runs": {
                "batter": 0,
                "extras": 0,
                "total": 0
              }
            }
          ]
        },
        {
          "over": 14,
          "deliveries": [
            {
              "batter": "Ali Naseer",
              "bowler": "Jasdeep Singh",
              "non_striker": "R Chopra",
              "runs": {
                "batter": 4,
                "extras": 0,
                "total": 4
              }
            },
            {
              "batter": "Ali Naseer",
              "bowler": "Jasdeep Singh",
              "non_striker": "R Chopra",
              "runs": {
                "batter": 0,
                "extras": 0,
                "total": 0
              }
            },
            {
              "batter": "Ali Naseer",
              "bowler": "Jasdeep Singh",
              "extras": {
                "wides": 1
              },
              "non_striker": "R Chopra",
              "runs": {
                "batter": 0,
                "extras": 1,
                "total": 1
              }
            },
            {
              "batter": "Ali Naseer",
              "bowler": "Jasdeep Singh",
              "extras": {
                "wides": 1
              },
              "non_striker": "R Chopra",
              "runs": {
                "batter": 0,
                "extras": 1,
                "total": 1
              }
            },
            {
              "batter": "Ali Naseer",
              "bowler": "Jasdeep Singh",
              "non_striker": "R Chopra",
              "runs": {
                "batter": 0,
                "extras": 0,
                "total": 0
              }
            },
            {
              "batter": "Ali Naseer",
              "bowler": "Jasdeep Singh",
              "non_striker": "R Chopra",
              "runs": {
                "batter": 0,
                "extras": 0,
                "total": 0
              }
            },
            {
              "batter": "Ali Naseer",
              "bowler": "Jasdeep Singh",
              "non_striker": "R Chopra",
              "runs": {
                "batter": 0,
                "extras": 0,
                "total": 0
              }
            },
            {
              "batter": "Ali Naseer",
              "bowler": "Jasdeep Singh",
              "non_striker": "R Chopra",
              "runs": {
                "batter": 0,
                "extras": 0,
                "total": 0
              }
            }
          ]
        },
        {
          "over": 15,
          "deliveries": [
            {
              "batter": "R Chopra",
              "bowler": "SN Netravalkar",
              "non_striker": "Ali Naseer",
              "runs": {
                "batter": 0,
                "extras": 0,
                "total": 0
              }
            },
            {
              "batter": "R Chopra",
              "bowler": "SN Netravalkar",
              "non_striker": "Ali Naseer",
              "runs": {
                "batter": 1,
                "extras": 0,
                "total": 1
              }
            },
            {
              "batter": "Ali Naseer",
              "bowler": "SN Netravalkar",
              "non_striker": "R Chopra",
              "runs": {
                "batter": 1,
                "extras": 0,
                "total": 1
              }
            },
            {
              "batter": "R Chopra",
              "bowler": "SN Netravalkar",
              "non_striker": "Ali Naseer",
              "runs": {
                "batter": 1,
                "extras": 0,
                "total": 1
              }
            },
            {
              "batter": "Ali Naseer",
              "bowler": "SN Netravalkar",
              "non_striker": "R Chopra",
              "runs": {
                "batter": 4,
                "extras": 0,
                "total": 4
              }
            },
            {
              "batter": "Ali Naseer",
              "bowler": "SN Netravalkar",
              "non_striker": "R Chopra",
              "runs": {
                "batter": 0,
                "extras": 0,
                "total": 0
              }
            }
          ]
        },
        {
          "over": 16,
          "deliveries": [
            {
              "batter": "R Chopra",
              "bowler": "Jasdeep Singh",
              "non_striker": "Ali Naseer",
              "runs": {
                "batter": 1,
                "extras": 0,
                "total": 1
              }
            },
            {
              "batter": "Ali Naseer",
              "bowler": "Jasdeep Singh",
              "non_striker": "R Chopra",
              "runs": {
                "batter": 0,
                "extras": 0,
                "total": 0
              }
            },
            {
              "batter": "Ali Naseer",
              "bowler": "Jasdeep Singh",
              "non_striker": "R Chopra",
              "runs": {
                "batter": 0,
                "extras": 0,
                "total": 0
              }
            },
            {
              "batter": "Ali Naseer",
              "bowler": "Jasdeep Singh",
              "extras": {
                "wides": 1
              },
              "non_striker": "R Chopra",
              "runs": {
                "batter": 0,
                "extras": 1,
                "total": 1
              }
            },
            {
              "batter": "Ali Naseer",
              "bowler": "Jasdeep Singh",
              "non_striker": "R Chopra",
              "runs": {
                "batter": 0,
                "extras": 0,
                "total": 0
              }
            },
            {
              "batter": "Ali Naseer",
              "bowler": "Jasdeep Singh",
              "non_striker": "R Chopra",
              "runs": {
                "batter": 0,
                "extras": 0,
                "total": 0
              }
            },
            {
              "batter": "Ali Naseer",
              "bowler": "Jasdeep Singh",
              "non_striker": "R Chopra",
              "runs": {
                "batter": 4,
                "extras": 0,
                "total": 4
              }
            }
          ]
        },
        {
          "over": 17,
          "deliveries": [
            {
              "batter": "R Chopra",
              "bowler": "Milind Kumar",
              "non_striker": "Ali Naseer",
              "runs": {
                "batter": 0,
                "extras": 0,
                "total": 0
              }
            },
            {
              "batter": "R Chopra",
              "bowler": "Milind Kumar",
              "extras": {
                "legbyes": 2
              },
              "non_striker": "Ali Naseer",
              "runs": {
                "batter": 0,
                "extras": 2,
                "total": 2
              }
            },
            {
              "batter": "R Chopra",
              "bowler": "Milind Kumar",
              "non_striker": "Ali Naseer",
              "runs": {
                "batter": 0,
                "extras": 0,
                "total": 0
              }
            },
            {
              "batter": "R Chopra",
              "bowler": "Milind Kumar",
              "non_striker": "Ali Naseer",
              "runs": {
                "batter": 0,
                "extras": 0,
                "total": 0
              }
            },
            {
              "batter": "R Chopra",
              "bowler": "Milind Kumar",
              "non_striker": "Ali Naseer",
              "runs": {
                "batter": 0,
                "extras": 0,
                "total": 0
              }
            },
            {
              "batter": "R Chopra",
              "bowler": "Milind Kumar",
              "non_striker": "Ali Naseer",
              "runs": {
                "batter": 0,
                "extras": 0,
                "total": 0
              }
            }
          ]
        },
        {
          "over": 18,
          "deliveries": [
            {
              "batter": "Ali Naseer",
              "bowler": "Harmeet Singh",
              "non_striker": "R Chopra",
              "runs": {
                "batter": 0,
                "extras": 0,
                "total": 0
              }
            },
            {
              "batter": "Ali Naseer",
              "bowler": "Harmeet Singh",
              "non_striker": "R Chopra",
              "runs": {
                "batter": 0,
                "extras": 0,
                "total": 0
              }
            },
            {
              "batter": "Ali Naseer",
              "bowler": "Harmeet Singh",
              "non_striker": "R Chopra",
              "runs": {
                "batter": 0,
                "extras": 0,
                "total": 0
              }
            },
            {
              "batter": "Ali Naseer",
              "bowler": "Harmeet Singh",
              "non_striker": "R Chopra",
              "runs": {
                "batter": 1,
                "extras": 0,
                "total": 1
              }
            },
            {
              "batter": "R Chopra",
              "bowler": "Harmeet Singh",
              "non_striker": "Ali Naseer",
              "runs": {
                "batter": 4,
                "extras": 0,
                "total": 4
              }
            },
            {
              "batter": "R Chopra",
              "bowler": "Harmeet Singh",
              "non_striker": "Ali Naseer",
              "runs": {
                "batter": 0,
                "extras": 0,
                "total": 0
              }
            }
          ]
        },
        {
          "over": 19,
          "deliveries": [
            {
              "batter": "Ali Naseer",
              "bowler": "Milind Kumar",
              "non_striker": "R Chopra",
              "runs": {
                "batter": 0,
                "extras": 0,
                "total": 0
              }
            },
            {
              "batter": "Ali Naseer",
              "bowler": "Milind Kumar",
              "non_striker": "R Chopra",
              "runs": {
                "batter": 4,
                "extras": 0,
                "total": 4
              }
            },
            {
              "batter": "Ali Naseer",
              "bowler": "Milind Kumar",
              "non_striker": "R Chopra",
              "runs": {
                "batter": 0,
                "extras": 0,
                "total": 0
              }
            },
            {
              "batter": "Ali Naseer",
              "bowler": "Milind Kumar",
              "non_striker": "R Chopra",
              "runs": {
                "batter": 1,
                "extras": 0,
                "total": 1
              }
            },
            {
              "batter": "R Chopra",
              "bowler": "Milind Kumar",
              "non_striker": "Ali Naseer",
              "runs": {
                "batter": 0,
                "extras": 0,
                "total": 0
              }
            },
            {
              "batter": "R Chopra",
              "bowler": "Milind Kumar",
              "non_striker": "Ali Naseer",
              "runs": {
                "batter": 1,
                "extras": 0,
                "total": 1
              }
            }
          ]
        },
        {
          "over": 20,
          "deliveries": [
            {
              "batter": "R Chopra",
              "bowler": "Harmeet Singh",
              "non_striker": "Ali Naseer",
              "runs": {
                "batter": 0,
                "extras": 0,
                "total": 0
              }
            },
            {
              "batter": "R Chopra",
              "bowler": "Harmeet Singh",
              "non_striker": "Ali Naseer",
              "runs": {
                "batter": 4,
                "extras": 0,
                "total": 4
              }
            },
            {
              "batter": "R Chopra",
              "bowler": "Harmeet Singh",
              "non_striker": "Ali Naseer",
              "runs": {
                "batter": 0,
                "extras": 0,
                "total": 0
              }
            },
            {
              "batter": "R Chopra",
              "bowler": "Harmeet Singh",
              "non_striker": "Ali Naseer",
              "runs": {
                "batter": 0,
                "extras": 0,
                "total": 0
              }
            },
            {
              "batter": "R Chopra",
              "bowler": "Harmeet Singh",
              "non_striker": "Ali Naseer",
              "runs": {
                "batter": 0,
                "extras": 0,
                "total": 0
              }
            },
            {
              "batter": "R Chopra",
              "bowler": "Harmeet Singh",
              "non_striker": "Ali Naseer",
              "runs": {
                "batter": 0,
                "extras": 0,
                "total": 0
              }
            }
          ]
        },
        {
          "over": 21,
          "deliveries": [
            {
              "batter": "Ali Naseer",
              "bowler": "Milind Kumar",
              "non_striker": "R Chopra",
              "runs": {
                "batter": 0,
                "extras": 0,
                "total": 0
              }
            },
            {
              "batter": "Ali Naseer",
              "bowler": "Milind Kumar",
              "non_striker": "R Chopra",
              "runs": {
                "batter": 0,
                "extras": 0,
                "total": 0
              }
            },
            {
              "batter": "Ali Naseer",
              "bowler": "Milind Kumar",
              "non_striker": "R Chopra",
              "runs": {
                "batter": 4,
                "extras": 0,
                "total": 4
              }
            },
            {
              "batter": "Ali Naseer",
              "bowler": "Milind Kumar",
              "non_striker": "R Chopra",
              "runs": {
                "batter": 0,
                "extras": 0,
                "total": 0
              }
            },
            {
              "batter": "Ali Naseer",
              "bowler": "Milind Kumar",
              "non_striker": "R Chopra",
              "runs": {
                "batter": 0,
                "extras": 0,
                "total": 0
              },
              "wickets": [
                {
                  "player_out": "Ali Naseer",
                  "fielders": [
                    {
                      "name": "SK Patel"
                    }
                  ],
                  "kind": "caught"
                }
              ]
            },
            {
              "batter": "RN Bhatia",
              "bowler": "Milind Kumar",
              "non_striker": "R Chopra",
              "runs": {
                "batter": 0,
                "extras": 0,
                "total": 0
              }
            }
          ]
        },
        {
          "over": 22,
          "deliveries": [
            {
              "batter": "R Chopra",
              "bowler": "Harmeet Singh",
              "non_striker": "RN Bhatia",
              "runs": {
                "batter": 1,
                "extras": 0,
                "total": 1
              }
            },
            {
              "batter": "RN Bhatia",
              "bowler": "Harmeet Singh",
              "non_striker": "R Chopra",
              "runs": {
                "batter": 0,
                "extras": 0,
                "total": 0
              }
            },
            {
              "batter": "RN Bhatia",
              "bowler": "Harmeet Singh",
              "non_striker": "R Chopra",
              "runs": {
                "batter": 0,
                "extras": 0,
                "total": 0
              }
            },
            {
              "batter": "RN Bhatia",
              "bowler": "Harmeet Singh",
              "non_striker": "R Chopra",
              "runs": {
                "batter": 0,
                "extras": 0,
                "total": 0
              }
            },
            {
              "batter": "RN Bhatia",
              "bowler": "Harmeet Singh",
              "non_striker": "R Chopra",
              "runs": {
                "batter": 0,
                "extras": 0,
                "total": 0
              }
            },
            {
              "batter": "RN Bhatia",
              "bowler": "Harmeet Singh",
              "non_striker": "R Chopra",
              "runs": {
                "batter": 0,
                "extras": 0,
                "total": 0
              }
            }
          ]
        },
        {
          "over": 23,
          "deliveries": [
            {
              "batter": "R Chopra",
              "bowler": "Milind Kumar",
              "non_striker": "RN Bhatia",
              "runs": {
                "batter": 0,
                "extras": 0,
                "total": 0
              }
            },
            {
              "batter": "R Chopra",
              "bowler": "Milind Kumar",
              "non_striker": "RN Bhatia",
              "runs": {
                "batter": 0,
                "extras": 0,
                "total": 0
              }
            },
            {
              "batter": "R Chopra",
              "bowler": "Milind Kumar",
              "non_striker": "RN Bhatia",
              "runs": {
                "batter": 4,
                "extras": 0,
                "total": 4
              }
            },
            {
              "batter": "R Chopra",
              "bowler": "Milind Kumar",
              "non_striker": "RN Bhatia",
              "runs": {
                "batter": 0,
                "extras": 0,
                "total": 0
              }
            },
            {
              "batter": "R Chopra",
              "bowler": "Milind Kumar",
              "non_striker": "RN Bhatia",
              "runs": {
                "batter": 0,
                "extras": 0,
                "total": 0
              }
            },
            {
              "batter": "R Chopra",
              "bowler": "Milind Kumar",
              "non_striker": "RN Bhatia",
              "runs": {
                "batter": 1,
                "extras": 0,
                "total": 1
              }
            }
          ]
        },
        {
          "over": 24,
          "deliveries": [
            {
              "batter": "R Chopra",
              "bowler": "Harmeet Singh",
              "non_striker": "RN Bhatia",
              "runs": {
                "batter": 0,
                "extras": 0,
                "total": 0
              }
            },
            {
              "batter": "R Chopra",
              "bowler": "Harmeet Singh",
              "non_striker": "RN Bhatia",
              "runs": {
                "batter": 0,
                "extras": 0,
                "total": 0
              }
            },
            {
              "batter": "R Chopra",
              "bowler": "Harmeet Singh",
              "non_striker": "RN Bhatia",
              "runs": {
                "batter": 1,
                "extras": 0,
                "total": 1
              }
            },
            {
              "batter": "RN Bhatia",
              "bowler": "Harmeet Singh",
              "non_striker": "R Chopra",
              "runs": {
                "batter": 1,
                "extras": 0,
                "total": 1
              }
            },
            {
              "batter": "R Chopra",
              "bowler": "Harmeet Singh",
              "non_striker": "RN Bhatia",
              "runs": {
                "batter": 0,
                "extras": 0,
                "total": 0
              }
            },
            {
              "batter": "R Chopra",
              "bowler": "Harmeet Singh",
              "non_striker": "RN Bhatia",
              "runs": {
                "batter": 1,
                "extras": 0,
                "total": 1
              }
            }
          ]
        },
        {
          "over": 25,
          "deliveries": [
            {
              "batter": "R Chopra",
              "bowler": "NP Kenjige",
              "non_striker": "RN Bhatia",
              "runs": {
                "batter": 2,
                "extras": 0,
                "total": 2
              }
            },
            {
              "batter": "R Chopra",
              "bowler": "NP Kenjige",
              "non_striker": "RN Bhatia",
              "runs": {
                "batter": 1,
                "extras": 0,
                "total": 1
              }
            },
            {
              "batter": "RN Bhatia",
              "bowler": "NP Kenjige",
              "non_striker": "R Chopra",
              "runs": {
                "batter": 0,
                "extras": 0,
                "total": 0
              }
            },
            {
              "batter": "RN Bhatia",
              "bowler": "NP Kenjige",
              "non_striker": "R Chopra",
              "runs": {
                "batter": 0,
                "extras": 0,
                "total": 0
              }
            },
            {
              "batter": "RN Bhatia",
              "bowler": "NP Kenjige",
              "non_striker": "R Chopra",
              "runs": {
                "batter": 0,
                "extras": 0,
                "total": 0
              }
            },
            {
              "batter": "RN Bhatia",
              "bowler": "NP Kenjige",
              "non_striker": "R Chopra",
              "runs": {
                "batter": 0,
                "extras": 0,
                "total": 0
              }
            }
          ]
        },
        {
          "over": 26,
          "deliveries": [
            {
              "batter": "R Chopra",
              "bowler": "SN Netravalkar",
              "non_striker": "RN Bhatia",
              "runs": {
                "batter": 0,
                "extras": 0,
                "total": 0
              }
            },
            {
              "batter": "R Chopra",
              "bowler": "SN Netravalkar",
              "non_striker": "RN Bhatia",
              "runs": {
                "batter": 0,
                "extras": 0,
                "total": 0
              }
            },
            {
              "batter": "R Chopra",
              "bowler": "SN Netravalkar",
              "non_striker": "RN Bhatia",
              "runs": {
                "batter": 1,
                "extras": 0,
                "total": 1
              }
            },
            {
              "batter": "RN Bhatia",
              "bowler": "SN Netravalkar",
              "non_striker": "R Chopra",
              "runs": {
                "batter": 0,
                "extras": 0,
                "total": 0
              }
            },
            {
              "batter": "RN Bhatia",
              "bowler": "SN Netravalkar",
              "non_striker": "R Chopra",
              "runs": {
                "batter": 2,
                "extras": 0,
                "total": 2
              }
            },
            {
              "batter": "RN Bhatia",
              "bowler": "SN Netravalkar",
              "non_striker": "R Chopra",
              "runs": {
                "batter": 1,
                "extras": 0,
                "total": 1
              }
            }
          ]
        },
        {
          "over": 27,
          "deliveries": [
            {
              "batter": "RN Bhatia",
              "bowler": "NP Kenjige",
              "non_striker": "R Chopra",
              "runs": {
                "batter": 0,
                "extras": 0,
                "total": 0
              }
            },
            {
              "batter": "RN Bhatia",
              "bowler": "NP Kenjige",
              "non_striker": "R Chopra",
              "runs": {
                "batter": 0,
                "extras": 0,
                "total": 0
              }
            },
            {
              "batter": "RN Bhatia",
              "bowler": "NP Kenjige",
              "non_striker": "R Chopra",
              "runs": {
                "batter": 0,
                "extras": 0,
                "total": 0
              }
            },
            {
              "batter": "RN Bhatia",
              "bowler": "NP Kenjige",
              "non_striker": "R Chopra",
              "runs": {
                "batter": 0,
                "extras": 0,
                "total": 0
              }
            },
            {
              "batter": "RN Bhatia",
              "bowler": "NP Kenjige",
              "non_striker": "R Chopra",
              "runs": {
                "batter": 3,
                "extras": 0,
                "total": 3
              }
            },
            {
              "batter": "R Chopra",
              "bowler": "NP Kenjige",
              "non_striker": "RN Bhatia",
              "runs": {
                "batter": 0,
                "extras": 0,
                "total": 0
              }
            }
          ]
        },
        {
          "over": 28,
          "deliveries": [
            {
              "batter": "RN Bhatia",
              "bowler": "Jasdeep Singh",
              "non_striker": "R Chopra",
              "runs": {
                "batter": 0,
                "extras": 0,
                "total": 0
              }
            },
            {
              "batter": "RN Bhatia",
              "bowler": "Jasdeep Singh",
              "non_striker": "R Chopra",
              "runs": {
                "batter": 1,
                "extras": 0,
                "total": 1
              }
            },
            {
              "batter": "R Chopra",
              "bowler": "Jasdeep Singh",
              "non_striker": "RN Bhatia",
              "runs": {
                "batter": 0,
                "extras": 0,
                "total": 0
              }
            },
            {
              "batter": "R Chopra",
              "bowler": "Jasdeep Singh",
              "non_striker": "RN Bhatia",
              "runs": {
                "batter": 1,
                "extras": 0,
                "total": 1
              }
            },
            {
              "batter": "RN Bhatia",
              "bowler": "Jasdeep Singh",
              "non_striker": "R Chopra",
              "runs": {
                "batter": 0,
                "extras": 0,
                "total": 0
              }
            },
            {
              "batter": "RN Bhatia",
              "bowler": "Jasdeep Singh",
              "non_striker": "R Chopra",
              "runs": {
                "batter": 0,
                "extras": 0,
                "total": 0
              }
            }
          ]
        },
        {
          "over": 29,
          "deliveries": [
            {
              "batter": "R Chopra",
              "bowler": "NP Kenjige",
              "non_striker": "RN Bhatia",
              "runs": {
                "batter": 0,
                "extras": 0,
                "total": 0
              }
            },
            {
              "batter": "R Chopra",
              "bowler": "NP Kenjige",
              "non_striker": "RN Bhatia",
              "runs": {
                "batter": 0,
                "extras": 0,
                "total": 0
              }
            },
            {
              "batter": "R Chopra",
              "bowler": "NP Kenjige",
              "non_striker": "RN Bhatia",
              "runs": {
                "batter": 1,
                "extras": 0,
                "total": 1
              }
            },
            {
              "batter": "RN Bhatia",
              "bowler": "NP Kenjige",
              "non_striker": "R Chopra",
              "runs": {
                "batter": 0,
                "extras": 0,
                "total": 0
              }
            },
            {
              "batter": "RN Bhatia",
              "bowler": "NP Kenjige",
              "non_striker": "R Chopra",
              "runs": {
                "batter": 0,
                "extras": 0,
                "total": 0
              }
            },
            {
              "batter": "RN Bhatia",
              "bowler": "NP Kenjige",
              "non_striker": "R Chopra",
              "runs": {
                "batter": 0,
                "extras": 0,
                "total": 0
              }
            }
          ]
        },
        {
          "over": 30,
          "deliveries": [
            {
              "batter": "R Chopra",
              "bowler": "Jasdeep Singh",
              "non_striker": "RN Bhatia",
              "runs": {
                "batter": 1,
                "extras": 0,
                "total": 1
              }
            },
            {
              "batter": "RN Bhatia",
              "bowler": "Jasdeep Singh",
              "non_striker": "R Chopra",
              "runs": {
                "batter": 0,
                "extras": 0,
                "total": 0
              },
              "wickets": [
                {
                  "player_out": "RN Bhatia",
                  "kind": "lbw"
                }
              ]
            },
            {
              "batter": "Junaid Siddique",
              "bowler": "Jasdeep Singh",
              "non_striker": "R Chopra",
              "runs": {
                "batter": 0,
                "extras": 0,
                "total": 0
              }
            },
            {
              "batter": "Junaid Siddique",
              "bowler": "Jasdeep Singh",
              "non_striker": "R Chopra",
              "runs": {
                "batter": 0,
                "extras": 0,
                "total": 0
              }
            },
            {
              "batter": "Junaid Siddique",
              "bowler": "Jasdeep Singh",
              "non_striker": "R Chopra",
              "runs": {
                "batter": 0,
                "extras": 0,
                "total": 0
              },
              "wickets": [
                {
                  "player_out": "Junaid Siddique",
                  "kind": "bowled"
                }
              ]
            },
            {
              "batter": "Muhammad Jawadullah",
              "bowler": "Jasdeep Singh",
              "non_striker": "R Chopra",
              "runs": {
                "batter": 0,
                "extras": 0,
                "total": 0
              }
            }
          ]
        },
        {
          "over": 31,
          "deliveries": [
            {
              "batter": "R Chopra",
              "bowler": "Milind Kumar",
              "non_striker": "Muhammad Jawadullah",
              "runs": {
                "batter": 0,
                "extras": 0,
                "total": 0
              }
            },
            {
              "batter": "R Chopra",
              "bowler": "Milind Kumar",
              "non_striker": "Muhammad Jawadullah",
              "runs": {
                "batter": 0,
                "extras": 0,
                "total": 0
              },
              "wickets": [
                {
                  "player_out": "R Chopra",
                  "fielders": [
                    {
                      "name": "AGS Gous"
                    }
                  ],
                  "kind": "caught"
                }
              ]
            }
          ]
        }
      ],
      "powerplays": [
        {
          "from": 0.1,
          "to": 9.6,
          "type": "mandatory"
        },
        {
          "from": 10.1,
          "to": 31.2,
          "type": "mandatory"
        }
      ]
    },
    {
      "team": "United States of America",
      "overs": [
        {
          "over": 0,
          "deliveries": [
            {
              "batter": "SK Patel",
              "bowler": "Junaid Siddique",
              "non_striker": "AGS Gous",
              "runs": {
                "batter": 0,
                "extras": 0,
                "total": 0
              }
            },
            {
              "batter": "SK Patel",
              "bowler": "Junaid Siddique",
              "non_striker": "AGS Gous",
              "runs": {
                "batter": 1,
                "extras": 0,
                "total": 1
              }
            },
            {
              "batter": "AGS Gous",
              "bowler": "Junaid Siddique",
              "non_striker": "SK Patel",
              "runs": {
                "batter": 4,
                "extras": 0,
                "total": 4
              }
            },
            {
              "batter": "AGS Gous",
              "bowler": "Junaid Siddique",
              "non_striker": "SK Patel",
              "runs": {
                "batter": 4,
                "extras": 0,
                "total": 4
              }
            },
            {
              "batter": "AGS Gous",
              "bowler": "Junaid Siddique",
              "extras": {
                "wides": 1
              },
              "non_striker": "SK Patel",
              "runs": {
                "batter": 0,
                "extras": 1,
                "total": 1
              }
            },
            {
              "batter": "AGS Gous",
              "bowler": "Junaid Siddique",
              "non_striker": "SK Patel",
              "runs": {
                "batter": 4,
                "extras": 0,
                "total": 4
              }
            },
            {
              "batter": "AGS Gous",
              "bowler": "Junaid Siddique",
              "non_striker": "SK Patel",
              "runs": {
                "batter": 4,
                "extras": 0,
                "total": 4
              }
            }
          ]
        },
        {
          "over": 1,
          "deliveries": [
            {
              "batter": "SK Patel",
              "bowler": "Muhammad Jawadullah",
              "non_striker": "AGS Gous",
              "runs": {
                "batter": 0,
                "extras": 0,
                "total": 0
              }
            },
            {
              "batter": "SK Patel",
              "bowler": "Muhammad Jawadullah",
              "extras": {
                "wides": 1
              },
              "non_striker": "AGS Gous",
              "runs": {
                "batter": 0,
                "extras": 1,
                "total": 1
              }
            },
            {
              "batter": "SK Patel",
              "bowler": "Muhammad Jawadullah",
              "non_striker": "AGS Gous",
              "runs": {
                "batter": 0,
                "extras": 0,
                "total": 0
              }
            },
            {
              "batter": "SK Patel",
              "bowler": "Muhammad Jawadullah",
              "non_striker": "AGS Gous",
              "runs": {
                "batter": 4,
                "extras": 0,
                "total": 4
              }
            },
            {
              "batter": "SK Patel",
              "bowler": "Muhammad Jawadullah",
              "non_striker": "AGS Gous",
              "runs": {
                "batter": 0,
                "extras": 0,
                "total": 0
              }
            },
            {
              "batter": "SK Patel",
              "bowler": "Muhammad Jawadullah",
              "non_striker": "AGS Gous",
              "runs": {
                "batter": 1,
                "extras": 0,
                "total": 1
              }
            },
            {
              "batter": "AGS Gous",
              "bowler": "Muhammad Jawadullah",
              "non_striker": "SK Patel",
              "runs": {
                "batter": 0,
                "extras": 0,
                "total": 0
              }
            }
          ]
        },
        {
          "over": 2,
          "deliveries": [
            {
              "batter": "SK Patel",
              "bowler": "Junaid Siddique",
              "extras": {
                "wides": 1
              },
              "non_striker": "AGS Gous",
              "runs": {
                "batter": 0,
                "extras": 1,
                "total": 1
              }
            },
            {
              "batter": "SK Patel",
              "bowler": "Junaid Siddique",
              "non_striker": "AGS Gous",
              "runs": {
                "batter": 1,
                "extras": 0,
                "total": 1
              }
            },
            {
              "batter": "AGS Gous",
              "bowler": "Junaid Siddique",
              "non_striker": "SK Patel",
              "runs": {
                "batter": 4,
                "extras": 0,
                "total": 4
              }
            },
            {
              "batter": "AGS Gous",
              "bowler": "Junaid Siddique",
              "non_striker": "SK Patel",
              "runs": {
                "batter": 0,
                "extras": 0,
                "total": 0
              }
            },
            {
              "batter": "AGS Gous",
              "bowler": "Junaid Siddique",
              "non_striker": "SK Patel",
              "runs": {
                "batter": 1,
                "extras": 0,
                "total": 1
              }
            },
            {
              "batter": "SK Patel",
              "bowler": "Junaid Siddique",
              "non_striker": "AGS Gous",
              "runs": {
                "batter": 0,
                "extras": 0,
                "total": 0
              }
            },
            {
              "batter": "SK Patel",
              "bowler": "Junaid Siddique",
              "non_striker": "AGS Gous",
              "runs": {
                "batter": 0,
                "extras": 0,
                "total": 0
              }
            }
          ]
        },
        {
          "over": 3,
          "deliveries": [
            {
              "batter": "AGS Gous",
              "bowler": "Muhammad Jawadullah",
              "non_striker": "SK Patel",
              "runs": {
                "batter": 0,
                "extras": 0,
                "total": 0
              }
            },
            {
              "batter": "AGS Gous",
              "bowler": "Muhammad Jawadullah",
              "non_striker": "SK Patel",
              "runs": {
                "batter": 0,
                "extras": 0,
                "total": 0
              }
            },
            {
              "batter": "AGS Gous",
              "bowler": "Muhammad Jawadullah",
              "non_striker": "SK Patel",
              "runs": {
                "batter": 0,
                "extras": 0,
                "total": 0
              }
            },
            {
              "batter": "AGS Gous",
              "bowler": "Muhammad Jawadullah",
              "non_striker": "SK Patel",
              "runs": {
                "batter": 0,
                "extras": 0,
                "total": 0
              }
            },
            {
              "batter": "AGS Gous",
              "bowler": "Muhammad Jawadullah",
              "non_striker": "SK Patel",
              "runs": {
                "batter": 0,
                "extras": 0,
                "total": 0
              }
            },
            {
              "batter": "AGS Gous",
              "bowler": "Muhammad Jawadullah",
              "non_striker": "SK Patel",
              "runs": {
                "batter": 4,
                "extras": 0,
                "total": 4
              }
            }
          ]
        },
        {
          "over": 4,
          "deliveries": [
            {
              "batter": "SK Patel",
              "bowler": "Aayan Afzal Khan",
              "non_striker": "AGS Gous",
              "runs": {
                "batter": 1,
                "extras": 0,
                "total": 1
              }
            },
            {
              "batter": "AGS Gous",
              "bowler": "Aayan Afzal Khan",
              "non_striker": "SK Patel",
              "runs": {
                "batter": 0,
                "extras": 0,
                "total": 0
              }
            },
            {
              "batter": "AGS Gous",
              "bowler": "Aayan Afzal Khan",
              "non_striker": "SK Patel",
              "runs": {
                "batter": 2,
                "extras": 0,
                "total": 2
              }
            },
            {
              "batter": "AGS Gous",
              "bowler": "Aayan Afzal Khan",
              "non_striker": "SK Patel",
              "runs": {
                "batter": 1,
                "extras": 0,
                "total": 1
              }
            },
            {
              "batter": "SK Patel",
              "bowler": "Aayan Afzal Khan",
              "non_striker": "AGS Gous",
              "runs": {
                "batter": 2,
                "extras": 0,
                "total": 2
              }
            },
            {
              "batter": "SK Patel",
              "bowler": "Aayan Afzal Khan",
              "non_striker": "AGS Gous",
              "runs": {
                "batter": 1,
                "extras": 0,
                "total": 1
              }
            }
          ]
        },
        {
          "over": 5,
          "deliveries": [
            {
              "batter": "SK Patel",
              "bowler": "Muhammad Jawadullah",
              "non_striker": "AGS Gous",
              "runs": {
                "batter": 1,
                "extras": 0,
                "total": 1
              }
            },
            {
              "batter": "AGS Gous",
              "bowler": "Muhammad Jawadullah",
              "non_striker": "SK Patel",
              "runs": {
                "batter": 4,
                "extras": 0,
                "total": 4
              }
            },
            {
              "batter": "AGS Gous",
              "bowler": "Muhammad Jawadullah",
              "non_striker": "SK Patel",
              "runs": {
                "batter": 4,
                "extras": 0,
                "total": 4
              }
            },
            {
              "batter": "AGS Gous",
              "bowler": "Muhammad Jawadullah",
              "non_striker": "SK Patel",
              "runs": {
                "batter": 0,
                "extras": 0,
                "total": 0
              }
            },
            {
              "batter": "AGS Gous",
              "bowler": "Muhammad Jawadullah",
              "non_striker": "SK Patel",
              "runs": {
                "batter": 0,
                "extras": 0,
                "total": 0
              }
            },
            {
              "batter": "AGS Gous",
              "bowler": "Muhammad Jawadullah",
              "non_striker": "SK Patel",
              "runs": {
                "batter": 0,
                "extras": 0,
                "total": 0
              }
            }
          ]
        },
        {
          "over": 6,
          "deliveries": [
            {
              "batter": "SK Patel",
              "bowler": "Aayan Afzal Khan",
              "non_striker": "AGS Gous",
              "runs": {
                "batter": 0,
                "extras": 0,
                "total": 0
              }
            },
            {
              "batter": "SK Patel",
              "bowler": "Aayan Afzal Khan",
              "non_striker": "AGS Gous",
              "runs": {
                "batter": 0,
                "extras": 0,
                "total": 0
              }
            },
            {
              "batter": "SK Patel",
              "bowler": "Aayan Afzal Khan",
              "non_striker": "AGS Gous",
              "runs": {
                "batter": 0,
                "extras": 0,
                "total": 0
              }
            },
            {
              "batter": "SK Patel",
              "bowler": "Aayan Afzal Khan",
              "non_striker": "AGS Gous",
              "runs": {
                "batter": 0,
                "extras": 0,
                "total": 0
              }
            },
            {
              "batter": "SK Patel",
              "bowler": "Aayan Afzal Khan",
              "non_striker": "AGS Gous",
              "runs": {
                "batter": 1,
                "extras": 0,
                "total": 1
              }
            },
            {
              "batter": "AGS Gous",
              "bowler": "Aayan Afzal Khan",
              "non_striker": "SK Patel",
              "runs": {
                "batter": 1,
                "extras": 0,
                "total": 1
              }
            }
          ]
        },
        {
          "over": 7,
          "deliveries": [
            {
              "batter": "AGS Gous",
              "bowler": "RN Bhatia",
              "non_striker": "SK Patel",
              "runs": {
                "batter": 0,
                "extras": 0,
                "total": 0
              }
            },
            {
              "batter": "AGS Gous",
              "bowler": "RN Bhatia",
              "non_striker": "SK Patel",
              "runs": {
                "batter": 4,
                "extras": 0,
                "total": 4
              }
            },
            {
              "batter": "AGS Gous",
              "bowler": "RN Bhatia",
              "non_striker": "SK Patel",
              "runs": {
                "batter": 1,
                "extras": 0,
                "total": 1
              }
            },
            {
              "batter": "SK Patel",
              "bowler": "RN Bhatia",
              "non_striker": "AGS Gous",
              "runs": {
                "batter": 0,
                "extras": 0,
                "total": 0
              }
            },
            {
              "batter": "SK Patel",
              "bowler": "RN Bhatia",
              "non_striker": "AGS Gous",
              "runs": {
                "batter": 0,
                "extras": 0,
                "total": 0
              }
            },
            {
              "batter": "SK Patel",
              "bowler": "RN Bhatia",
              "non_striker": "AGS Gous",
              "runs": {
                "batter": 2,
                "extras": 0,
                "total": 2
              }
            }
          ]
        },
        {
          "over": 8,
          "deliveries": [
            {
              "batter": "AGS Gous",
              "bowler": "Aayan Afzal Khan",
              "non_striker": "SK Patel",
              "runs": {
                "batter": 0,
                "extras": 0,
                "total": 0
              }
            },
            {
              "batter": "AGS Gous",
              "bowler": "Aayan Afzal Khan",
              "non_striker": "SK Patel",
              "runs": {
                "batter": 0,
                "extras": 0,
                "total": 0
              }
            },
            {
              "batter": "AGS Gous",
              "bowler": "Aayan Afzal Khan",
              "non_striker": "SK Patel",
              "runs": {
                "batter": 0,
                "extras": 0,
                "total": 0
              }
            },
            {
              "batter": "AGS Gous",
              "bowler": "Aayan Afzal Khan",
              "non_striker": "SK Patel",
              "runs": {
                "batter": 0,
                "extras": 0,
                "total": 0
              }
            },
            {
              "batter": "AGS Gous",
              "bowler": "Aayan Afzal Khan",
              "non_striker": "SK Patel",
              "runs": {
                "batter": 6,
                "extras": 0,
                "total": 6
              }
            },
            {
              "batter": "AGS Gous",
              "bowler": "Aayan Afzal Khan",
              "non_striker": "SK Patel",
              "runs": {
                "batter": 0,
                "extras": 0,
                "total": 0
              }
            }
          ]
        },
        {
          "over": 9,
          "deliveries": [
            {
              "batter": "SK Patel",
              "bowler": "RN Bhatia",
              "non_striker": "AGS Gous",
              "runs": {
                "batter": 1,
                "extras": 0,
                "total": 1
              }
            },
            {
              "batter": "AGS Gous",
              "bowler": "RN Bhatia",
              "non_striker": "SK Patel",
              "runs": {
                "batter": 0,
                "extras": 0,
                "total": 0
              }
            },
            {
              "batter": "AGS Gous",
              "bowler": "RN Bhatia",
              "non_striker": "SK Patel",
              "runs": {
                "batter": 0,
                "extras": 0,
                "total": 0
              }
            },
            {
              "batter": "AGS Gous",
              "bowler": "RN Bhatia",
              "non_striker": "SK Patel",
              "runs": {
                "batter": 0,
                "extras": 0,
                "total": 0
              }
            },
            {
              "batter": "AGS Gous",
              "bowler": "RN Bhatia",
              "non_striker": "SK Patel",
              "runs": {
                "batter": 0,
                "extras": 0,
                "total": 0
              }
            },
            {
              "batter": "AGS Gous",
              "bowler": "RN Bhatia",
              "non_striker": "SK Patel",
              "runs": {
                "batter": 4,
                "extras": 0,
                "total": 4
              }
            }
          ]
        },
        {
          "over": 10,
          "deliveries": [
            {
              "batter": "SK Patel",
              "bowler": "Aayan Afzal Khan",
              "non_striker": "AGS Gous",
              "runs": {
                "batter": 0,
                "extras": 0,
                "total": 0
              }
            },
            {
              "batter": "SK Patel",
              "bowler": "Aayan Afzal Khan",
              "non_striker": "AGS Gous",
              "runs": {
                "batter": 1,
                "extras": 0,
                "total": 1
              }
            },
            {
              "batter": "AGS Gous",
              "bowler": "Aayan Afzal Khan",
              "non_striker": "SK Patel",
              "runs": {
                "batter": 1,
                "extras": 0,
                "total": 1
              }
            },
            {
              "batter": "SK Patel",
              "bowler": "Aayan Afzal Khan",
              "non_striker": "AGS Gous",
              "runs": {
                "batter": 0,
                "extras": 0,
                "total": 0
              }
            },
            {
              "batter": "SK Patel",
              "bowler": "Aayan Afzal Khan",
              "non_striker": "AGS Gous",
              "runs": {
                "batter": 1,
                "extras": 0,
                "total": 1
              }
            },
            {
              "batter": "AGS Gous",
              "bowler": "Aayan Afzal Khan",
              "non_striker": "SK Patel",
              "runs": {
                "batter": 0,
                "extras": 0,
                "total": 0
              }
            }
          ]
        },
        {
          "over": 11,
          "deliveries": [
            {
              "batter": "SK Patel",
              "bowler": "RN Bhatia",
              "non_striker": "AGS Gous",
              "runs": {
                "batter": 0,
                "extras": 0,
                "total": 0
              }
            },
            {
              "batter": "SK Patel",
              "bowler": "RN Bhatia",
              "non_striker": "AGS Gous",
              "runs": {
                "batter": 0,
                "extras": 0,
                "total": 0
              }
            },
            {
              "batter": "SK Patel",
              "bowler": "RN Bhatia",
              "non_striker": "AGS Gous",
              "runs": {
                "batter": 1,
                "extras": 0,
                "total": 1
              }
            },
            {
              "batter": "AGS Gous",
              "bowler": "RN Bhatia",
              "non_striker": "SK Patel",
              "runs": {
                "batter": 0,
                "extras": 0,
                "total": 0
              }
            },
            {
              "batter": "AGS Gous",
              "bowler": "RN Bhatia",
              "non_striker": "SK Patel",
              "runs": {
                "batter": 0,
                "extras": 0,
                "total": 0
              }
            },
            {
              "batter": "AGS Gous",
              "bowler": "RN Bhatia",
              "non_striker": "SK Patel",
              "runs": {
                "batter": 0,
                "extras": 0,
                "total": 0
              }
            }
          ]
        },
        {
          "over": 12,
          "deliveries": [
            {
              "batter": "SK Patel",
              "bowler": "Ali Naseer",
              "non_striker": "AGS Gous",
              "runs": {
                "batter": 4,
                "extras": 0,
                "total": 4
              }
            },
            {
              "batter": "SK Patel",
              "bowler": "Ali Naseer",
              "non_striker": "AGS Gous",
              "runs": {
                "batter": 4,
                "extras": 0,
                "total": 4
              }
            },
            {
              "batter": "SK Patel",
              "bowler": "Ali Naseer",
              "non_striker": "AGS Gous",
              "runs": {
                "batter": 1,
                "extras": 0,
                "total": 1
              }
            },
            {
              "batter": "AGS Gous",
              "bowler": "Ali Naseer",
              "non_striker": "SK Patel",
              "runs": {
                "batter": 1,
                "extras": 0,
                "total": 1
              }
            },
            {
              "batter": "SK Patel",
              "bowler": "Ali Naseer",
              "non_striker": "AGS Gous",
              "runs": {
                "batter": 1,
                "extras": 0,
                "total": 1
              }
            },
            {
              "batter": "AGS Gous",
              "bowler": "Ali Naseer",
              "non_striker": "SK Patel",
              "runs": {
                "batter": 0,
                "extras": 0,
                "total": 0
              }
            }
          ]
        },
        {
          "over": 13,
          "deliveries": [
            {
              "batter": "SK Patel",
              "bowler": "RN Bhatia",
              "non_striker": "AGS Gous",
              "runs": {
                "batter": 0,
                "extras": 0,
                "total": 0
              }
            },
            {
              "batter": "SK Patel",
              "bowler": "RN Bhatia",
              "non_striker": "AGS Gous",
              "runs": {
                "batter": 1,
                "extras": 0,
                "total": 1
              }
            },
            {
              "batter": "AGS Gous",
              "bowler": "RN Bhatia",
              "non_striker": "SK Patel",
              "runs": {
                "batter": 0,
                "extras": 0,
                "total": 0
              }
            },
            {
              "batter": "AGS Gous",
              "bowler": "RN Bhatia",
              "non_striker": "SK Patel",
              "runs": {
                "batter": 0,
                "extras": 0,
                "total": 0
              }
            },
            {
              "batter": "AGS Gous",
              "bowler": "RN Bhatia",
              "non_striker": "SK Patel",
              "runs": {
                "batter": 0,
                "extras": 0,
                "total": 0
              }
            },
            {
              "batter": "AGS Gous",
              "bowler": "RN Bhatia",
              "non_striker": "SK Patel",
              "runs": {
                "batter": 1,
                "extras": 0,
                "total": 1
              }
            }
          ]
        },
        {
          "over": 14,
          "deliveries": [
            {
              "batter": "AGS Gous",
              "bowler": "Ali Naseer",
              "non_striker": "SK Patel",
              "runs": {
                "batter": 1,
                "extras": 0,
                "total": 1
              }
            },
            {
              "batter": "SK Patel",
              "bowler": "Ali Naseer",
              "non_striker": "AGS Gous",
              "runs": {
                "batter": 0,
                "extras": 0,
                "total": 0
              }
            },
            {
              "batter": "SK Patel",
              "bowler": "Ali Naseer",
              "non_striker": "AGS Gous",
              "runs": {
                "batter": 0,
                "extras": 0,
                "total": 0
              }
            },
            {
              "batter": "SK Patel",
              "bowler": "Ali Naseer",
              "non_striker": "AGS Gous",
              "runs": {
                "batter": 0,
                "extras": 0,
                "total": 0
              }
            },
            {
              "batter": "SK Patel",
              "bowler": "Ali Naseer",
              "non_striker": "AGS Gous",
              "runs": {
                "batter": 4,
                "extras": 0,
                "total": 4
              }
            },
            {
              "batter": "SK Patel",
              "bowler": "Ali Naseer",
              "non_striker": "AGS Gous",
              "runs": {
                "batter": 4,
                "extras": 0,
                "total": 4
              }
            }
          ]
        },
        {
          "over": 15,
          "deliveries": [
            {
              "batter": "AGS Gous",
              "bowler": "RN Bhatia",
              "non_striker": "SK Patel",
              "runs": {
                "batter": 2,
                "extras": 0,
                "total": 2
              }
            },
            {
              "batter": "AGS Gous",
              "bowler": "RN Bhatia",
              "non_striker": "SK Patel",
              "runs": {
                "batter": 0,
                "extras": 0,
                "total": 0
              }
            },
            {
              "batter": "AGS Gous",
              "bowler": "RN Bhatia",
              "non_striker": "SK Patel",
              "runs": {
                "batter": 4,
                "extras": 0,
                "total": 4
              }
            },
            {
              "batter": "AGS Gous",
              "bowler": "RN Bhatia",
              "non_striker": "SK Patel",
              "runs": {
                "batter": 0,
                "extras": 0,
                "total": 0
              }
            },
            {
              "batter": "AGS Gous",
              "bowler": "RN Bhatia",
              "non_striker": "SK Patel",
              "runs": {
                "batter": 4,
                "extras": 0,
                "total": 4
              }
            }
          ]
        }
      ],
      "powerplays": [
        {
          "from": 0.1,
          "to": 9.6,
          "type": "mandatory"
        },
        {
          "from": 10.1,
          "to": 15.5,
          "type": "mandatory"
        }
      ],
      "target": {
        "overs": 50,
        "runs": 107
      }
    }
  ]
}