{
  "meta": {
    "data_version": "1.0.0",
    "created": "2015-09-28",
    "revision": 1
  },
  "info": {
    "balls_per_over": 6,
    "city": "Grenada",
    "dates": [
      "2007-04-18"
    ],
    "event": {
      "match_number": 45,
      "name": "ICC World Cup"
    },
    "gender": "male",
    "match_type": "ODI",
    "match_type_number": 2575,
    "officials": {
      "match_referees": [
        "BC Broad"
      ],
      "reserve_umpires": [
        "Aleem Dar"
      ],
      "tv_umpires": [
        "DJ Harper"
      ],
      "umpires": [
        "MR Benson",
        "BR Doctrove"
      ]
    },
    "outcome": {
      "by": {
        "wickets": 8
      },
      "winner": "Sri Lanka"
    },
    "overs": 50,
    "player_of_match": [
      "MF Maharoof"
    ],
    "players": {
      "Ireland": [
        "JP Bray",
        "WTS Porterfield",
        "AC Botha",
        "EJG Morgan",
        "NJ O'Brien",
        "KJ O'Brien",
        "KED Carroll",
        "DT Johnston",
        "WK McCallan",
        "D Langford-Smith",
        "WB Rankin"
      ],
      "Sri Lanka": [
        "WU Tharanga",
        "ST Jayasuriya",
        "KC Sangakkara",
        "DPMD Jayawardene",
        "LPC Silva",
        "TM Dilshan",
        "RP Arnold",
        "MF Maharoof",
        "WPUJC Vaas",
        "KMDN Kulasekara",
        "M Muralitharan"
      ]
    },
    "registry": {
      "people": {
        "AC Botha": "d8e79af0",
        "Aleem Dar": "f02778d1",
        "BC Broad": "d6a7dd38",
        "BR Doctrove": "cbebf805",
        "D Langford-Smith": "fa1aa7e7",
        "DJ Harper": "0ec08b27",
        "DPMD Jayawardene": "d18f9182",
        "DT Johnston": "e01895bb",
        "EJG Morgan": "d2a6c0e6",
        "JP Bray": "7c63baa7",
        "KC Sangakkara": "6b71e6cf",
        "KED Carroll": "b3e9b7fa",
        "KJ O'Brien": "243431b5",
        "KMDN Kulasekara": "469ea22b",
        "LPC Silva": "1be70c88",
        "M Muralitharan": "4ba44e19",
        "MF Maharoof": "ab89348d",
        "MR Benson": "790e14d3",
        "NJ O'Brien": "84826f48",
        "RP Arnold": "cccdde80",
        "ST Jayasuriya": "f233bbb4",
        "TM Dilshan": "5bdcdb72",
        "WB Rankin": "29b89ae8",
        "WK McCallan": "c942a53b",
        "WPUJC Vaas": "bcce309e",
        "WTS Porterfield": "ec02b798",
        "WU Tharanga": "7ed9fd56"
      }
    },
    "season": "2006/07",
    "team_type": "international",
    "teams": [
      "Ireland",
      "Sri Lanka"
    ],
    "toss": {
      "decision": "field",
      "winner": "Sri Lanka"
    },
    "venue": "National Cricket Stadium, St George's"
  },
  "innings": [
    {
      "team": "Ireland",
      "overs": [
        {
          "over": 0,
          "deliveries": [
            {
              "batter": "JP Bray",
              "bowler": "WPUJC Vaas",
              "non_striker": "WTS Porterfield",
              "runs": {
                "batter": 0,
                "extras": 0,
                "total": 0
              }
            },
            {
              "batter": "JP Bray",
              "bowler": "WPUJC Vaas",
              "non_striker": "WTS Porterfield",
              "runs": {
                "batter": 0,
                "extras": 0,
                "total": 0
              }
            },
            {
              "batter": "JP Bray",
              "bowler": "WPUJC Vaas",
              "non_striker": "WTS Porterfield",
              "runs": {
                "batter": 0,
                "extras": 0,
                "total": 0
              }
            },
            {
              "batter": "JP Bray",
              "bowler": "WPUJC Vaas",
              "non_striker": "WTS Porterfield",
              "runs": {
                "batter": 0,
                "extras": 0,
                "total": 0
              }
            },
            {
              "batter": "JP Bray",
              "bowler": "WPUJC Vaas",
              "non_striker": "WTS Porterfield",
              "runs": {
                "batter": 0,
                "extras": 0,
                "total": 0
              }
            },
            {
              "batter": "JP Bray",
              "bowler": "WPUJC Vaas",
              "non_striker": "WTS Porterfield",
              "runs": {
                "batter": 0,
                "extras": 0,
                "total": 0
              }
            }
          ]
        },
        {
          "over": 1,
          "deliveries": [
            {
              "batter": "WTS Porterfield",
              "bowler": "KMDN Kulasekara",
              "non_striker": "JP Bray",
              "runs": {
                "batter": 0,
                "extras": 0,
                "total": 0
              }
            },
            {
              "batter": "WTS Porterfield",
              "bowler": "KMDN Kulasekara",
              "non_striker": "JP Bray",
              "runs": {
                "batter": 0,
                "extras": 0,
                "total": 0
              }
            },
            {
              "batter": "WTS Porterfield",
              "bowler": "KMDN Kulasekara",
              "non_striker": "JP Bray",
              "runs": {
                "batter": 0,
                "extras": 0,
                "total": 0
              }
            },
            {
              "batter": "WTS Porterfield",
              "bowler": "KMDN Kulasekara",
              "non_striker": "JP Bray",
              "runs": {
                "batter": 0,
                "extras": 0,
                "total": 0
              }
            },
            {
              "batter": "WTS Porterfield",
              "bowler": "KMDN Kulasekara",
              "non_striker": "JP Bray",
              "runs": {
                "batter": 0,
                "extras": 0,
                "total": 0
              }
            },
            {
              "batter": "WTS Porterfield",
              "bowler": "KMDN Kulasekara",
              "non_striker": "JP Bray",
              "runs": {
                "batter": 0,
                "extras": 0,
                "total": 0
              }
            }
          ]
        },
        {
          "over": 2,
          "deliveries": [
            {
              "batter": "JP Bray",
              "bowler": "WPUJC Vaas",
              "non_striker": "WTS Porterfield",
              "runs": {
                "batter": 0,
                "extras": 0,
                "total": 0
              }
            },
            {
              "batter": "JP Bray",
              "bowler": "WPUJC Vaas",
              "non_striker": "WTS Porterfield",
              "runs": {
                "batter": 0,
                "extras": 0,
                "total": 0
              }
            },
            {
              "batter": "JP Bray",
              "bowler": "WPUJC Vaas",
              "non_striker": "WTS Porterfield",
              "runs": {
                "batter": 1,
                "extras": 0,
                "total": 1
              }
            },
            {
              "batter": "WTS Porterfield",
              "bowler": "WPUJC Vaas",
              "non_striker": "JP Bray",
              "runs": {
                "batter": 0,
                "extras": 0,
                "total": 0
              }
            },
            {
              "batter": "WTS Porterfield",
              "bowler": "WPUJC Vaas",
              "non_striker": "JP Bray",
              "runs": {
                "batter": 3,
                "extras": 0,
                "total": 3
              }
            },
            {
              "batter": "JP Bray",
              "bowler": "WPUJC Vaas",
              "non_striker": "WTS Porterfield",
              "runs": {
                "batter": 0,
                "extras": 0,
                "total": 0
              }
            }
          ]
        },
        {
          "over": 3,
          "deliveries": [
            {
              "batter": "WTS Porterfield",
              "bowler": "KMDN Kulasekara",
              "non_striker": "JP Bray",
              "runs": {
                "batter": 0,
                "extras": 0,
                "total": 0
              }
            },
            {
              "batter": "WTS Porterfield",
              "bowler": "KMDN Kulasekara",
              "non_striker": "JP Bray",
              "runs": {
                "batter": 0,
                "extras": 0,
                "total": 0
              }
            },
            {
              "batter": "WTS Porterfield",
              "bowler": "KMDN Kulasekara",
              "non_striker": "JP Bray",
              "runs": {
                "batter": 0,
                "extras": 0,
                "total": 0
              }
            },
            {
              "batter": "WTS Porterfield",
              "bowler": "KMDN Kulasekara",
              "non_striker": "JP Bray",
              "runs": {
                "batter": 1,
                "extras": 0,
                "total": 1
              }
            },
            {
              "batter": "JP Bray",
              "bowler": "KMDN Kulasekara",
              "non_striker": "WTS Porterfield",
              "runs": {
                "batter": 0,
                "extras": 0,
                "total": 0
              }
            },
            {
              "batter": "JP Bray",
              "bowler": "KMDN Kulasekara",
              "non_striker": "WTS Porterfield",
              "runs": {
                "batter": 0,
                "extras": 0,
                "total": 0
              }
            }
          ]
        },
        {
          "over": 4,
          "deliveries": [
            {
              "batter": "WTS Porterfield",
              "bowler": "WPUJC Vaas",
              "non_striker": "JP Bray",
              "runs": {
                "batter": 1,
                "extras": 0,
                "total": 1
              }
            },
            {
              "batter": "JP Bray",
              "bowler": "WPUJC Vaas",
              "non_striker": "WTS Porterfield",
              "runs": {
                "batter": 4,
                "extras": 0,
                "total": 4
              }
            },
            {
              "batter": "JP Bray",
              "bowler": "WPUJC Vaas",
              "non_striker": "WTS Porterfield",
              "runs": {
                "batter": 0,
                "extras": 0,
                "total": 0
              }
            },
            {
              "batter": "JP Bray",
              "bowler": "WPUJC Vaas",
              "non_striker": "WTS Porterfield",
              "runs": {
                "batter": 0,
                "extras": 0,
                "total": 0
              }
            },
            {
              "batter": "JP Bray",
              "bowler": "WPUJC Vaas",
              "extras": {
                "legbyes": 1
              },
              "non_striker": "WTS Porterfield",
              "runs": {
                "batter": 0,
                "extras": 1,
                "total": 1
              }
            },
            {
              "batter": "WTS Porterfield",
              "bowler": "WPUJC Vaas",
              "non_striker": "JP Bray",
              "runs": {
                "batter": 0,
                "extras": 0,
                "total": 0
              }
            }
          ]
        },
        {
          "over": 5,
          "deliveries": [
            {
              "batter": "JP Bray",
              "bowler": "KMDN Kulasekara",
              "non_striker": "WTS Porterfield",
              "runs": {
                "batter": 4,
                "extras": 0,
                "total": 4
              }
            },
            {
              "batter": "JP Bray",
              "bowler": "KMDN Kulasekara",
              "non_striker": "WTS Porterfield",
              "runs": {
                "batter": 0,
                "extras": 0,
                "total": 0
              }
            },
            {
              "batter": "JP Bray",
              "bowler": "KMDN Kulasekara",
              "non_striker": "WTS Porterfield",
              "runs": {
                "batter": 0,
                "extras": 0,
                "total": 0
              }
            },
            {
              "batter": "JP Bray",
              "bowler": "KMDN Kulasekara",
              "non_striker": "WTS Porterfield",
              "runs": {
                "batter": 0,
                "extras": 0,
                "total": 0
              }
            },
            {
              "batter": "JP Bray",
              "bowler": "KMDN Kulasekara",
              "non_striker": "WTS Porterfield",
              "runs": {
                "batter": 0,
                "extras": 0,
                "total": 0
              }
            },
            {
              "batter": "JP Bray",
              "bowler": "KMDN Kulasekara",
              "non_striker": "WTS Porterfield",
              "runs": {
                "batter": 1,
                "extras": 0,
                "total": 1
              }
            }
          ]
        },
        {
          "over": 6,
          "deliveries": [
            {
              "batter": "JP Bray",
              "bowler": "WPUJC Vaas",
              "non_striker": "WTS Porterfield",
              "runs": {
                "batter": 0,
                "extras": 0,
                "total": 0
              }
            },
            {
              "batter": "JP Bray",
              "bowler": "WPUJC Vaas",
              "non_striker": "WTS Porterfield",
              "runs": {
                "batter": 0,
                "extras": 0,
                "total": 0
              }
            },
            {
              "batter": "JP Bray",
              "bowler": "WPUJC Vaas",
              "extras": {
                "noballs": 1
              },
              "non_striker": "WTS Porterfield",
              "runs": {
                "batter": 1,
                "extras": 1,
                "total": 2
              }
            },
            {
              "batter": "WTS Porterfield",
              "bowler": "WPUJC Vaas",
              "non_striker": "JP Bray",
              "runs": {
                "batter": 0,
                "extras": 0,
                "total": 0
              }
            },
            {
              "batter": "WTS Porterfield",
              "bowler": "WPUJC Vaas",
              "non_striker": "JP Bray",
              "runs": {
                "batter": 0,
                "extras": 0,
                "total": 0
              }
            },
            {
              "batter": "WTS Porterfield",
              "bowler": "WPUJC Vaas",
              "extras": {
                "legbyes": 1
              },
              "non_striker": "JP Bray",
              "runs": {
                "batter": 0,
                "extras": 1,
                "total": 1
              }
            },
            {
              "batter": "JP Bray",
              "bowler": "WPUJC Vaas",
              "non_striker": "WTS Porterfield",
              "runs": {
                "batter": 1,
                "extras": 0,
                "total": 1
              }
            }
          ]
        },
        {
          "over": 7,
          "deliveries": [
            {
              "batter": "JP Bray",
              "bowler": "MF Maharoof",
              "non_striker": "WTS Porterfield",
              "runs": {
                "batter": 4,
                "extras": 0,
                "total": 4
              }
            },
            {
              "batter": "JP Bray",
              "bowler": "MF Maharoof",
              "non_striker": "WTS Porterfield",
              "runs": {
                "batter": 4,
                "extras": 0,
                "total": 4
              }
            },
            {
              "batter": "JP Bray",
              "bowler": "MF Maharoof",
              "non_striker": "WTS Porterfield",
              "runs": {
                "batter": 0,
                "extras": 0,
                "total": 0
              },
              "wickets": [
                {
                  "kind": "caught",
                  "player_out": "JP Bray",
                  "fielders": [
                    {
                      "name": "RP Arnold"
                    }
                  ]
                }
              ]
            },
            {
              "batter": "AC Botha",
              "bowler": "MF Maharoof",
              "non_striker": "WTS Porterfield",
              "runs": {
                "batter": 0,
                "extras": 0,
                "total": 0
              }
            },
            {
              "batter": "AC Botha",
              "bowler": "MF Maharoof",
              "non_striker": "WTS Porterfield",
              "runs": {
                "batter": 0,
                "extras": 0,
                "total": 0
              },
              "wickets": [
                {
                  "kind": "caught",
                  "player_out": "AC Botha",
                  "fielders": [
                    {
                      "name": "KC Sangakkara"
                    }
                  ]
                }
              ]
            },
            {
              "batter": "EJG Morgan",
              "bowler": "MF Maharoof",
              "non_striker": "WTS Porterfield",
              "runs": {
                "batter": 0,
                "extras": 0,
                "total": 0
              },
              "wickets": [
                {
                  "kind": "caught",
                  "player_out": "EJG Morgan",
                  "fielders": [
                    {
                      "name": "KC Sangakkara"
                    }
                  ]
                }
              ]
            }
          ]
        },
        {
          "over": 8,
          "deliveries": [
            {
              "batter": "WTS Porterfield",
              "bowler": "WPUJC Vaas",
              "non_striker": "NJ O'Brien",
              "runs": {
                "batter": 0,
                "extras": 0,
                "total": 0
              }
            },
            {
              "batter": "WTS Porterfield",
              "bowler": "WPUJC Vaas",
              "non_striker": "NJ O'Brien",
              "runs": {
                "batter": 1,
                "extras": 0,
                "total": 1
              }
            },
            {
              "batter": "NJ O'Brien",
              "bowler": "WPUJC Vaas",
              "non_striker": "WTS Porterfield",
              "runs": {
                "batter": 1,
                "extras": 0,
                "total": 1
              }
            },
            {
              "batter": "WTS Porterfield",
              "bowler": "WPUJC Vaas",
              "non_striker": "NJ O'Brien",
              "runs": {
                "batter": 4,
                "extras": 0,
                "total": 4
              }
            },
            {
              "batter": "WTS Porterfield",
              "bowler": "WPUJC Vaas",
              "non_striker": "NJ O'Brien",
              "runs": {
                "batter": 0,
                "extras": 0,
                "total": 0
              }
            },
            {
              "batter": "WTS Porterfield",
              "bowler": "WPUJC Vaas",
              "non_striker": "NJ O'Brien",
              "runs": {
                "batter": 0,
                "extras": 0,
                "total": 0
              }
            }
          ]
        },
        {
          "over": 9,
          "deliveries": [
            {
              "batter": "NJ O'Brien",
              "bowler": "MF Maharoof",
              "non_striker": "WTS Porterfield",
              "runs": {
                "batter": 0,
                "extras": 0,
                "total": 0
              }
            },
            {
              "batter": "NJ O'Brien",
              "bowler": "MF Maharoof",
              "non_striker": "WTS Porterfield",
              "runs": {
                "batter": 0,
                "extras": 0,
                "total": 0
              }
            },
            {
              "batter": "NJ O'Brien",
              "bowler": "MF Maharoof",
              "non_striker": "WTS Porterfield",
              "runs": {
                "batter": 0,
                "extras": 0,
                "total": 0
              }
            },
            {
              "batter": "NJ O'Brien",
              "bowler": "MF Maharoof",
              "non_striker": "WTS Porterfield",
              "runs": {
                "batter": 0,
                "extras": 0,
                "total": 0
              }
            },
            {
              "batter": "NJ O'Brien",
              "bowler": "MF Maharoof",
              "non_striker": "WTS Porterfield",
              "runs": {
                "batter": 0,
                "extras": 0,
                "total": 0
              }
            },
            {
              "batter": "NJ O'Brien",
              "bowler": "MF Maharoof",
              "non_striker": "WTS Porterfield",
              "runs": {
                "batter": 0,
                "extras": 0,
                "total": 0
              }
            }
          ]
        },
        {
          "over": 10,
          "deliveries": [
            {
              "batter": "WTS Porterfield",
              "bowler": "KMDN Kulasekara",
              "non_striker": "NJ O'Brien",
              "runs": {
                "batter": 2,
                "extras": 0,
                "total": 2
              }
            },
            {
              "batter": "WTS Porterfield",
              "bowler": "KMDN Kulasekara",
              "non_striker": "NJ O'Brien",
              "runs": {
                "batter": 0,
                "extras": 0,
                "total": 0
              }
            },
            {
              "batter": "WTS Porterfield",
              "bowler": "KMDN Kulasekara",
              "non_striker": "NJ O'Brien",
              "runs": {
                "batter": 0,
                "extras": 0,
                "total": 0
              }
            },
            {
              "batter": "WTS Porterfield",
              "bowler": "KMDN Kulasekara",
              "non_striker": "NJ O'Brien",
              "runs": {
                "batter": 0,
                "extras": 0,
                "total": 0
              }
            },
            {
              "batter": "WTS Porterfield",
              "bowler": "KMDN Kulasekara",
              "non_striker": "NJ O'Brien",
              "runs": {
                "batter": 0,
                "extras": 0,
                "total": 0
              }
            },
            {
              "batter": "WTS Porterfield",
              "bowler": "KMDN Kulasekara",
              "non_striker": "NJ O'Brien",
              "runs": {
                "batter": 1,
                "extras": 0,
                "total": 1
              }
            }
          ]
        },
        {
          "over": 11,
          "deliveries": [
            {
              "batter": "WTS Porterfield",
              "bowler": "MF Maharoof",
              "non_striker": "NJ O'Brien",
              "runs": {
                "batter": 0,
                "extras": 0,
                "total": 0
              }
            },
            {
              "batter": "WTS Porterfield",
              "bowler": "MF Maharoof",
              "non_striker": "NJ O'Brien",
              "runs": {
                "batter": 1,
                "extras": 0,
                "total": 1
              }
            },
            {
              "batter": "NJ O'Brien",
              "bowler": "MF Maharoof",
              "non_striker": "WTS Porterfield",
              "runs": {
                "batter": 0,
                "extras": 0,
                "total": 0
              }
            },
            {
              "batter": "NJ O'Brien",
              "bowler": "MF Maharoof",
              "non_striker": "WTS Porterfield",
              "runs": {
                "batter": 0,
                "extras": 0,
                "total": 0
              }
            },
            {
              "batter": "NJ O'Brien",
              "bowler": "MF Maharoof",
              "non_striker": "WTS Porterfield",
              "runs": {
                "batter": 0,
                "extras": 0,
                "total": 0
              }
            },
            {
              "batter": "NJ O'Brien",
              "bowler": "MF Maharoof",
              "non_striker": "WTS Porterfield",
              "runs": {
                "batter": 0,
                "extras": 0,
                "total": 0
              }
            }
          ]
        },
        {
          "over": 12,
          "deliveries": [
            {
              "batter": "WTS Porterfield",
              "bowler": "KMDN Kulasekara",
              "non_striker": "NJ O'Brien",
              "runs": {
                "batter": 0,
                "extras": 0,
                "total": 0
              }
            },
            {
              "batter": "WTS Porterfield",
              "bowler": "KMDN Kulasekara",
              "non_striker": "NJ O'Brien",
              "runs": {
                "batter": 1,
                "extras": 0,
                "total": 1
              }
            },
            {
              "batter": "NJ O'Brien",
              "bowler": "KMDN Kulasekara",
              "non_striker": "WTS Porterfield",
              "runs": {
                "batter": 0,
                "extras": 0,
                "total": 0
              }
            },
            {
              "batter": "NJ O'Brien",
              "bowler": "KMDN Kulasekara",
              "non_striker": "WTS Porterfield",
              "runs": {
                "batter": 0,
                "extras": 0,
                "total": 0
              }
            },
            {
              "batter": "NJ O'Brien",
              "bowler": "KMDN Kulasekara",
              "non_striker": "WTS Porterfield",
              "runs": {
                "batter": 0,
                "extras": 0,
                "total": 0
              }
            },
            {
              "batter": "NJ O'Brien",
              "bowler": "KMDN Kulasekara",
              "non_striker": "WTS Porterfield",
              "runs": {
                "batter": 0,
                "extras": 0,
                "total": 0
              }
            }
          ]
        },
        {
          "over": 13,
          "deliveries": [
            {
              "batter": "WTS Porterfield",
              "bowler": "MF Maharoof",
              "extras": {
                "legbyes": 1
              },
              "non_striker": "NJ O'Brien",
              "runs": {
                "batter": 0,
                "extras": 1,
                "total": 1
              }
            },
            {
              "batter": "NJ O'Brien",
              "bowler": "MF Maharoof",
              "non_striker": "WTS Porterfield",
              "runs": {
                "batter": 1,
                "extras": 0,
                "total": 1
              }
            },
            {
              "batter": "WTS Porterfield",
              "bowler": "MF Maharoof",
              "non_striker": "NJ O'Brien",
              "runs": {
                "batter": 0,
                "extras": 0,
                "total": 0
              }
            },
            {
              "batter": "WTS Porterfield",
              "bowler": "MF Maharoof",
              "non_striker": "NJ O'Brien",
              "runs": {
                "batter": 0,
                "extras": 0,
                "total": 0
              }
            },
            {
              "batter": "WTS Porterfield",
              "bowler": "MF Maharoof",
              "non_striker": "NJ O'Brien",
              "runs": {
                "batter": 0,
                "extras": 0,
                "total": 0
              }
            },
            {
              "batter": "WTS Porterfield",
              "bowler": "MF Maharoof",
              "non_striker": "NJ O'Brien",
              "runs": {
                "batter": 1,
                "extras": 0,
                "total": 1
              }
            }
          ]
        },
        {
          "over": 14,
          "deliveries": [
            {
              "batter": "WTS Porterfield",
              "bowler": "KMDN Kulasekara",
              "non_striker": "NJ O'Brien",
              "runs": {
                "batter": 0,
                "extras": 0,
                "total": 0
              }
            },
            {
              "batter": "WTS Porterfield",
              "bowler": "KMDN Kulasekara",
              "non_striker": "NJ O'Brien",
              "runs": {
                "batter": 0,
                "extras": 0,
                "total": 0
              }
            },
            {
              "batter": "WTS Porterfield",
              "bowler": "KMDN Kulasekara",
              "non_striker": "NJ O'Brien",
              "runs": {
                "batter": 0,
                "extras": 0,
                "total": 0
              }
            },
            {
              "batter": "WTS Porterfield",
              "bowler": "KMDN Kulasekara",
              "non_striker": "NJ O'Brien",
              "runs": {
                "batter": 0,
                "extras": 0,
                "total": 0
              }
            },
            {
              "batter": "WTS Porterfield",
              "bowler": "KMDN Kulasekara",
              "non_striker": "NJ O'Brien",
              "runs": {
                "batter": 0,
                "extras": 0,
                "total": 0
              }
            },
            {
              "batter": "WTS Porterfield",
              "bowler": "KMDN Kulasekara",
              "non_striker": "NJ O'Brien",
              "runs": {
                "batter": 0,
                "extras": 0,
                "total": 0
              }
            }
          ]
        },
        {
          "over": 15,
          "deliveries": [
            {
              "batter": "NJ O'Brien",
              "bowler": "MF Maharoof",
              "non_striker": "WTS Porterfield",
              "runs": {
                "batter": 0,
                "extras": 0,
                "total": 0
              }
            },
            {
              "batter": "NJ O'Brien",
              "bowler": "MF Maharoof",
              "extras": {
                "noballs": 1
              },
              "non_striker": "WTS Porterfield",
              "runs": {
                "batter": 0,
                "extras": 1,
                "total": 1
              }
            },
            {
              "batter": "NJ O'Brien",
              "bowler": "MF Maharoof",
              "non_striker": "WTS Porterfield",
              "runs": {
                "batter": 0,
                "extras": 0,
                "total": 0
              }
            },
            {
              "batter": "NJ O'Brien",
              "bowler": "MF Maharoof",
              "non_striker": "WTS Porterfield",
              "runs": {
                "batter": 1,
                "extras": 0,
                "total": 1
              }
            },
            {
              "batter": "WTS Porterfield",
              "bowler": "MF Maharoof",
              "non_striker": "NJ O'Brien",
              "runs": {
                "batter": 0,
                "extras": 0,
                "total": 0
              }
            },
            {
              "batter": "WTS Porterfield",
              "bowler": "MF Maharoof",
              "non_striker": "NJ O'Brien",
              "runs": {
                "batter": 0,
                "extras": 0,
                "total": 0
              }
            },
            {
              "batter": "WTS Porterfield",
              "bowler": "MF Maharoof",
              "non_striker": "NJ O'Brien",
              "runs": {
                "batter": 0,
                "extras": 0,
                "total": 0
              }
            }
          ]
        },
        {
          "over": 16,
          "deliveries": [
            {
              "batter": "NJ O'Brien",
              "bowler": "KMDN Kulasekara",
              "non_striker": "WTS Porterfield",
              "runs": {
                "batter": 0,
                "extras": 0,
                "total": 0
              }
            },
            {
              "batter": "NJ O'Brien",
              "bowler": "KMDN Kulasekara",
              "non_striker": "WTS Porterfield",
              "runs": {
                "batter": 0,
                "extras": 0,
                "total": 0
              }
            },
            {
              "batter": "NJ O'Brien",
              "bowler": "KMDN Kulasekara",
              "non_striker": "WTS Porterfield",
              "runs": {
                "batter": 0,
                "extras": 0,
                "total": 0
              }
            },
            {
              "batter": "NJ O'Brien",
              "bowler": "KMDN Kulasekara",
              "non_striker": "WTS Porterfield",
              "runs": {
                "batter": 0,
                "extras": 0,
                "total": 0
              }
            },
            {
              "batter": "NJ O'Brien",
              "bowler": "KMDN Kulasekara",
              "non_striker": "WTS Porterfield",
              "runs": {
                "batter": 0,
                "extras": 0,
                "total": 0
              }
            },
            {
              "batter": "NJ O'Brien",
              "bowler": "KMDN Kulasekara",
              "non_striker": "WTS Porterfield",
              "runs": {
                "batter": 0,
                "extras": 0,
                "total": 0
              }
            }
          ]
        },
        {
          "over": 17,
          "deliveries": [
            {
              "batter": "WTS Porterfield",
              "bowler": "MF Maharoof",
              "non_striker": "NJ O'Brien",
              "runs": {
                "batter": 0,
                "extras": 0,
                "total": 0
              }
            },
            {
              "batter": "WTS Porterfield",
              "bowler": "MF Maharoof",
              "non_striker": "NJ O'Brien",
              "runs": {
                "batter": 1,
                "extras": 0,
                "total": 1
              }
            },
            {
              "batter": "NJ O'Brien",
              "bowler": "MF Maharoof",
              "non_striker": "WTS Porterfield",
              "runs": {
                "batter": 1,
                "extras": 0,
                "total": 1
              }
            },
            {
              "batter": "WTS Porterfield",
              "bowler": "MF Maharoof",
              "non_striker": "NJ O'Brien",
              "runs": {
                "batter": 0,
                "extras": 0,
                "total": 0
              }
            },
            {
              "batter": "WTS Porterfield",
              "bowler": "MF Maharoof",
              "non_striker": "NJ O'Brien",
              "runs": {
                "batter": 0,
                "extras": 0,
                "total": 0
              }
            },
            {
              "batter": "WTS Porterfield",
              "bowler": "MF Maharoof",
              "non_striker": "NJ O'Brien",
              "runs": {
                "batter": 0,
                "extras": 0,
                "total": 0
              },
              "wickets": [
                {
                  "kind": "caught",
                  "player_out": "WTS Porterfield",
                  "fielders": [
                    {
                      "name": "ST Jayasuriya"
                    }
                  ]
                }
              ]
            }
          ]
        },
        {
          "over": 18,
          "deliveries": [
            {
              "batter": "KJ O'Brien",
              "bowler": "M Muralitharan",
              "extras": {
                "wides": 1
              },
              "non_striker": "NJ O'Brien",
              "runs": {
                "batter": 0,
                "extras": 1,
                "total": 1
              }
            },
            {
              "batter": "KJ O'Brien",
              "bowler": "M Muralitharan",
              "non_striker": "NJ O'Brien",
              "runs": {
                "batter": 1,
                "extras": 0,
                "total": 1
              }
            },
            {
              "batter": "NJ O'Brien",
              "bowler": "M Muralitharan",
              "non_striker": "KJ O'Brien",
              "runs": {
                "batter": 0,
                "extras": 0,
                "total": 0
              },
              "wickets": [
                {
                  "kind": "caught",
                  "player_out": "NJ O'Brien",
                  "fielders": [
                    {
                      "name": "KC Sangakkara"
                    }
                  ]
                }
              ]
            },
            {
              "batter": "KED Carroll",
              "bowler": "M Muralitharan",
              "non_striker": "KJ O'Brien",
              "runs": {
                "batter": 0,
                "extras": 0,
                "total": 0
              }
            },
            {
              "batter": "KED Carroll",
              "bowler": "M Muralitharan",
              "non_striker": "KJ O'Brien",
              "runs": {
                "batter": 0,
                "extras": 0,
                "total": 0
              },
              "wickets": [
                {
                  "kind": "bowled",
                  "player_out": "KED Carroll"
                }
              ]
            },
            {
              "batter": "DT Johnston",
              "bowler": "M Muralitharan",
              "non_striker": "KJ O'Brien",
              "runs": {
                "batter": 0,
                "extras": 0,
                "total": 0
              }
            },
            {
              "batter": "DT Johnston",
              "bowler": "M Muralitharan",
              "non_striker": "KJ O'Brien",
              "runs": {
                "batter": 0,
                "extras": 0,
                "total": 0
              }
            }
          ]
        },
        {
          "over": 19,
          "deliveries": [
            {
              "batter": "KJ O'Brien",
              "bowler": "MF Maharoof",
              "non_striker": "DT Johnston",
              "runs": {
                "batter": 0,
                "extras": 0,
                "total": 0
              }
            },
            {
              "batter": "KJ O'Brien",
              "bowler": "MF Maharoof",
              "non_striker": "DT Johnston",
              "runs": {
                "batter": 1,
                "extras": 0,
                "total": 1
              }
            },
            {
              "batter": "DT Johnston",
              "bowler": "MF Maharoof",
              "non_striker": "KJ O'Brien",
              "runs": {
                "batter": 0,
                "extras": 0,
                "total": 0
              }
            },
            {
              "batter": "DT Johnston",
              "bowler": "MF Maharoof",
              "non_striker": "KJ O'Brien",
              "runs": {
                "batter": 0,
                "extras": 0,
                "total": 0
              },
              "wickets": [
                {
                  "kind": "run out",
                  "player_out": "DT Johnston",
                  "fielders": [
                    {
                      "name": "MF Maharoof"
                    }
                  ]
                }
              ]
            },
            {
              "batter": "WK McCallan",
              "bowler": "MF Maharoof",
              "non_striker": "KJ O'Brien",
              "runs": {
                "batter": 0,
                "extras": 0,
                "total": 0
              }
            },
            {
              "batter": "WK McCallan",
              "bowler": "MF Maharoof",
              "non_striker": "KJ O'Brien",
              "runs": {
                "batter": 0,
                "extras": 0,
                "total": 0
              }
            }
          ]
        },
        {
          "over": 20,
          "deliveries": [
            {
              "batter": "KJ O'Brien",
              "bowler": "M Muralitharan",
              "non_striker": "WK McCallan",
              "runs": {
                "batter": 0,
                "extras": 0,
                "total": 0
              },
              "wickets": [
                {
                  "kind": "caught",
                  "player_out": "KJ O'Brien",
                  "fielders": [
                    {
                      "name": "ST Jayasuriya"
                    }
                  ]
                }
              ]
            },
            {
              "batter": "D Langford-Smith",
              "bowler": "M Muralitharan",
              "non_striker": "WK McCallan",
              "runs": {
                "batter": 0,
                "extras": 0,
                "total": 0
              }
            },
            {
              "batter": "D Langford-Smith",
              "bowler": "M Muralitharan",
              "non_striker": "WK McCallan",
              "runs": {
                "batter": 0,
                "extras": 0,
                "total": 0
              }
            },
            {
              "batter": "D Langford-Smith",
              "bowler": "M Muralitharan",
              "non_striker": "WK McCallan",
              "runs": {
                "batter": 4,
                "extras": 0,
                "total": 4
              }
            },
            {
              "batter": "D Langford-Smith",
              "bowler": "M Muralitharan",
              "non_striker": "WK McCallan",
              "runs": {
                "batter": 0,
                "extras": 0,
                "total": 0
              }
            },
            {
              "batter": "D Langford-Smith",
              "bowler": "M Muralitharan",
              "non_striker": "WK McCallan",
              "runs": {
                "batter": 0,
                "extras": 0,
                "total": 0
              }
            }
          ]
        },
        {
          "over": 21,
          "deliveries": [
            {
              "batter": "WK McCallan",
              "bowler": "MF Maharoof",
              "non_striker": "D Langford-Smith",
              "runs": {
                "batter": 0,
                "extras": 0,
                "total": 0
              }
            },
            {
              "batter": "WK McCallan",
              "bowler": "MF Maharoof",
              "non_striker": "D Langford-Smith",
              "runs": {
                "batter": 0,
                "extras": 0,
                "total": 0
              }
            },
            {
              "batter": "WK McCallan",
              "bowler": "MF Maharoof",
              "non_striker": "D Langford-Smith",
              "runs": {
                "batter": 0,
                "extras": 0,
                "total": 0
              }
            },
            {
              "batter": "WK McCallan",
              "bowler": "MF Maharoof",
              "non_striker": "D Langford-Smith",
              "runs": {
                "batter": 0,
                "extras": 0,
                "total": 0
              }
            },
            {
              "batter": "WK McCallan",
              "bowler": "MF Maharoof",
              "non_striker": "D Langford-Smith",
              "runs": {
                "batter": 0,
                "extras": 0,
                "total": 0
              }
            },
            {
              "batter": "WK McCallan",
              "bowler": "MF Maharoof",
              "non_striker": "D Langford-Smith",
              "runs": {
                "batter": 0,
                "extras": 0,
                "total": 0
              }
            }
          ]
        },
        {
          "over": 22,
          "deliveries": [
            {
              "batter": "D Langford-Smith",
              "bowler": "M Muralitharan",
              "non_striker": "WK McCallan",
              "runs": {
                "batter": 0,
                "extras": 0,
                "total": 0
              }
            },
            {
              "batter": "D Langford-Smith",
              "bowler": "M Muralitharan",
              "non_striker": "WK McCallan",
              "runs": {
                "batter": 0,
                "extras": 0,
                "total": 0
              }
            },
            {
              "batter": "D Langford-Smith",
              "bowler": "M Muralitharan",
              "non_striker": "WK McCallan",
              "runs": {
                "batter": 1,
                "extras": 0,
                "total": 1
              }
            },
            {
              "batter": "WK McCallan",
              "bowler": "M Muralitharan",
              "non_striker": "D Langford-Smith",
              "runs": {
                "batter": 0,
                "extras": 0,
                "total": 0
              },
              "wickets": [
                {
                  "kind": "lbw",
                  "player_out": "WK McCallan"
                }
              ]
            },
            {
              "batter": "WB Rankin",
              "bowler": "M Muralitharan",
              "non_striker": "D Langford-Smith",
              "runs": {
                "batter": 0,
                "extras": 0,
                "total": 0
              }
            },
            {
              "batter": "WB Rankin",
              "bowler": "M Muralitharan",
              "non_striker": "D Langford-Smith",
              "runs": {
                "batter": 0,
                "extras": 0,
                "total": 0
              }
            }
          ]
        },
        {
          "over": 23,
          "deliveries": [
            {
              "batter": "D Langford-Smith",
              "bowler": "MF Maharoof",
              "non_striker": "WB Rankin",
              "runs": {
                "batter": 0,
                "extras": 0,
                "total": 0
              }
            },
            {
              "batter": "D Langford-Smith",
              "bowler": "MF Maharoof",
              "non_striker": "WB Rankin",
              "runs": {
                "batter": 0,
                "extras": 0,
                "total": 0
              }
            },
            {
              "batter": "D Langford-Smith",
              "bowler": "MF Maharoof",
              "non_striker": "WB Rankin",
              "runs": {
                "batter": 6,
                "extras": 0,
                "total": 6
              }
            },
            {
              "batter": "D Langford-Smith",
              "bowler": "MF Maharoof",
              "non_striker": "WB Rankin",
              "runs": {
                "batter": 1,
                "extras": 0,
                "total": 1
              }
            },
            {
              "batter": "WB Rankin",
              "bowler": "MF Maharoof",
              "non_striker": "D Langford-Smith",
              "runs": {
                "batter": 2,
                "extras": 0,
                "total": 2
              }
            },
            {
              "batter": "WB Rankin",
              "bowler": "MF Maharoof",
              "non_striker": "D Langford-Smith",
              "runs": {
                "batter": 0,
                "extras": 0,
                "total": 0
              }
            }
          ]
        },
        {
          "over": 24,
          "deliveries": [
            {
              "batter": "D Langford-Smith",
              "bowler": "M Muralitharan",
              "extras": {
                "wides": 1
              },
              "non_striker": "WB Rankin",
              "runs": {
                "batter": 0,
                "extras": 1,
                "total": 1
              }
            },
            {
              "batter": "D Langford-Smith",
              "bowler": "M Muralitharan",
              "non_striker": "WB Rankin",
              "runs": {
                "batter": 0,
                "extras": 0,
                "total": 0
              }
            },
            {
              "batter": "D Langford-Smith",
              "bowler": "M Muralitharan",
              "non_striker": "WB Rankin",
              "runs": {
                "batter": 4,
                "extras": 0,
                "total": 4
              }
            },
            {
              "batter": "D Langford-Smith",
              "bowler": "M Muralitharan",
              "non_striker": "WB Rankin",
              "runs": {
                "batter": 0,
                "extras": 0,
                "total": 0
              }
            },
            {
              "batter": "D Langford-Smith",
              "bowler": "M Muralitharan",
              "non_striker": "WB Rankin",
              "runs": {
                "batter": 1,
                "extras": 0,
                "total": 1
              }
            },
            {
              "batter": "WB Rankin",
              "bowler": "M Muralitharan",
              "non_striker": "D Langford-Smith",
              "runs": {
                "batter": 0,
                "extras": 0,
                "total": 0
              }
            },
            {
              "batter": "WB Rankin",
              "bowler": "M Muralitharan",
              "non_striker": "D Langford-Smith",
              "runs": {
                "batter": 0,
                "extras": 0,
                "total": 0
              }
            }
          ]
        },
        {
          "over": 25,
          "deliveries": [
            {
              "batter": "D Langford-Smith",
              "bowler": "MF Maharoof",
              "extras": {
                "legbyes": 1
              },
              "non_striker": "WB Rankin",
              "runs": {
                "batter": 0,
                "extras": 1,
                "total": 1
              }
            },
            {
              "batter": "WB Rankin",
              "bowler": "MF Maharoof",
              "non_striker": "D Langford-Smith",
              "runs": {
                "batter": 0,
                "extras": 0,
                "total": 0
              }
            },
            {
              "batter": "WB Rankin",
              "bowler": "MF Maharoof",
              "non_striker": "D Langford-Smith",
              "runs": {
                "batter": 0,
                "extras": 0,
                "total": 0
              }
            },
            {
              "batter": "WB Rankin",
              "bowler": "MF Maharoof",
              "non_striker": "D Langford-Smith",
              "runs": {
                "batter": 0,
                "extras": 0,
                "total": 0
              }
            },
            {
              "batter": "WB Rankin",
              "bowler": "MF Maharoof",
              "non_striker": "D Langford-Smith",
              "runs": {
                "batter": 0,
                "extras": 0,
                "total": 0
              }
            },
            {
              "batter": "WB Rankin",
              "bowler": "MF Maharoof",
              "non_striker": "D Langford-Smith",
              "runs": {
                "batter": 0,
                "extras": 0,
                "total": 0
              }
            }
          ]
        },
        {
          "over": 26,
          "deliveries": [
            {
              "batter": "D Langford-Smith",
              "bowler": "M Muralitharan",
              "non_striker": "WB Rankin",
              "runs": {
                "batter": 0,
                "extras": 0,
                "total": 0
              }
            },
            {
              "batter": "D Langford-Smith",
              "bowler": "M Muralitharan",
              "non_striker": "WB Rankin",
              "runs": {
                "batter": 1,
                "extras": 0,
                "total": 1
              }
            },
            {
              "batter": "WB Rankin",
              "bowler": "M Muralitharan",
              "non_striker": "D Langford-Smith",
              "runs": {
                "batter": 0,
                "extras": 0,
                "total": 0
              }
            },
            {
              "batter": "WB Rankin",
              "bowler": "M Muralitharan",
              "non_striker": "D Langford-Smith",
              "runs": {
                "batter": 4,
                "extras": 0,
                "total": 4
              }
            },
            {
              "batter": "WB Rankin",
              "bowler": "M Muralitharan",
              "non_striker": "D Langford-Smith",
              "runs": {
                "batter": 1,
                "extras": 0,
                "total": 1
              }
            },
            {
              "batter": "D Langford-Smith",
              "bowler": "M Muralitharan",
              "non_striker": "WB Rankin",
              "runs": {
                "batter": 0,
                "extras": 0,
                "total": 0
              }
            }
          ]
        },
        {
          "over": 27,
          "deliveries": [
            {
              "batter": "WB Rankin",
              "bowler": "WPUJC Vaas",
              "non_striker": "D Langford-Smith",
              "runs": {
                "batter": 0,
                "extras": 0,
                "total": 0
              }
            },
            {
              "batter": "WB Rankin",
              "bowler": "WPUJC Vaas",
              "non_striker": "D Langford-Smith",
              "runs": {
                "batter": 0,
                "extras": 0,
                "total": 0
              }
            },
            {
              "batter": "WB Rankin",
              "bowler": "WPUJC Vaas",
              "extras": {
                "legbyes": 1
              },
              "non_striker": "D Langford-Smith",
              "runs": {
                "batter": 0,
                "extras": 1,
                "total": 1
              }
            },
            {
              "batter": "D Langford-Smith",
              "bowler": "WPUJC Vaas",
              "non_striker": "WB Rankin",
              "runs": {
                "batter": 0,
                "extras": 0,
                "total": 0
              },
              "wickets": [
                {
                  "kind": "lbw",
                  "player_out": "D Langford-Smith"
                }
              ]
            }
          ]
        }
      ],
      "powerplays": [
        {
          "from": 0.1,
          "to": 9.6,
          "type": "mandatory"
        },
        {
          "from": 10.1,
          "to": 14.6,
          "type": "fielding"
        },
        {
          "from": 15.1,
          "to": 19.6,
          "type": "fielding"
        }
      ]
    },
    {
      "team": "Sri Lanka",
      "overs": [
        {
          "over": 0,
          "deliveries": [
            {
              "batter": "WU Tharanga",
              "bowler": "WB Rankin",
              "extras": {
                "noballs": 1
              },
              "non_striker": "ST Jayasuriya",
              "runs": {
                "batter": 0,
                "extras": 1,
                "total": 1
              }
            },
            {
              "batter": "WU Tharanga",
              "bowler": "WB Rankin",
              "non_striker": "ST Jayasuriya",
              "runs": {
                "batter": 0,
                "extras": 0,
                "total": 0
              }
            },
            {
              "batter": "WU Tharanga",
              "bowler": "WB Rankin",
              "non_striker": "ST Jayasuriya",
              "runs": {
                "batter": 0,
                "extras": 0,
                "total": 0
              }
            },
            {
              "batter": "WU Tharanga",
              "bowler": "WB Rankin",
              "non_striker": "ST Jayasuriya",
              "runs": {
                "batter": 0,
                "extras": 0,
                "total": 0
              }
            },
            {
              "batter": "WU Tharanga",
              "bowler": "WB Rankin",
              "non_striker": "ST Jayasuriya",
              "runs": {
                "batter": 0,
                "extras": 0,
                "total": 0
              }
            },
            {
              "batter": "WU Tharanga",
              "bowler": "WB Rankin",
              "non_striker": "ST Jayasuriya",
              "runs": {
                "batter": 0,
                "extras": 0,
                "total": 0
              }
            },
            {
              "batter": "WU Tharanga",
              "bowler": "WB Rankin",
              "non_striker": "ST Jayasuriya",
              "runs": {
                "batter": 0,
                "extras": 0,
                "total": 0
              },
              "wickets": [
                {
                  "kind": "caught",
                  "player_out": "WU Tharanga",
                  "fielders": [
                    {
                      "name": "WTS Porterfield"
                    }
                  ]
                }
              ]
            }
          ]
        },
        {
          "over": 1,
          "deliveries": [
            {
              "batter": "ST Jayasuriya",
              "bowler": "D Langford-Smith",
              "non_striker": "KC Sangakkara",
              "runs": {
                "batter": 1,
                "extras": 0,
                "total": 1
              }
            },
            {
              "batter": "KC Sangakkara",
              "bowler": "D Langford-Smith",
              "non_striker": "ST Jayasuriya",
              "runs": {
                "batter": 4,
                "extras": 0,
                "total": 4
              }
            },
            {
              "batter": "KC Sangakkara",
              "bowler": "D Langford-Smith",
              "extras": {
                "wides": 1
              },
              "non_striker": "ST Jayasuriya",
              "runs": {
                "batter": 0,
                "extras": 1,
                "total": 1
              }
            },
            {
              "batter": "KC Sangakkara",
              "bowler": "D Langford-Smith",
              "non_striker": "ST Jayasuriya",
              "runs": {
                "batter": 0,
                "extras": 0,
                "total": 0
              }
            },
            {
              "batter": "KC Sangakkara",
              "bowler": "D Langford-Smith",
              "non_striker": "ST Jayasuriya",
              "runs": {
                "batter": 0,
                "extras": 0,
                "total": 0
              }
            },
            {
              "batter": "KC Sangakkara",
              "bowler": "D Langford-Smith",
              "extras": {
                "wides": 1
              },
              "non_striker": "ST Jayasuriya",
              "runs": {
                "batter": 0,
                "extras": 1,
                "total": 1
              }
            },
            {
              "batter": "KC Sangakkara",
              "bowler": "D Langford-Smith",
              "non_striker": "ST Jayasuriya",
              "runs": {
                "batter": 2,
                "extras": 0,
                "total": 2
              }
            },
            {
              "batter": "KC Sangakkara",
              "bowler": "D Langford-Smith",
              "non_striker": "ST Jayasuriya",
              "runs": {
                "batter": 1,
                "extras": 0,
                "total": 1
              }
            }
          ]
        },
        {
          "over": 2,
          "deliveries": [
            {
              "batter": "KC Sangakkara",
              "bowler": "WB Rankin",
              "non_striker": "ST Jayasuriya",
              "runs": {
                "batter": 1,
                "extras": 0,
                "total": 1
              }
            },
            {
              "batter": "ST Jayasuriya",
              "bowler": "WB Rankin",
              "non_striker": "KC Sangakkara",
              "runs": {
                "batter": 0,
                "extras": 0,
                "total": 0
              }
            },
            {
              "batter": "ST Jayasuriya",
              "bowler": "WB Rankin",
              "non_striker": "KC Sangakkara",
              "runs": {
                "batter": 0,
                "extras": 0,
                "total": 0
              }
            },
            {
              "batter": "ST Jayasuriya",
              "bowler": "WB Rankin",
              "extras": {
                "wides": 1
              },
              "non_striker": "KC Sangakkara",
              "runs": {
                "batter": 0,
                "extras": 1,
                "total": 1
              }
            },
            {
              "batter": "ST Jayasuriya",
              "bowler": "WB Rankin",
              "non_striker": "KC Sangakkara",
              "runs": {
                "batter": 6,
                "extras": 0,
                "total": 6
              }
            },
            {
              "batter": "ST Jayasuriya",
              "bowler": "WB Rankin",
              "extras": {
                "wides": 1
              },
              "non_striker": "KC Sangakkara",
              "runs": {
                "batter": 0,
                "extras": 1,
                "total": 1
              }
            },
            {
              "batter": "ST Jayasuriya",
              "bowler": "WB Rankin",
              "extras": {
                "noballs": 1
              },
              "non_striker": "KC Sangakkara",
              "runs": {
                "batter": 1,
                "extras": 1,
                "total": 2
              }
            },
            {
              "batter": "KC Sangakkara",
              "bowler": "WB Rankin",
              "non_striker": "ST Jayasuriya",
              "runs": {
                "batter": 2,
                "extras": 0,
                "total": 2
              }
            },
            {
              "batter": "KC Sangakkara",
              "bowler": "WB Rankin",
              "non_striker": "ST Jayasuriya",
              "runs": {
                "batter": 0,
                "extras": 0,
                "total": 0
              }
            }
          ]
        },
        {
          "over": 3,
          "deliveries": [
            {
              "batter": "ST Jayasuriya",
              "bowler": "D Langford-Smith",
              "non_striker": "KC Sangakkara",
              "runs": {
                "batter": 1,
                "extras": 0,
                "total": 1
              }
            },
            {
              "batter": "KC Sangakkara",
              "bowler": "D Langford-Smith",
              "non_striker": "ST Jayasuriya",
              "runs": {
                "batter": 0,
                "extras": 0,
                "total": 0
              },
              "wickets": [
                {
                  "kind": "caught",
                  "player_out": "KC Sangakkara",
                  "fielders": [
                    {
                      "name": "KED Carroll"
                    }
                  ]
                }
              ]
            },
            {
              "batter": "DPMD Jayawardene",
              "bowler": "D Langford-Smith",
              "extras": {
                "wides": 1
              },
              "non_striker": "ST Jayasuriya",
              "runs": {
                "batter": 0,
                "extras": 1,
                "total": 1
              }
            },
            {
              "batter": "DPMD Jayawardene",
              "bowler": "D Langford-Smith",
              "non_striker": "ST Jayasuriya",
              "runs": {
                "batter": 1,
                "extras": 0,
                "total": 1
              }
            },
            {
              "batter": "ST Jayasuriya",
              "bowler": "D Langford-Smith",
              "non_striker": "DPMD Jayawardene",
              "runs": {
                "batter": 4,
                "extras": 0,
                "total": 4
              }
            },
            {
              "batter": "ST Jayasuriya",
              "bowler": "D Langford-Smith",
              "non_striker": "DPMD Jayawardene",
              "runs": {
                "batter": 0,
                "extras": 0,
                "total": 0
              }
            },
            {
              "batter": "ST Jayasuriya",
              "bowler": "D Langford-Smith",
              "non_striker": "DPMD Jayawardene",
              "runs": {
                "batter": 0,
                "extras": 0,
                "total": 0
              }
            }
          ]
        },
        {
          "over": 4,
          "deliveries": [
            {
              "batter": "DPMD Jayawardene",
              "bowler": "WB Rankin",
              "non_striker": "ST Jayasuriya",
              "runs": {
                "batter": 0,
                "extras": 0,
                "total": 0
              }
            },
            {
              "batter": "DPMD Jayawardene",
              "bowler": "WB Rankin",
              "non_striker": "ST Jayasuriya",
              "runs": {
                "batter": 4,
                "extras": 0,
                "total": 4
              }
            },
            {
              "batter": "DPMD Jayawardene",
              "bowler": "WB Rankin",
              "extras": {
                "noballs": 1
              },
              "non_striker": "ST Jayasuriya",
              "runs": {
                "batter": 0,
                "extras": 1,
                "total": 1
              }
            },
            {
              "batter": "DPMD Jayawardene",
              "bowler": "WB Rankin",
              "non_striker": "ST Jayasuriya",
              "runs": {
                "batter": 1,
                "extras": 0,
                "total": 1
              }
            },
            {
              "batter": "ST Jayasuriya",
              "bowler": "WB Rankin",
              "non_striker": "DPMD Jayawardene",
              "runs": {
                "batter": 4,
                "extras": 0,
                "total": 4
              }
            },
            {
              "batter": "ST Jayasuriya",
              "bowler": "WB Rankin",
              "non_striker": "DPMD Jayawardene",
              "runs": {
                "batter": 0,
                "extras": 0,
                "total": 0
              }
            },
            {
              "batter": "ST Jayasuriya",
              "bowler": "WB Rankin",
              "non_striker": "DPMD Jayawardene",
              "runs": {
                "batter": 0,
                "extras": 0,
                "total": 0
              }
            }
          ]
        },
        {
          "over": 5,
          "deliveries": [
            {
              "batter": "DPMD Jayawardene",
              "bowler": "D Langford-Smith",
              "non_striker": "ST Jayasuriya",
              "runs": {
                "batter": 0,
                "extras": 0,
                "total": 0
              }
            },
            {
              "batter": "DPMD Jayawardene",
              "bowler": "D Langford-Smith",
              "non_striker": "ST Jayasuriya",
              "runs": {
                "batter": 2,
                "extras": 0,
                "total": 2
              }
            },
            {
              "batter": "DPMD Jayawardene",
              "bowler": "D Langford-Smith",
              "non_striker": "ST Jayasuriya",
              "runs": {
                "batter": 4,
                "extras": 0,
                "total": 4
              }
            },
            {
              "batter": "DPMD Jayawardene",
              "bowler": "D Langford-Smith",
              "non_striker": "ST Jayasuriya",
              "runs": {
                "batter": 2,
                "extras": 0,
                "total": 2
              }
            },
            {
              "batter": "DPMD Jayawardene",
              "bowler": "D Langford-Smith",
              "non_striker": "ST Jayasuriya",
              "runs": {
                "batter": 4,
                "extras": 0,
                "total": 4
              }
            },
            {
              "batter": "DPMD Jayawardene",
              "bowler": "D Langford-Smith",
              "non_striker": "ST Jayasuriya",
              "runs": {
                "batter": 0,
                "extras": 0,
                "total": 0
              }
            }
          ]
        },
        {
          "over": 6,
          "deliveries": [
            {
              "batter": "ST Jayasuriya",
              "bowler": "WB Rankin",
              "non_striker": "DPMD Jayawardene",
              "runs": {
                "batter": 2,
                "extras": 0,
                "total": 2
              }
            },
            {
              "batter": "ST Jayasuriya",
              "bowler": "WB Rankin",
              "non_striker": "DPMD Jayawardene",
              "runs": {
                "batter": 1,
                "extras": 0,
                "total": 1
              }
            },
            {
              "batter": "DPMD Jayawardene",
              "bowler": "WB Rankin",
              "non_striker": "ST Jayasuriya",
              "runs": {
                "batter": 6,
                "extras": 0,
                "total": 6
              }
            },
            {
              "batter": "DPMD Jayawardene",
              "bowler": "WB Rankin",
              "non_striker": "ST Jayasuriya",
              "runs": {
                "batter": 2,
                "extras": 0,
                "total": 2
              }
            },
            {
              "batter": "DPMD Jayawardene",
              "bowler": "WB Rankin",
              "non_striker": "ST Jayasuriya",
              "runs": {
                "batter": 0,
                "extras": 0,
                "total": 0
              }
            },
            {
              "batter": "DPMD Jayawardene",
              "bowler": "WB Rankin",
              "non_striker": "ST Jayasuriya",
              "runs": {
                "batter": 1,
                "extras": 0,
                "total": 1
              }
            }
          ]
        },
        {
          "over": 7,
          "deliveries": [
            {
              "batter": "DPMD Jayawardene",
              "bowler": "AC Botha",
              "non_striker": "ST Jayasuriya",
              "runs": {
                "batter": 0,
                "extras": 0,
                "total": 0
              }
            },
            {
              "batter": "DPMD Jayawardene",
              "bowler": "AC Botha",
              "non_striker": "ST Jayasuriya",
              "runs": {
                "batter": 4,
                "extras": 0,
                "total": 4
              }
            },
            {
              "batter": "DPMD Jayawardene",
              "bowler": "AC Botha",
              "non_striker": "ST Jayasuriya",
              "runs": {
                "batter": 0,
                "extras": 0,
                "total": 0
              }
            },
            {
              "batter": "DPMD Jayawardene",
              "bowler": "AC Botha",
              "non_striker": "ST Jayasuriya",
              "runs": {
                "batter": 0,
                "extras": 0,
                "total": 0
              }
            },
            {
              "batter": "DPMD Jayawardene",
              "bowler": "AC Botha",
              "non_striker": "ST Jayasuriya",
              "runs": {
                "batter": 0,
                "extras": 0,
                "total": 0
              }
            },
            {
              "batter": "DPMD Jayawardene",
              "bowler": "AC Botha",
              "non_striker": "ST Jayasuriya",
              "runs": {
                "batter": 0,
                "extras": 0,
                "total": 0
              }
            }
          ]
        },
        {
          "over": 8,
          "deliveries": [
            {
              "batter": "ST Jayasuriya",
              "bowler": "KJ O'Brien",
              "non_striker": "DPMD Jayawardene",
              "runs": {
                "batter": 0,
                "extras": 0,
                "total": 0
              }
            },
            {
              "batter": "ST Jayasuriya",
              "bowler": "KJ O'Brien",
              "non_striker": "DPMD Jayawardene",
              "runs": {
                "batter": 0,
                "extras": 0,
                "total": 0
              }
            },
            {
              "batter": "ST Jayasuriya",
              "bowler": "KJ O'Brien",
              "non_striker": "DPMD Jayawardene",
              "runs": {
                "batter": 0,
                "extras": 0,
                "total": 0
              }
            },
            {
              "batter": "ST Jayasuriya",
              "bowler": "KJ O'Brien",
              "non_striker": "DPMD Jayawardene",
              "runs": {
                "batter": 4,
                "extras": 0,
                "total": 4
              }
            },
            {
              "batter": "ST Jayasuriya",
              "bowler": "KJ O'Brien",
              "non_striker": "DPMD Jayawardene",
              "runs": {
                "batter": 0,
                "extras": 0,
                "total": 0
              }
            },
            {
              "batter": "ST Jayasuriya",
              "bowler": "KJ O'Brien",
              "non_striker": "DPMD Jayawardene",
              "runs": {
                "batter": 0,
                "extras": 0,
                "total": 0
              }
            }
          ]
        },
        {
          "over": 9,
          "deliveries": [
            {
              "batter": "DPMD Jayawardene",
              "bowler": "KED Carroll",
              "non_striker": "ST Jayasuriya",
              "runs": {
                "batter": 0,
                "extras": 0,
                "total": 0
              }
            },
            {
              "batter": "DPMD Jayawardene",
              "bowler": "KED Carroll",
              "non_striker": "ST Jayasuriya",
              "runs": {
                "batter": 4,
                "extras": 0,
                "total": 4
              }
            },
            {
              "batter": "DPMD Jayawardene",
              "bowler": "KED Carroll",
              "non_striker": "ST Jayasuriya",
              "runs": {
                "batter": 0,
                "extras": 0,
                "total": 0
              }
            },
            {
              "batter": "DPMD Jayawardene",
              "bowler": "KED Carroll",
              "non_striker": "ST Jayasuriya",
              "runs": {
                "batter": 0,
                "extras": 0,
                "total": 0
              }
            },
            {
              "batter": "DPMD Jayawardene",
              "bowler": "KED Carroll",
              "non_striker": "ST Jayasuriya",
              "runs": {
                "batter": 0,
                "extras": 0,
                "total": 0
              }
            },
            {
              "batter": "DPMD Jayawardene",
              "bowler": "KED Carroll",
              "non_striker": "ST Jayasuriya",
              "runs": {
                "batter": 4,
                "extras": 0,
                "total": 4
              }
            }
          ]
        }
      ],
      "powerplays": [
        {
          "from": 0.1,
          "to": 9.6,
          "type": "mandatory"
        }
      ],
      "target": {
        "overs": 50,
        "runs": 78
      }
    }
  ]
}