{
  "meta": {
    "data_version": "1.0.0",
    "created": "2015-09-04",
    "revision": 1
  },
  "info": {
    "balls_per_over": 6,
    "city": "Bangalore",
    "dates": [
      "2007-09-29"
    ],
    "event": {
      "match_number": 1,
      "name": "Australia in India ODI Series"
    },
    "gender": "male",
    "match_type": "ODI",
    "match_type_number": 2621,
    "officials": {
      "match_referees": [
        "BC Broad"
      ],
      "reserve_umpires": [
        "S Asnani"
      ],
      "tv_umpires": [
        "AM Saheba"
      ],
      "umpires": [
        "SA Bucknor",
        "SL Shastri"
      ]
    },
    "outcome": {
      "result": "no result"
    },
    "overs": 50,
    "players": {
      "Australia": [
        "AC Gilchrist",
        "ML Hayden",
        "BJ Hodge",
        "MJ Clarke",
        "A Symonds",
        "BJ Haddin",
        "JR Hopes",
        "B Lee",
        "GB Hogg",
        "SR Clark",
        "MG Johnson"
      ],
      "India": [
        "G Gambhir",
        "SR Tendulkar",
        "IK Pathan",
        "SC Ganguly",
        "R Dravid",
        "Yuvraj Singh",
        "MS Dhoni",
        "RR Powar",
        "RP Singh",
        "Z Khan",
        "S Sreesanth"
      ]
    },
    "registry": {
      "people": {
        "A Symonds": "bd77eb62",
        "AC Gilchrist": "2b6e6dec",
        "AM Saheba": "883e3818",
        "B Lee": "dd09ff8e",
        "BC Broad": "d6a7dd38",
        "BJ Haddin": "b0c772ee",
        "BJ Hodge": "b57f8a9a",
        "G Gambhir": "bb345e0b",
        "GB Hogg": "f708a0bc",
        "IK Pathan": "5fa06777",
        "JR Hopes": "2498e163",
        "MG Johnson": "f5180fe6",
        "MJ Clarke": "f842c2cf",
        "ML Hayden": "d8699ab7",
        "MS Dhoni": "4a8a2e3b",
        "R Dravid": "0184dc35",
        "RP Singh": "c3d1402f",
        "RR Powar": "5d096f3d",
        "S Asnani": "b04524bc",
        "S Sreesanth": "6b8eb6e5",
        "SA Bucknor": "2ad22b51",
        "SC Ganguly": "725529bc",
        "SL Shastri": "53ef012d",
        "SR Clark": "a3bfec5d",
        "SR Tendulkar": "d2c2b2d5",
        "Yuvraj Singh": "1c914163",
        "Z Khan": "91a4a398"
      }
    },
    "season": "2007/08",
    "team_type": "international",
    "teams": [
      "India",
      "Australia"
    ],
    "toss": {
      "decision": "bat",
      "winner": "Australia"
    },
    "venue": "M Chinnaswamy Stadium"
  },
  "innings": [
    {
      "team": "Australia",
      "overs": [
        {
          "over": 0,
          "deliveries": [
            {
              "batter": "AC Gilchrist",
              "bowler": "Z Khan",
              "extras": {
                "wides": 1
              },
              "non_striker": "ML Hayden",
              "runs": {
                "batter": 0,
                "extras": 1,
                "total": 1
              }
            },
            {
              "batter": "AC Gilchrist",
              "bowler": "Z Khan",
              "non_striker": "ML Hayden",
              "runs": {
                "batter": 4,
                "extras": 0,
                "total": 4
              }
            },
            {
              "batter": "AC Gilchrist",
              "bowler": "Z Khan",
              "non_striker": "ML Hayden",
              "runs": {
                "batter": 0,
                "extras": 0,
                "total": 0
              }
            },
            {
              "batter": "AC Gilchrist",
              "bowler": "Z Khan",
              "non_striker": "ML Hayden",
              "runs": {
                "batter": 0,
                "extras": 0,
                "total": 0
              }
            },
            {
              "batter": "AC Gilchrist",
              "bowler": "Z Khan",
              "non_striker": "ML Hayden",
              "runs": {
                "batter": 1,
                "extras": 0,
                "total": 1
              }
            },
            {
              "batter": "ML Hayden",
              "bowler": "Z Khan",
              "non_striker": "AC Gilchrist",
              "runs": {
                "batter": 0,
                "extras": 0,
                "total": 0
              }
            },
            {
              "batter": "ML Hayden",
              "bowler": "Z Khan",
              "non_striker": "AC Gilchrist",
              "runs": {
                "batter": 0,
                "extras": 0,
                "total": 0
              }
            }
          ]
        },
        {
          "over": 1,
          "deliveries": [
            {
              "batter": "AC Gilchrist",
              "bowler": "S Sreesanth",
              "non_striker": "ML Hayden",
              "runs": {
                "batter": 0,
                "extras": 0,
                "total": 0
              }
            },
            {
              "batter": "AC Gilchrist",
              "bowler": "S Sreesanth",
              "non_striker": "ML Hayden",
              "runs": {
                "batter": 4,
                "extras": 0,
                "total": 4
              }
            },
            {
              "batter": "AC Gilchrist",
              "bowler": "S Sreesanth",
              "non_striker": "ML Hayden",
              "runs": {
                "batter": 0,
                "extras": 0,
                "total": 0
              }
            },
            {
              "batter": "AC Gilchrist",
              "bowler": "S Sreesanth",
              "extras": {
                "wides": 1
              },
              "non_striker": "ML Hayden",
              "runs": {
                "batter": 0,
                "extras": 1,
                "total": 1
              }
            },
            {
              "batter": "AC Gilchrist",
              "bowler": "S Sreesanth",
              "non_striker": "ML Hayden",
              "runs": {
                "batter": 0,
                "extras": 0,
                "total": 0
              }
            },
            {
              "batter": "AC Gilchrist",
              "bowler": "S Sreesanth",
              "non_striker": "ML Hayden",
              "runs": {
                "batter": 2,
                "extras": 0,
                "total": 2
              }
            },
            {
              "batter": "AC Gilchrist",
              "bowler": "S Sreesanth",
              "non_striker": "ML Hayden",
              "runs": {
                "batter": 1,
                "extras": 0,
                "total": 1
              }
            }
          ]
        },
        {
          "over": 2,
          "deliveries": [
            {
              "batter": "AC Gilchrist",
              "bowler": "Z Khan",
              "non_striker": "ML Hayden",
              "runs": {
                "batter": 0,
                "extras": 0,
                "total": 0
              },
              "wickets": [
                {
                  "kind": "caught",
                  "player_out": "AC Gilchrist",
                  "fielders": [
                    {
                      "name": "Yuvraj Singh"
                    }
                  ]
                }
              ]
            },
            {
              "batter": "BJ Hodge",
              "bowler": "Z Khan",
              "non_striker": "ML Hayden",
              "runs": {
                "batter": 0,
                "extras": 0,
                "total": 0
              }
            },
            {
              "batter": "BJ Hodge",
              "bowler": "Z Khan",
              "non_striker": "ML Hayden",
              "runs": {
                "batter": 0,
                "extras": 0,
                "total": 0
              }
            },
            {
              "batter": "BJ Hodge",
              "bowler": "Z Khan",
              "extras": {
                "wides": 1
              },
              "non_striker": "ML Hayden",
              "runs": {
                "batter": 0,
                "extras": 1,
                "total": 1
              }
            },
            {
              "batter": "BJ Hodge",
              "bowler": "Z Khan",
              "non_striker": "ML Hayden",
              "runs": {
                "batter": 0,
                "extras": 0,
                "total": 0
              }
            },
            {
              "batter": "BJ Hodge",
              "bowler": "Z Khan",
              "extras": {
                "legbyes": 1
              },
              "non_striker": "ML Hayden",
              "runs": {
                "batter": 0,
                "extras": 1,
                "total": 1
              }
            },
            {
              "batter": "ML Hayden",
              "bowler": "Z Khan",
              "non_striker": "BJ Hodge",
              "runs": {
                "batter": 0,
                "extras": 0,
                "total": 0
              }
            }
          ]
        },
        {
          "over": 3,
          "deliveries": [
            {
              "batter": "BJ Hodge",
              "bowler": "S Sreesanth",
              "extras": {
                "wides": 1
              },
              "non_striker": "ML Hayden",
              "runs": {
                "batter": 0,
                "extras": 1,
                "total": 1
              }
            },
            {
              "batter": "BJ Hodge",
              "bowler": "S Sreesanth",
              "extras": {
                "wides": 1
              },
              "non_striker": "ML Hayden",
              "runs": {
                "batter": 0,
                "extras": 1,
                "total": 1
              }
            },
            {
              "batter": "BJ Hodge",
              "bowler": "S Sreesanth",
              "non_striker": "ML Hayden",
              "runs": {
                "batter": 0,
                "extras": 0,
                "total": 0
              },
              "wickets": [
                {
                  "kind": "lbw",
                  "player_out": "BJ Hodge"
                }
              ]
            },
            {
              "batter": "MJ Clarke",
              "bowler": "S Sreesanth",
              "non_striker": "ML Hayden",
              "runs": {
                "batter": 0,
                "extras": 0,
                "total": 0
              }
            },
            {
              "batter": "MJ Clarke",
              "bowler": "S Sreesanth",
              "non_striker": "ML Hayden",
              "runs": {
                "batter": 0,
                "extras": 0,
                "total": 0
              }
            },
            {
              "batter": "MJ Clarke",
              "bowler": "S Sreesanth",
              "non_striker": "ML Hayden",
              "runs": {
                "batter": 0,
                "extras": 0,
                "total": 0
              }
            },
            {
              "batter": "MJ Clarke",
              "bowler": "S Sreesanth",
              "non_striker": "ML Hayden",
              "runs": {
                "batter": 0,
                "extras": 0,
                "total": 0
              }
            },
            {
              "batter": "MJ Clarke",
              "bowler": "S Sreesanth",
              "non_striker": "ML Hayden",
              "runs": {
                "batter": 0,
                "extras": 0,
                "total": 0
              }
            }
          ]
        },
        {
          "over": 4,
          "deliveries": [
            {
              "batter": "ML Hayden",
              "bowler": "Z Khan",
              "non_striker": "MJ Clarke",
              "runs": {
                "batter": 0,
                "extras": 0,
                "total": 0
              }
            },
            {
              "batter": "ML Hayden",
              "bowler": "Z Khan",
              "non_striker": "MJ Clarke",
              "runs": {
                "batter": 0,
                "extras": 0,
                "total": 0
              }
            },
            {
              "batter": "ML Hayden",
              "bowler": "Z Khan",
              "non_striker": "MJ Clarke",
              "runs": {
                "batter": 0,
                "extras": 0,
                "total": 0
              }
            },
            {
              "batter": "ML Hayden",
              "bowler": "Z Khan",
              "non_striker": "MJ Clarke",
              "runs": {
                "batter": 0,
                "extras": 0,
                "total": 0
              }
            },
            {
              "batter": "ML Hayden",
              "bowler": "Z Khan",
              "non_striker": "MJ Clarke",
              "runs": {
                "batter": 1,
                "extras": 0,
                "total": 1
              }
            },
            {
              "batter": "MJ Clarke",
              "bowler": "Z Khan",
              "non_striker": "ML Hayden",
              "runs": {
                "batter": 1,
                "extras": 0,
                "total": 1
              }
            }
          ]
        },
        {
          "over": 5,
          "deliveries": [
            {
              "batter": "MJ Clarke",
              "bowler": "S Sreesanth",
              "non_striker": "ML Hayden",
              "runs": {
                "batter": 1,
                "extras": 0,
                "total": 1
              }
            },
            {
              "batter": "ML Hayden",
              "bowler": "S Sreesanth",
              "extras": {
                "wides": 1
              },
              "non_striker": "MJ Clarke",
              "runs": {
                "batter": 0,
                "extras": 1,
                "total": 1
              }
            },
            {
              "batter": "ML Hayden",
              "bowler": "S Sreesanth",
              "non_striker": "MJ Clarke",
              "runs": {
                "batter": 0,
                "extras": 0,
                "total": 0
              }
            },
            {
              "batter": "ML Hayden",
              "bowler": "S Sreesanth",
              "non_striker": "MJ Clarke",
              "runs": {
                "batter": 0,
                "extras": 0,
                "total": 0
              }
            },
            {
              "batter": "ML Hayden",
              "bowler": "S Sreesanth",
              "extras": {
                "wides": 1
              },
              "non_striker": "MJ Clarke",
              "runs": {
                "batter": 0,
                "extras": 1,
                "total": 1
              }
            },
            {
              "batter": "ML Hayden",
              "bowler": "S Sreesanth",
              "non_striker": "MJ Clarke",
              "runs": {
                "batter": 0,
                "extras": 0,
                "total": 0
              }
            },
            {
              "batter": "ML Hayden",
              "bowler": "S Sreesanth",
              "non_striker": "MJ Clarke",
              "runs": {
                "batter": 4,
                "extras": 0,
                "total": 4
              }
            },
            {
              "batter": "ML Hayden",
              "bowler": "S Sreesanth",
              "non_striker": "MJ Clarke",
              "runs": {
                "batter": 0,
                "extras": 0,
                "total": 0
              }
            }
          ]
        },
        {
          "over": 6,
          "deliveries": [
            {
              "batter": "MJ Clarke",
              "bowler": "Z Khan",
              "non_striker": "ML Hayden",
              "runs": {
                "batter": 0,
                "extras": 0,
                "total": 0
              }
            },
            {
              "batter": "MJ Clarke",
              "bowler": "Z Khan",
              "non_striker": "ML Hayden",
              "runs": {
                "batter": 0,
                "extras": 0,
                "total": 0
              }
            },
            {
              "batter": "MJ Clarke",
              "bowler": "Z Khan",
              "non_striker": "ML Hayden",
              "runs": {
                "batter": 0,
                "extras": 0,
                "total": 0
              }
            },
            {
              "batter": "MJ Clarke",
              "bowler": "Z Khan",
              "non_striker": "ML Hayden",
              "runs": {
                "batter": 4,
                "extras": 0,
                "total": 4
              }
            },
            {
              "batter": "MJ Clarke",
              "bowler": "Z Khan",
              "non_striker": "ML Hayden",
              "runs": {
                "batter": 1,
                "extras": 0,
                "total": 1
              }
            },
            {
              "batter": "ML Hayden",
              "bowler": "Z Khan",
              "non_striker": "MJ Clarke",
              "runs": {
                "batter": 4,
                "extras": 0,
                "total": 4
              }
            }
          ]
        },
        {
          "over": 7,
          "deliveries": [
            {
              "batter": "MJ Clarke",
              "bowler": "RP Singh",
              "non_striker": "ML Hayden",
              "runs": {
                "batter": 0,
                "extras": 0,
                "total": 0
              }
            },
            {
              "batter": "MJ Clarke",
              "bowler": "RP Singh",
              "non_striker": "ML Hayden",
              "runs": {
                "batter": 4,
                "extras": 0,
                "total": 4
              }
            },
            {
              "batter": "MJ Clarke",
              "bowler": "RP Singh",
              "non_striker": "ML Hayden",
              "runs": {
                "batter": 0,
                "extras": 0,
                "total": 0
              }
            },
            {
              "batter": "MJ Clarke",
              "bowler": "RP Singh",
              "non_striker": "ML Hayden",
              "runs": {
                "batter": 0,
                "extras": 0,
                "total": 0
              }
            },
            {
              "batter": "MJ Clarke",
              "bowler": "RP Singh",
              "non_striker": "ML Hayden",
              "runs": {
                "batter": 0,
                "extras": 0,
                "total": 0
              }
            },
            {
              "batter": "MJ Clarke",
              "bowler": "RP Singh",
              "non_striker": "ML Hayden",
              "runs": {
                "batter": 0,
                "extras": 0,
                "total": 0
              }
            }
          ]
        },
        {
          "over": 8,
          "deliveries": [
            {
              "batter": "ML Hayden",
              "bowler": "Z Khan",
              "non_striker": "MJ Clarke",
              "runs": {
                "batter": 0,
                "extras": 0,
                "total": 0
              }
            },
            {
              "batter": "ML Hayden",
              "bowler": "Z Khan",
              "non_striker": "MJ Clarke",
              "runs": {
                "batter": 1,
                "extras": 0,
                "total": 1
              }
            },
            {
              "batter": "MJ Clarke",
              "bowler": "Z Khan",
              "non_striker": "ML Hayden",
              "runs": {
                "batter": 0,
                "extras": 0,
                "total": 0
              }
            },
            {
              "batter": "MJ Clarke",
              "bowler": "Z Khan",
              "non_striker": "ML Hayden",
              "runs": {
                "batter": 4,
                "extras": 0,
                "total": 4
              }
            },
            {
              "batter": "MJ Clarke",
              "bowler": "Z Khan",
              "non_striker": "ML Hayden",
              "runs": {
                "batter": 2,
                "extras": 0,
                "total": 2
              }
            },
            {
              "batter": "MJ Clarke",
              "bowler": "Z Khan",
              "non_striker": "ML Hayden",
              "runs": {
                "batter": 0,
                "extras": 0,
                "total": 0
              }
            }
          ]
        },
        {
          "over": 9,
          "deliveries": [
            {
              "batter": "ML Hayden",
              "bowler": "RP Singh",
              "non_striker": "MJ Clarke",
              "runs": {
                "batter": 0,
                "extras": 0,
                "total": 0
              }
            },
            {
              "batter": "ML Hayden",
              "bowler": "RP Singh",
              "non_striker": "MJ Clarke",
              "runs": {
                "batter": 4,
                "extras": 0,
                "total": 4
              }
            },
            {
              "batter": "ML Hayden",
              "bowler": "RP Singh",
              "non_striker": "MJ Clarke",
              "runs": {
                "batter": 0,
                "extras": 0,
                "total": 0
              }
            },
            {
              "batter": "ML Hayden",
              "bowler": "RP Singh",
              "non_striker": "MJ Clarke",
              "runs": {
                "batter": 4,
                "extras": 0,
                "total": 4
              }
            },
            {
              "batter": "ML Hayden",
              "bowler": "RP Singh",
              "non_striker": "MJ Clarke",
              "runs": {
                "batter": 1,
                "extras": 0,
                "total": 1
              }
            },
            {
              "batter": "MJ Clarke",
              "bowler": "RP Singh",
              "non_striker": "ML Hayden",
              "runs": {
                "batter": 0,
                "extras": 0,
                "total": 0
              }
            }
          ]
        },
        {
          "over": 10,
          "deliveries": [
            {
              "batter": "ML Hayden",
              "bowler": "S Sreesanth",
              "non_striker": "MJ Clarke",
              "runs": {
                "batter": 0,
                "extras": 0,
                "total": 0
              }
            },
            {
              "batter": "ML Hayden",
              "bowler": "S Sreesanth",
              "extras": {
                "wides": 1
              },
              "non_striker": "MJ Clarke",
              "runs": {
                "batter": 0,
                "extras": 1,
                "total": 1
              }
            },
            {
              "batter": "ML Hayden",
              "bowler": "S Sreesanth",
              "non_striker": "MJ Clarke",
              "runs": {
                "batter": 0,
                "extras": 0,
                "total": 0
              }
            },
            {
              "batter": "ML Hayden",
              "bowler": "S Sreesanth",
              "non_striker": "MJ Clarke",
              "runs": {
                "batter": 0,
                "extras": 0,
                "total": 0
              }
            },
            {
              "batter": "ML Hayden",
              "bowler": "S Sreesanth",
              "non_striker": "MJ Clarke",
              "runs": {
                "batter": 1,
                "extras": 0,
                "total": 1
              }
            },
            {
              "batter": "MJ Clarke",
              "bowler": "S Sreesanth",
              "non_striker": "ML Hayden",
              "runs": {
                "batter": 4,
                "extras": 0,
                "total": 4
              }
            },
            {
              "batter": "MJ Clarke",
              "bowler": "S Sreesanth",
              "non_striker": "ML Hayden",
              "runs": {
                "batter": 0,
                "extras": 0,
                "total": 0
              }
            }
          ]
        },
        {
          "over": 11,
          "deliveries": [
            {
              "batter": "ML Hayden",
              "bowler": "RP Singh",
              "non_striker": "MJ Clarke",
              "runs": {
                "batter": 0,
                "extras": 0,
                "total": 0
              }
            },
            {
              "batter": "ML Hayden",
              "bowler": "RP Singh",
              "non_striker": "MJ Clarke",
              "runs": {
                "batter": 0,
                "extras": 0,
                "total": 0
              }
            },
            {
              "batter": "ML Hayden",
              "bowler": "RP Singh",
              "non_striker": "MJ Clarke",
              "runs": {
                "batter": 4,
                "extras": 0,
                "total": 4
              }
            },
            {
              "batter": "ML Hayden",
              "bowler": "RP Singh",
              "non_striker": "MJ Clarke",
              "runs": {
                "batter": 6,
                "extras": 0,
                "total": 6
              }
            },
            {
              "batter": "ML Hayden",
              "bowler": "RP Singh",
              "non_striker": "MJ Clarke",
              "runs": {
                "batter": 1,
                "extras": 0,
                "total": 1
              }
            },
            {
              "batter": "MJ Clarke",
              "bowler": "RP Singh",
              "non_striker": "ML Hayden",
              "runs": {
                "batter": 0,
                "extras": 0,
                "total": 0
              }
            }
          ]
        },
        {
          "over": 12,
          "deliveries": [
            {
              "batter": "ML Hayden",
              "bowler": "S Sreesanth",
              "non_striker": "MJ Clarke",
              "runs": {
                "batter": 0,
                "extras": 0,
                "total": 0
              }
            },
            {
              "batter": "ML Hayden",
              "bowler": "S Sreesanth",
              "non_striker": "MJ Clarke",
              "runs": {
                "batter": 0,
                "extras": 0,
                "total": 0
              }
            },
            {
              "batter": "ML Hayden",
              "bowler": "S Sreesanth",
              "non_striker": "MJ Clarke",
              "runs": {
                "batter": 0,
                "extras": 0,
                "total": 0
              }
            },
            {
              "batter": "ML Hayden",
              "bowler": "S Sreesanth",
              "non_striker": "MJ Clarke",
              "runs": {
                "batter": 0,
                "extras": 0,
                "total": 0
              }
            },
            {
              "batter": "ML Hayden",
              "bowler": "S Sreesanth",
              "non_striker": "MJ Clarke",
              "runs": {
                "batter": 1,
                "extras": 0,
                "total": 1
              }
            },
            {
              "batter": "MJ Clarke",
              "bowler": "S Sreesanth",
              "non_striker": "ML Hayden",
              "runs": {
                "batter": 0,
                "extras": 0,
                "total": 0
              }
            }
          ]
        },
        {
          "over": 13,
          "deliveries": [
            {
              "batter": "ML Hayden",
              "bowler": "RP Singh",
              "non_striker": "MJ Clarke",
              "runs": {
                "batter": 1,
                "extras": 0,
                "total": 1
              }
            },
            {
              "batter": "MJ Clarke",
              "bowler": "RP Singh",
              "non_striker": "ML Hayden",
              "runs": {
                "batter": 0,
                "extras": 0,
                "total": 0
              }
            },
            {
              "batter": "MJ Clarke",
              "bowler": "RP Singh",
              "non_striker": "ML Hayden",
              "runs": {
                "batter": 0,
                "extras": 0,
                "total": 0
              }
            },
            {
              "batter": "MJ Clarke",
              "bowler": "RP Singh",
              "non_striker": "ML Hayden",
              "runs": {
                "batter": 0,
                "extras": 0,
                "total": 0
              }
            },
            {
              "batter": "MJ Clarke",
              "bowler": "RP Singh",
              "extras": {
                "wides": 1
              },
              "non_striker": "ML Hayden",
              "runs": {
                "batter": 0,
                "extras": 1,
                "total": 1
              }
            },
            {
              "batter": "MJ Clarke",
              "bowler": "RP Singh",
              "non_striker": "ML Hayden",
              "runs": {
                "batter": 1,
                "extras": 0,
                "total": 1
              }
            },
            {
              "batter": "ML Hayden",
              "bowler": "RP Singh",
              "non_striker": "MJ Clarke",
              "runs": {
                "batter": 1,
                "extras": 0,
                "total": 1
              }
            }
          ]
        },
        {
          "over": 14,
          "deliveries": [
            {
              "batter": "ML Hayden",
              "bowler": "S Sreesanth",
              "non_striker": "MJ Clarke",
              "runs": {
                "batter": 0,
                "extras": 0,
                "total": 0
              }
            },
            {
              "batter": "ML Hayden",
              "bowler": "S Sreesanth",
              "non_striker": "MJ Clarke",
              "runs": {
                "batter": 0,
                "extras": 0,
                "total": 0
              },
              "wickets": [
                {
                  "kind": "bowled",
                  "player_out": "ML Hayden"
                }
              ]
            },
            {
              "batter": "A Symonds",
              "bowler": "S Sreesanth",
              "non_striker": "MJ Clarke",
              "runs": {
                "batter": 0,
                "extras": 0,
                "total": 0
              }
            },
            {
              "batter": "A Symonds",
              "bowler": "S Sreesanth",
              "non_striker": "MJ Clarke",
              "runs": {
                "batter": 1,
                "extras": 0,
                "total": 1
              }
            },
            {
              "batter": "MJ Clarke",
              "bowler": "S Sreesanth",
              "non_striker": "A Symonds",
              "runs": {
                "batter": 2,
                "extras": 0,
                "total": 2
              }
            },
            {
              "batter": "MJ Clarke",
              "bowler": "S Sreesanth",
              "non_striker": "A Symonds",
              "runs": {
                "batter": 1,
                "extras": 0,
                "total": 1
              }
            }
          ]
        },
        {
          "over": 15,
          "deliveries": [
            {
              "batter": "MJ Clarke",
              "bowler": "RP Singh",
              "non_striker": "A Symonds",
              "runs": {
                "batter": 0,
                "extras": 0,
                "total": 0
              }
            },
            {
              "batter": "MJ Clarke",
              "bowler": "RP Singh",
              "non_striker": "A Symonds",
              "runs": {
                "batter": 0,
                "extras": 0,
                "total": 0
              }
            },
            {
              "batter": "MJ Clarke",
              "bowler": "RP Singh",
              "non_striker": "A Symonds",
              "runs": {
                "batter": 1,
                "extras": 0,
                "total": 1
              }
            },
            {
              "batter": "A Symonds",
              "bowler": "RP Singh",
              "non_striker": "MJ Clarke",
              "runs": {
                "batter": 0,
                "extras": 0,
                "total": 0
              }
            },
            {
              "batter": "A Symonds",
              "bowler": "RP Singh",
              "non_striker": "MJ Clarke",
              "runs": {
                "batter": 4,
                "extras": 0,
                "total": 4
              }
            },
            {
              "batter": "A Symonds",
              "bowler": "RP Singh",
              "non_striker": "MJ Clarke",
              "runs": {
                "batter": 1,
                "extras": 0,
                "total": 1
              }
            }
          ]
        },
        {
          "over": 16,
          "deliveries": [
            {
              "batter": "A Symonds",
              "bowler": "S Sreesanth",
              "non_striker": "MJ Clarke",
              "runs": {
                "batter": 1,
                "extras": 0,
                "total": 1
              }
            },
            {
              "batter": "MJ Clarke",
              "bowler": "S Sreesanth",
              "non_striker": "A Symonds",
              "runs": {
                "batter": 1,
                "extras": 0,
                "total": 1
              }
            },
            {
              "batter": "A Symonds",
              "bowler": "S Sreesanth",
              "non_striker": "MJ Clarke",
              "runs": {
                "batter": 0,
                "extras": 0,
                "total": 0
              },
              "wickets": [
                {
                  "kind": "lbw",
                  "player_out": "A Symonds"
                }
              ]
            },
            {
              "batter": "BJ Haddin",
              "bowler": "S Sreesanth",
              "extras": {
                "noballs": 1
              },
              "non_striker": "MJ Clarke",
              "runs": {
                "batter": 0,
                "extras": 1,
                "total": 1
              }
            },
            {
              "batter": "BJ Haddin",
              "bowler": "S Sreesanth",
              "non_striker": "MJ Clarke",
              "runs": {
                "batter": 0,
                "extras": 0,
                "total": 0
              }
            },
            {
              "batter": "BJ Haddin",
              "bowler": "S Sreesanth",
              "non_striker": "MJ Clarke",
              "runs": {
                "batter": 0,
                "extras": 0,
                "total": 0
              }
            },
            {
              "batter": "BJ Haddin",
              "bowler": "S Sreesanth",
              "non_striker": "MJ Clarke",
              "runs": {
                "batter": 0,
                "extras": 0,
                "total": 0
              }
            }
          ]
        },
        {
          "over": 17,
          "deliveries": [
            {
              "batter": "MJ Clarke",
              "bowler": "Z Khan",
              "non_striker": "BJ Haddin",
              "runs": {
                "batter": 0,
                "extras": 0,
                "total": 0
              }
            },
            {
              "batter": "MJ Clarke",
              "bowler": "Z Khan",
              "non_striker": "BJ Haddin",
              "runs": {
                "batter": 0,
                "extras": 0,
                "total": 0
              }
            },
            {
              "batter": "MJ Clarke",
              "bowler": "Z Khan",
              "non_striker": "BJ Haddin",
              "runs": {
                "batter": 0,
                "extras": 0,
                "total": 0
              }
            },
            {
              "batter": "MJ Clarke",
              "bowler": "Z Khan",
              "non_striker": "BJ Haddin",
              "runs": {
                "batter": 0,
                "extras": 0,
                "total": 0
              }
            },
            {
              "batter": "MJ Clarke",
              "bowler": "Z Khan",
              "non_striker": "BJ Haddin",
              "runs": {
                "batter": 0,
                "extras": 0,
                "total": 0
              }
            },
            {
              "batter": "MJ Clarke",
              "bowler": "Z Khan",
              "non_striker": "BJ Haddin",
              "runs": {
                "batter": 2,
                "extras": 0,
                "total": 2
              }
            }
          ]
        },
        {
          "over": 18,
          "deliveries": [
            {
              "batter": "BJ Haddin",
              "bowler": "S Sreesanth",
              "non_striker": "MJ Clarke",
              "runs": {
                "batter": 0,
                "extras": 0,
                "total": 0
              }
            },
            {
              "batter": "BJ Haddin",
              "bowler": "S Sreesanth",
              "non_striker": "MJ Clarke",
              "runs": {
                "batter": 0,
                "extras": 0,
                "total": 0
              }
            },
            {
              "batter": "BJ Haddin",
              "bowler": "S Sreesanth",
              "non_striker": "MJ Clarke",
              "runs": {
                "batter": 0,
                "extras": 0,
                "total": 0
              }
            },
            {
              "batter": "BJ Haddin",
              "bowler": "S Sreesanth",
              "non_striker": "MJ Clarke",
              "runs": {
                "batter": 0,
                "extras": 0,
                "total": 0
              }
            },
            {
              "batter": "BJ Haddin",
              "bowler": "S Sreesanth",
              "non_striker": "MJ Clarke",
              "runs": {
                "batter": 4,
                "extras": 0,
                "total": 4
              }
            },
            {
              "batter": "BJ Haddin",
              "bowler": "S Sreesanth",
              "non_striker": "MJ Clarke",
              "runs": {
                "batter": 1,
                "extras": 0,
                "total": 1
              }
            }
          ]
        },
        {
          "over": 19,
          "deliveries": [
            {
              "batter": "BJ Haddin",
              "bowler": "IK Pathan",
              "non_striker": "MJ Clarke",
              "runs": {
                "batter": 0,
                "extras": 0,
                "total": 0
              }
            },
            {
              "batter": "BJ Haddin",
              "bowler": "IK Pathan",
              "non_striker": "MJ Clarke",
              "runs": {
                "batter": 0,
                "extras": 0,
                "total": 0
              }
            },
            {
              "batter": "BJ Haddin",
              "bowler": "IK Pathan",
              "non_striker": "MJ Clarke",
              "runs": {
                "batter": 1,
                "extras": 0,
                "total": 1
              }
            },
            {
              "batter": "MJ Clarke",
              "bowler": "IK Pathan",
              "non_striker": "BJ Haddin",
              "runs": {
                "batter": 0,
                "extras": 0,
                "total": 0
              }
            },
            {
              "batter": "MJ Clarke",
              "bowler": "IK Pathan",
              "non_striker": "BJ Haddin",
              "runs": {
                "batter": 1,
                "extras": 0,
                "total": 1
              }
            },
            {
              "batter": "BJ Haddin",
              "bowler": "IK Pathan",
              "non_striker": "MJ Clarke",
              "runs": {
                "batter": 1,
                "extras": 0,
                "total": 1
              }
            }
          ]
        },
        {
          "over": 20,
          "deliveries": [
            {
              "batter": "BJ Haddin",
              "bowler": "RR Powar",
              "non_striker": "MJ Clarke",
              "runs": {
                "batter": 0,
                "extras": 0,
                "total": 0
              }
            },
            {
              "batter": "BJ Haddin",
              "bowler": "RR Powar",
              "non_striker": "MJ Clarke",
              "runs": {
                "batter": 0,
                "extras": 0,
                "total": 0
              }
            },
            {
              "batter": "BJ Haddin",
              "bowler": "RR Powar",
              "non_striker": "MJ Clarke",
              "runs": {
                "batter": 0,
                "extras": 0,
                "total": 0
              }
            },
            {
              "batter": "BJ Haddin",
              "bowler": "RR Powar",
              "non_striker": "MJ Clarke",
              "runs": {
                "batter": 0,
                "extras": 0,
                "total": 0
              }
            },
            {
              "batter": "BJ Haddin",
              "bowler": "RR Powar",
              "non_striker": "MJ Clarke",
              "runs": {
                "batter": 0,
                "extras": 0,
                "total": 0
              }
            },
            {
              "batter": "BJ Haddin",
              "bowler": "RR Powar",
              "extras": {
                "byes": 4
              },
              "non_striker": "MJ Clarke",
              "runs": {
                "batter": 0,
                "extras": 4,
                "total": 4
              }
            }
          ]
        },
        {
          "over": 21,
          "deliveries": [
            {
              "batter": "MJ Clarke",
              "bowler": "IK Pathan",
              "non_striker": "BJ Haddin",
              "runs": {
                "batter": 0,
                "extras": 0,
                "total": 0
              }
            },
            {
              "batter": "MJ Clarke",
              "bowler": "IK Pathan",
              "non_striker": "BJ Haddin",
              "runs": {
                "batter": 1,
                "extras": 0,
                "total": 1
              }
            },
            {
              "batter": "BJ Haddin",
              "bowler": "IK Pathan",
              "non_striker": "MJ Clarke",
              "runs": {
                "batter": 1,
                "extras": 0,
                "total": 1
              }
            },
            {
              "batter": "MJ Clarke",
              "bowler": "IK Pathan",
              "non_striker": "BJ Haddin",
              "runs": {
                "batter": 0,
                "extras": 0,
                "total": 0
              }
            },
            {
              "batter": "MJ Clarke",
              "bowler": "IK Pathan",
              "non_striker": "BJ Haddin",
              "runs": {
                "batter": 0,
                "extras": 0,
                "total": 0
              }
            },
            {
              "batter": "MJ Clarke",
              "bowler": "IK Pathan",
              "non_striker": "BJ Haddin",
              "runs": {
                "batter": 1,
                "extras": 0,
                "total": 1
              }
            }
          ]
        },
        {
          "over": 22,
          "deliveries": [
            {
              "batter": "MJ Clarke",
              "bowler": "RR Powar",
              "non_striker": "BJ Haddin",
              "runs": {
                "batter": 0,
                "extras": 0,
                "total": 0
              }
            },
            {
              "batter": "MJ Clarke",
              "bowler": "RR Powar",
              "non_striker": "BJ Haddin",
              "runs": {
                "batter": 4,
                "extras": 0,
                "total": 4
              }
            },
            {
              "batter": "MJ Clarke",
              "bowler": "RR Powar",
              "non_striker": "BJ Haddin",
              "runs": {
                "batter": 1,
                "extras": 0,
                "total": 1
              }
            },
            {
              "batter": "BJ Haddin",
              "bowler": "RR Powar",
              "non_striker": "MJ Clarke",
              "runs": {
                "batter": 1,
                "extras": 0,
                "total": 1
              }
            },
            {
              "batter": "MJ Clarke",
              "bowler": "RR Powar",
              "non_striker": "BJ Haddin",
              "runs": {
                "batter": 1,
                "extras": 0,
                "total": 1
              }
            },
            {
              "batter": "BJ Haddin",
              "bowler": "RR Powar",
              "non_striker": "MJ Clarke",
              "runs": {
                "batter": 6,
                "extras": 0,
                "total": 6
              }
            }
          ]
        },
        {
          "over": 23,
          "deliveries": [
            {
              "batter": "MJ Clarke",
              "bowler": "IK Pathan",
              "non_striker": "BJ Haddin",
              "runs": {
                "batter": 1,
                "extras": 0,
                "total": 1
              }
            },
            {
              "batter": "BJ Haddin",
              "bowler": "IK Pathan",
              "non_striker": "MJ Clarke",
              "runs": {
                "batter": 0,
                "extras": 0,
                "total": 0
              }
            },
            {
              "batter": "BJ Haddin",
              "bowler": "IK Pathan",
              "non_striker": "MJ Clarke",
              "runs": {
                "batter": 0,
                "extras": 0,
                "total": 0
              }
            },
            {
              "batter": "BJ Haddin",
              "bowler": "IK Pathan",
              "non_striker": "MJ Clarke",
              "runs": {
                "batter": 0,
                "extras": 0,
                "total": 0
              }
            },
            {
              "batter": "BJ Haddin",
              "bowler": "IK Pathan",
              "non_striker": "MJ Clarke",
              "runs": {
                "batter": 4,
                "extras": 0,
                "total": 4
              }
            },
            {
              "batter": "BJ Haddin",
              "bowler": "IK Pathan",
              "non_striker": "MJ Clarke",
              "runs": {
                "batter": 0,
                "extras": 0,
                "total": 0
              }
            }
          ]
        },
        {
          "over": 24,
          "deliveries": [
            {
              "batter": "MJ Clarke",
              "bowler": "RR Powar",
              "non_striker": "BJ Haddin",
              "runs": {
                "batter": 1,
                "extras": 0,
                "total": 1
              }
            },
            {
              "batter": "BJ Haddin",
              "bowler": "RR Powar",
              "non_striker": "MJ Clarke",
              "runs": {
                "batter": 2,
                "extras": 0,
                "total": 2
              }
            },
            {
              "batter": "BJ Haddin",
              "bowler": "RR Powar",
              "non_striker": "MJ Clarke",
              "runs": {
                "batter": 0,
                "extras": 0,
                "total": 0
              }
            },
            {
              "batter": "BJ Haddin",
              "bowler": "RR Powar",
              "non_striker": "MJ Clarke",
              "runs": {
                "batter": 0,
                "extras": 0,
                "total": 0
              }
            },
            {
              "batter": "BJ Haddin",
              "bowler": "RR Powar",
              "non_striker": "MJ Clarke",
              "runs": {
                "batter": 0,
                "extras": 0,
                "total": 0
              }
            },
            {
              "batter": "BJ Haddin",
              "bowler": "RR Powar",
              "non_striker": "MJ Clarke",
              "runs": {
                "batter": 1,
                "extras": 0,
                "total": 1
              }
            }
          ]
        },
        {
          "over": 25,
          "deliveries": [
            {
              "batter": "BJ Haddin",
              "bowler": "IK Pathan",
              "non_striker": "MJ Clarke",
              "runs": {
                "batter": 0,
                "extras": 0,
                "total": 0
              }
            },
            {
              "batter": "BJ Haddin",
              "bowler": "IK Pathan",
              "non_striker": "MJ Clarke",
              "runs": {
                "batter": 2,
                "extras": 0,
                "total": 2
              }
            },
            {
              "batter": "BJ Haddin",
              "bowler": "IK Pathan",
              "non_striker": "MJ Clarke",
              "runs": {
                "batter": 0,
                "extras": 0,
                "total": 0
              }
            },
            {
              "batter": "BJ Haddin",
              "bowler": "IK Pathan",
              "non_striker": "MJ Clarke",
              "runs": {
                "batter": 0,
                "extras": 0,
                "total": 0
              }
            },
            {
              "batter": "BJ Haddin",
              "bowler": "IK Pathan",
              "non_striker": "MJ Clarke",
              "runs": {
                "batter": 1,
                "extras": 0,
                "total": 1
              }
            },
            {
              "batter": "MJ Clarke",
              "bowler": "IK Pathan",
              "non_striker": "BJ Haddin",
              "runs": {
                "batter": 1,
                "extras": 0,
                "total": 1
              }
            }
          ]
        },
        {
          "over": 26,
          "deliveries": [
            {
              "batter": "MJ Clarke",
              "bowler": "RR Powar",
              "non_striker": "BJ Haddin",
              "runs": {
                "batter": 1,
                "extras": 0,
                "total": 1
              }
            },
            {
              "batter": "BJ Haddin",
              "bowler": "RR Powar",
              "non_striker": "MJ Clarke",
              "runs": {
                "batter": 1,
                "extras": 0,
                "total": 1
              }
            },
            {
              "batter": "MJ Clarke",
              "bowler": "RR Powar",
              "non_striker": "BJ Haddin",
              "runs": {
                "batter": 0,
                "extras": 0,
                "total": 0
              }
            },
            {
              "batter": "MJ Clarke",
              "bowler": "RR Powar",
              "non_striker": "BJ Haddin",
              "runs": {
                "batter": 1,
                "extras": 0,
                "total": 1
              }
            },
            {
              "batter": "BJ Haddin",
              "bowler": "RR Powar",
              "non_striker": "MJ Clarke",
              "runs": {
                "batter": 1,
                "extras": 0,
                "total": 1
              }
            },
            {
              "batter": "MJ Clarke",
              "bowler": "RR Powar",
              "non_striker": "BJ Haddin",
              "runs": {
                "batter": 2,
                "extras": 0,
                "total": 2
              }
            }
          ]
        },
        {
          "over": 27,
          "deliveries": [
            {
              "batter": "BJ Haddin",
              "bowler": "IK Pathan",
              "non_striker": "MJ Clarke",
              "runs": {
                "batter": 1,
                "extras": 0,
                "total": 1
              }
            },
            {
              "batter": "MJ Clarke",
              "bowler": "IK Pathan",
              "non_striker": "BJ Haddin",
              "runs": {
                "batter": 1,
                "extras": 0,
                "total": 1
              }
            },
            {
              "batter": "BJ Haddin",
              "bowler": "IK Pathan",
              "non_striker": "MJ Clarke",
              "runs": {
                "batter": 1,
                "extras": 0,
                "total": 1
              }
            },
            {
              "batter": "MJ Clarke",
              "bowler": "IK Pathan",
              "non_striker": "BJ Haddin",
              "runs": {
                "batter": 1,
                "extras": 0,
                "total": 1
              }
            },
            {
              "batter": "BJ Haddin",
              "bowler": "IK Pathan",
              "non_striker": "MJ Clarke",
              "runs": {
                "batter": 1,
                "extras": 0,
                "total": 1
              }
            },
            {
              "batter": "MJ Clarke",
              "bowler": "IK Pathan",
              "non_striker": "BJ Haddin",
              "runs": {
                "batter": 0,
                "extras": 0,
                "total": 0
              }
            }
          ]
        },
        {
          "over": 28,
          "deliveries": [
            {
              "batter": "BJ Haddin",
              "bowler": "Yuvraj Singh",
              "non_striker": "MJ Clarke",
              "runs": {
                "batter": 0,
                "extras": 0,
                "total": 0
              }
            },
            {
              "batter": "BJ Haddin",
              "bowler": "Yuvraj Singh",
              "non_striker": "MJ Clarke",
              "runs": {
                "batter": 1,
                "extras": 0,
                "total": 1
              }
            },
            {
              "batter": "MJ Clarke",
              "bowler": "Yuvraj Singh",
              "non_striker": "BJ Haddin",
              "runs": {
                "batter": 0,
                "extras": 0,
                "total": 0
              }
            },
            {
              "batter": "MJ Clarke",
              "bowler": "Yuvraj Singh",
              "non_striker": "BJ Haddin",
              "runs": {
                "batter": 1,
                "extras": 0,
                "total": 1
              }
            },
            {
              "batter": "BJ Haddin",
              "bowler": "Yuvraj Singh",
              "non_striker": "MJ Clarke",
              "runs": {
                "batter": 4,
                "extras": 0,
                "total": 4
              }
            },
            {
              "batter": "BJ Haddin",
              "bowler": "Yuvraj Singh",
              "non_striker": "MJ Clarke",
              "runs": {
                "batter": 0,
                "extras": 0,
                "total": 0
              }
            }
          ]
        },
        {
          "over": 29,
          "deliveries": [
            {
              "batter": "MJ Clarke",
              "bowler": "IK Pathan",
              "non_striker": "BJ Haddin",
              "runs": {
                "batter": 1,
                "extras": 0,
                "total": 1
              }
            },
            {
              "batter": "BJ Haddin",
              "bowler": "IK Pathan",
              "non_striker": "MJ Clarke",
              "runs": {
                "batter": 0,
                "extras": 0,
                "total": 0
              }
            },
            {
              "batter": "BJ Haddin",
              "bowler": "IK Pathan",
              "non_striker": "MJ Clarke",
              "runs": {
                "batter": 1,
                "extras": 0,
                "total": 1
              }
            },
            {
              "batter": "MJ Clarke",
              "bowler": "IK Pathan",
              "extras": {
                "wides": 1
              },
              "non_striker": "BJ Haddin",
              "runs": {
                "batter": 0,
                "extras": 1,
                "total": 1
              }
            },
            {
              "batter": "MJ Clarke",
              "bowler": "IK Pathan",
              "non_striker": "BJ Haddin",
              "runs": {
                "batter": 1,
                "extras": 0,
                "total": 1
              }
            },
            {
              "batter": "BJ Haddin",
              "bowler": "IK Pathan",
              "non_striker": "MJ Clarke",
              "runs": {
                "batter": 0,
                "extras": 0,
                "total": 0
              }
            },
            {
              "batter": "BJ Haddin",
              "bowler": "IK Pathan",
              "non_striker": "MJ Clarke",
              "runs": {
                "batter": 0,
                "extras": 0,
                "total": 0
              }
            }
          ]
        },
        {
          "over": 30,
          "deliveries": [
            {
              "batter": "MJ Clarke",
              "bowler": "Yuvraj Singh",
              "non_striker": "BJ Haddin",
              "runs": {
                "batter": 0,
                "extras": 0,
                "total": 0
              }
            },
            {
              "batter": "MJ Clarke",
              "bowler": "Yuvraj Singh",
              "non_striker": "BJ Haddin",
              "runs": {
                "batter": 1,
                "extras": 0,
                "total": 1
              }
            },
            {
              "batter": "BJ Haddin",
              "bowler": "Yuvraj Singh",
              "non_striker": "MJ Clarke",
              "runs": {
                "batter": 0,
                "extras": 0,
                "total": 0
              }
            },
            {
              "batter": "BJ Haddin",
              "bowler": "Yuvraj Singh",
              "non_striker": "MJ Clarke",
              "runs": {
                "batter": 0,
                "extras": 0,
                "total": 0
              }
            },
            {
              "batter": "BJ Haddin",
              "bowler": "Yuvraj Singh",
              "non_striker": "MJ Clarke",
              "runs": {
                "batter": 0,
                "extras": 0,
                "total": 0
              }
            },
            {
              "batter": "BJ Haddin",
              "bowler": "Yuvraj Singh",
              "non_striker": "MJ Clarke",
              "runs": {
                "batter": 0,
                "extras": 0,
                "total": 0
              }
            }
          ]
        },
        {
          "over": 31,
          "deliveries": [
            {
              "batter": "MJ Clarke",
              "bowler": "IK Pathan",
              "non_striker": "BJ Haddin",
              "runs": {
                "batter": 1,
                "extras": 0,
                "total": 1
              }
            },
            {
              "batter": "BJ Haddin",
              "bowler": "IK Pathan",
              "non_striker": "MJ Clarke",
              "runs": {
                "batter": 0,
                "extras": 0,
                "total": 0
              }
            },
            {
              "batter": "BJ Haddin",
              "bowler": "IK Pathan",
              "non_striker": "MJ Clarke",
              "runs": {
                "batter": 1,
                "extras": 0,
                "total": 1
              }
            },
            {
              "batter": "MJ Clarke",
              "bowler": "IK Pathan",
              "non_striker": "BJ Haddin",
              "runs": {
                "batter": 0,
                "extras": 0,
                "total": 0
              }
            },
            {
              "batter": "MJ Clarke",
              "bowler": "IK Pathan",
              "non_striker": "BJ Haddin",
              "runs": {
                "batter": 4,
                "extras": 0,
                "total": 4
              }
            },
            {
              "batter": "MJ Clarke",
              "bowler": "IK Pathan",
              "non_striker": "BJ Haddin",
              "runs": {
                "batter": 1,
                "extras": 0,
                "total": 1
              }
            }
          ]
        },
        {
          "over": 32,
          "deliveries": [
            {
              "batter": "MJ Clarke",
              "bowler": "Yuvraj Singh",
              "non_striker": "BJ Haddin",
              "runs": {
                "batter": 0,
                "extras": 0,
                "total": 0
              }
            },
            {
              "batter": "MJ Clarke",
              "bowler": "Yuvraj Singh",
              "non_striker": "BJ Haddin",
              "runs": {
                "batter": 1,
                "extras": 0,
                "total": 1
              }
            },
            {
              "batter": "BJ Haddin",
              "bowler": "Yuvraj Singh",
              "non_striker": "MJ Clarke",
              "runs": {
                "batter": 4,
                "extras": 0,
                "total": 4
              }
            },
            {
              "batter": "BJ Haddin",
              "bowler": "Yuvraj Singh",
              "non_striker": "MJ Clarke",
              "runs": {
                "batter": 0,
                "extras": 0,
                "total": 0
              }
            },
            {
              "batter": "BJ Haddin",
              "bowler": "Yuvraj Singh",
              "non_striker": "MJ Clarke",
              "runs": {
                "batter": 0,
                "extras": 0,
                "total": 0
              }
            },
            {
              "batter": "BJ Haddin",
              "bowler": "Yuvraj Singh",
              "non_striker": "MJ Clarke",
              "runs": {
                "batter": 2,
                "extras": 0,
                "total": 2
              }
            }
          ]
        },
        {
          "over": 33,
          "deliveries": [
            {
              "batter": "MJ Clarke",
              "bowler": "IK Pathan",
              "non_striker": "BJ Haddin",
              "runs": {
                "batter": 0,
                "extras": 0,
                "total": 0
              }
            },
            {
              "batter": "MJ Clarke",
              "bowler": "IK Pathan",
              "non_striker": "BJ Haddin",
              "runs": {
                "batter": 2,
                "extras": 0,
                "total": 2
              }
            },
            {
              "batter": "MJ Clarke",
              "bowler": "IK Pathan",
              "non_striker": "BJ Haddin",
              "runs": {
                "batter": 0,
                "extras": 0,
                "total": 0
              }
            },
            {
              "batter": "MJ Clarke",
              "bowler": "IK Pathan",
              "non_striker": "BJ Haddin",
              "runs": {
                "batter": 0,
                "extras": 0,
                "total": 0
              }
            },
            {
              "batter": "MJ Clarke",
              "bowler": "IK Pathan",
              "non_striker": "BJ Haddin",
              "runs": {
                "batter": 1,
                "extras": 0,
                "total": 1
              }
            },
            {
              "batter": "BJ Haddin",
              "bowler": "IK Pathan",
              "non_striker": "MJ Clarke",
              "runs": {
                "batter": 4,
                "extras": 0,
                "total": 4
              }
            }
          ]
        },
        {
          "over": 34,
          "deliveries": [
            {
              "batter": "MJ Clarke",
              "bowler": "RP Singh",
              "non_striker": "BJ Haddin",
              "runs": {
                "batter": 0,
                "extras": 0,
                "total": 0
              }
            },
            {
              "batter": "MJ Clarke",
              "bowler": "RP Singh",
              "non_striker": "BJ Haddin",
              "runs": {
                "batter": 0,
                "extras": 0,
                "total": 0
              }
            },
            {
              "batter": "MJ Clarke",
              "bowler": "RP Singh",
              "non_striker": "BJ Haddin",
              "runs": {
                "batter": 0,
                "extras": 0,
                "total": 0
              }
            },
            {
              "batter": "MJ Clarke",
              "bowler": "RP Singh",
              "non_striker": "BJ Haddin",
              "runs": {
                "batter": 1,
                "extras": 0,
                "total": 1
              }
            },
            {
              "batter": "BJ Haddin",
              "bowler": "RP Singh",
              "non_striker": "MJ Clarke",
              "runs": {
                "batter": 1,
                "extras": 0,
                "total": 1
              }
            },
            {
              "batter": "MJ Clarke",
              "bowler": "RP Singh",
              "non_striker": "BJ Haddin",
              "runs": {
                "batter": 4,
                "extras": 0,
                "total": 4
              }
            }
          ]
        },
        {
          "over": 35,
          "deliveries": [
            {
              "batter": "BJ Haddin",
              "bowler": "Z Khan",
              "non_striker": "MJ Clarke",
              "runs": {
                "batter": 1,
                "extras": 0,
                "total": 1
              }
            },
            {
              "batter": "MJ Clarke",
              "bowler": "Z Khan",
              "non_striker": "BJ Haddin",
              "runs": {
                "batter": 4,
                "extras": 0,
                "total": 4
              }
            },
            {
              "batter": "MJ Clarke",
              "bowler": "Z Khan",
              "non_striker": "BJ Haddin",
              "runs": {
                "batter": 1,
                "extras": 0,
                "total": 1
              }
            },
            {
              "batter": "BJ Haddin",
              "bowler": "Z Khan",
              "non_striker": "MJ Clarke",
              "runs": {
                "batter": 0,
                "extras": 0,
                "total": 0
              }
            },
            {
              "batter": "BJ Haddin",
              "bowler": "Z Khan",
              "non_striker": "MJ Clarke",
              "runs": {
                "batter": 1,
                "extras": 0,
                "total": 1
              }
            },
            {
              "batter": "MJ Clarke",
              "bowler": "Z Khan",
              "non_striker": "BJ Haddin",
              "runs": {
                "batter": 1,
                "extras": 0,
                "total": 1
              }
            }
          ]
        },
        {
          "over": 36,
          "deliveries": [
            {
              "batter": "MJ Clarke",
              "bowler": "RP Singh",
              "non_striker": "BJ Haddin",
              "runs": {
                "batter": 2,
                "extras": 0,
                "total": 2
              }
            },
            {
              "batter": "MJ Clarke",
              "bowler": "RP Singh",
              "non_striker": "BJ Haddin",
              "runs": {
                "batter": 0,
                "extras": 0,
                "total": 0
              }
            },
            {
              "batter": "MJ Clarke",
              "bowler": "RP Singh",
              "non_striker": "BJ Haddin",
              "runs": {
                "batter": 1,
                "extras": 0,
                "total": 1
              }
            },
            {
              "batter": "BJ Haddin",
              "bowler": "RP Singh",
              "non_striker": "MJ Clarke",
              "runs": {
                "batter": 0,
                "extras": 0,
                "total": 0
              }
            },
            {
              "batter": "BJ Haddin",
              "bowler": "RP Singh",
              "non_striker": "MJ Clarke",
              "runs": {
                "batter": 0,
                "extras": 0,
                "total": 0
              }
            },
            {
              "batter": "BJ Haddin",
              "bowler": "RP Singh",
              "extras": {
                "wides": 1
              },
              "non_striker": "MJ Clarke",
              "runs": {
                "batter": 0,
                "extras": 1,
                "total": 1
              }
            },
            {
              "batter": "BJ Haddin",
              "bowler": "RP Singh",
              "non_striker": "MJ Clarke",
              "runs": {
                "batter": 0,
                "extras": 0,
                "total": 0
              }
            }
          ]
        },
        {
          "over": 37,
          "deliveries": [
            {
              "batter": "MJ Clarke",
              "bowler": "Z Khan",
              "non_striker": "BJ Haddin",
              "runs": {
                "batter": 0,
                "extras": 0,
                "total": 0
              }
            },
            {
              "batter": "MJ Clarke",
              "bowler": "Z Khan",
              "non_striker": "BJ Haddin",
              "runs": {
                "batter": 1,
                "extras": 0,
                "total": 1
              }
            },
            {
              "batter": "BJ Haddin",
              "bowler": "Z Khan",
              "non_striker": "MJ Clarke",
              "runs": {
                "batter": 4,
                "extras": 0,
                "total": 4
              }
            },
            {
              "batter": "BJ Haddin",
              "bowler": "Z Khan",
              "non_striker": "MJ Clarke",
              "runs": {
                "batter": 2,
                "extras": 0,
                "total": 2
              }
            },
            {
              "batter": "BJ Haddin",
              "bowler": "Z Khan",
              "non_striker": "MJ Clarke",
              "runs": {
                "batter": 1,
                "extras": 0,
                "total": 1
              }
            },
            {
              "batter": "MJ Clarke",
              "bowler": "Z Khan",
              "non_striker": "BJ Haddin",
              "runs": {
                "batter": 1,
                "extras": 0,
                "total": 1
              }
            }
          ]
        },
        {
          "over": 38,
          "deliveries": [
            {
              "batter": "MJ Clarke",
              "bowler": "RP Singh",
              "non_striker": "BJ Haddin",
              "runs": {
                "batter": 4,
                "extras": 0,
                "total": 4
              }
            },
            {
              "batter": "MJ Clarke",
              "bowler": "RP Singh",
              "non_striker": "BJ Haddin",
              "runs": {
                "batter": 1,
                "extras": 0,
                "total": 1
              }
            },
            {
              "batter": "BJ Haddin",
              "bowler": "RP Singh",
              "non_striker": "MJ Clarke",
              "runs": {
                "batter": 4,
                "extras": 0,
                "total": 4
              }
            },
            {
              "batter": "BJ Haddin",
              "bowler": "RP Singh",
              "non_striker": "MJ Clarke",
              "runs": {
                "batter": 0,
                "extras": 0,
                "total": 0
              }
            },
            {
              "batter": "BJ Haddin",
              "bowler": "RP Singh",
              "non_striker": "MJ Clarke",
              "runs": {
                "batter": 2,
                "extras": 0,
                "total": 2
              }
            },
            {
              "batter": "BJ Haddin",
              "bowler": "RP Singh",
              "non_striker": "MJ Clarke",
              "runs": {
                "batter": 0,
                "extras": 0,
                "total": 0
              }
            }
          ]
        },
        {
          "over": 39,
          "deliveries": [
            {
              "batter": "MJ Clarke",
              "bowler": "Yuvraj Singh",
              "non_striker": "BJ Haddin",
              "runs": {
                "batter": 0,
                "extras": 0,
                "total": 0
              }
            },
            {
              "batter": "MJ Clarke",
              "bowler": "Yuvraj Singh",
              "non_striker": "BJ Haddin",
              "runs": {
                "batter": 1,
                "extras": 0,
                "total": 1
              }
            },
            {
              "batter": "BJ Haddin",
              "bowler": "Yuvraj Singh",
              "non_striker": "MJ Clarke",
              "runs": {
                "batter": 2,
                "extras": 0,
                "total": 2
              }
            },
            {
              "batter": "BJ Haddin",
              "bowler": "Yuvraj Singh",
              "non_striker": "MJ Clarke",
              "runs": {
                "batter": 1,
                "extras": 0,
                "total": 1
              }
            },
            {
              "batter": "MJ Clarke",
              "bowler": "Yuvraj Singh",
              "non_striker": "BJ Haddin",
              "runs": {
                "batter": 1,
                "extras": 0,
                "total": 1
              }
            },
            {
              "batter": "BJ Haddin",
              "bowler": "Yuvraj Singh",
              "non_striker": "MJ Clarke",
              "runs": {
                "batter": 0,
                "extras": 0,
                "total": 0
              }
            }
          ]
        },
        {
          "over": 40,
          "deliveries": [
            {
              "batter": "MJ Clarke",
              "bowler": "RR Powar",
              "non_striker": "BJ Haddin",
              "runs": {
                "batter": 6,
                "extras": 0,
                "total": 6
              }
            },
            {
              "batter": "MJ Clarke",
              "bowler": "RR Powar",
              "non_striker": "BJ Haddin",
              "runs": {
                "batter": 1,
                "extras": 0,
                "total": 1
              }
            },
            {
              "batter": "BJ Haddin",
              "bowler": "RR Powar",
              "non_striker": "MJ Clarke",
              "runs": {
                "batter": 1,
                "extras": 0,
                "total": 1
              }
            },
            {
              "batter": "MJ Clarke",
              "bowler": "RR Powar",
              "non_striker": "BJ Haddin",
              "runs": {
                "batter": 1,
                "extras": 0,
                "total": 1
              }
            },
            {
              "batter": "BJ Haddin",
              "bowler": "RR Powar",
              "non_striker": "MJ Clarke",
              "runs": {
                "batter": 1,
                "extras": 0,
                "total": 1
              }
            },
            {
              "batter": "MJ Clarke",
              "bowler": "RR Powar",
              "non_striker": "BJ Haddin",
              "runs": {
                "batter": 1,
                "extras": 0,
                "total": 1
              }
            }
          ]
        },
        {
          "over": 41,
          "deliveries": [
            {
              "batter": "MJ Clarke",
              "bowler": "Yuvraj Singh",
              "non_striker": "BJ Haddin",
              "runs": {
                "batter": 0,
                "extras": 0,
                "total": 0
              }
            },
            {
              "batter": "MJ Clarke",
              "bowler": "Yuvraj Singh",
              "non_striker": "BJ Haddin",
              "runs": {
                "batter": 1,
                "extras": 0,
                "total": 1
              }
            },
            {
              "batter": "BJ Haddin",
              "bowler": "Yuvraj Singh",
              "non_striker": "MJ Clarke",
              "runs": {
                "batter": 1,
                "extras": 0,
                "total": 1
              }
            },
            {
              "batter": "MJ Clarke",
              "bowler": "Yuvraj Singh",
              "non_striker": "BJ Haddin",
              "runs": {
                "batter": 1,
                "extras": 0,
                "total": 1
              }
            },
            {
              "batter": "BJ Haddin",
              "bowler": "Yuvraj Singh",
              "non_striker": "MJ Clarke",
              "runs": {
                "batter": 0,
                "extras": 0,
                "total": 0
              },
              "wickets": [
                {
                  "kind": "stumped",
                  "player_out": "BJ Haddin",
                  "fielders": [
                    {
                      "name": "MS Dhoni"
                    }
                  ]
                }
              ]
            },
            {
              "batter": "JR Hopes",
              "bowler": "Yuvraj Singh",
              "non_striker": "MJ Clarke",
              "runs": {
                "batter": 0,
                "extras": 0,
                "total": 0
              }
            }
          ]
        },
        {
          "over": 42,
          "deliveries": [
            {
              "batter": "MJ Clarke",
              "bowler": "RR Powar",
              "non_striker": "JR Hopes",
              "runs": {
                "batter": 6,
                "extras": 0,
                "total": 6
              }
            },
            {
              "batter": "MJ Clarke",
              "bowler": "RR Powar",
              "non_striker": "JR Hopes",
              "runs": {
                "batter": 1,
                "extras": 0,
                "total": 1
              }
            },
            {
              "batter": "JR Hopes",
              "bowler": "RR Powar",
              "non_striker": "MJ Clarke",
              "runs": {
                "batter": 1,
                "extras": 0,
                "total": 1
              }
            },
            {
              "batter": "MJ Clarke",
              "bowler": "RR Powar",
              "non_striker": "JR Hopes",
              "runs": {
                "batter": 0,
                "extras": 0,
                "total": 0
              }
            },
            {
              "batter": "MJ Clarke",
              "bowler": "RR Powar",
              "non_striker": "JR Hopes",
              "runs": {
                "batter": 6,
                "extras": 0,
                "total": 6
              }
            },
            {
              "batter": "MJ Clarke",
              "bowler": "RR Powar",
              "non_striker": "JR Hopes",
              "runs": {
                "batter": 2,
                "extras": 0,
                "total": 2
              }
            }
          ]
        },
        {
          "over": 43,
          "deliveries": [
            {
              "batter": "JR Hopes",
              "bowler": "Yuvraj Singh",
              "non_striker": "MJ Clarke",
              "runs": {
                "batter": 0,
                "extras": 0,
                "total": 0
              }
            },
            {
              "batter": "JR Hopes",
              "bowler": "Yuvraj Singh",
              "non_striker": "MJ Clarke",
              "runs": {
                "batter": 1,
                "extras": 0,
                "total": 1
              }
            },
            {
              "batter": "MJ Clarke",
              "bowler": "Yuvraj Singh",
              "non_striker": "JR Hopes",
              "runs": {
                "batter": 1,
                "extras": 0,
                "total": 1
              }
            },
            {
              "batter": "JR Hopes",
              "bowler": "Yuvraj Singh",
              "non_striker": "MJ Clarke",
              "runs": {
                "batter": 3,
                "extras": 0,
                "total": 3
              }
            },
            {
              "batter": "MJ Clarke",
              "bowler": "Yuvraj Singh",
              "non_striker": "JR Hopes",
              "runs": {
                "batter": 1,
                "extras": 0,
                "total": 1
              }
            },
            {
              "batter": "JR Hopes",
              "bowler": "Yuvraj Singh",
              "non_striker": "MJ Clarke",
              "runs": {
                "batter": 0,
                "extras": 0,
                "total": 0
              }
            }
          ]
        },
        {
          "over": 44,
          "deliveries": [
            {
              "batter": "MJ Clarke",
              "bowler": "S Sreesanth",
              "non_striker": "JR Hopes",
              "runs": {
                "batter": 0,
                "extras": 0,
                "total": 0
              }
            },
            {
              "batter": "MJ Clarke",
              "bowler": "S Sreesanth",
              "non_striker": "JR Hopes",
              "runs": {
                "batter": 1,
                "extras": 0,
                "total": 1
              }
            },
            {
              "batter": "JR Hopes",
              "bowler": "S Sreesanth",
              "non_striker": "MJ Clarke",
              "runs": {
                "batter": 4,
                "extras": 0,
                "total": 4
              }
            },
            {
              "batter": "JR Hopes",
              "bowler": "S Sreesanth",
              "non_striker": "MJ Clarke",
              "runs": {
                "batter": 1,
                "extras": 0,
                "total": 1
              }
            },
            {
              "batter": "MJ Clarke",
              "bowler": "S Sreesanth",
              "non_striker": "JR Hopes",
              "runs": {
                "batter": 1,
                "extras": 0,
                "total": 1
              }
            },
            {
              "batter": "JR Hopes",
              "bowler": "S Sreesanth",
              "non_striker": "MJ Clarke",
              "runs": {
                "batter": 4,
                "extras": 0,
                "total": 4
              }
            }
          ]
        },
        {
          "over": 45,
          "deliveries": [
            {
              "batter": "MJ Clarke",
              "bowler": "RP Singh",
              "non_striker": "JR Hopes",
              "runs": {
                "batter": 1,
                "extras": 0,
                "total": 1
              }
            },
            {
              "batter": "JR Hopes",
              "bowler": "RP Singh",
              "non_striker": "MJ Clarke",
              "runs": {
                "batter": 1,
                "extras": 0,
                "total": 1
              }
            },
            {
              "batter": "MJ Clarke",
              "bowler": "RP Singh",
              "non_striker": "JR Hopes",
              "runs": {
                "batter": 2,
                "extras": 0,
                "total": 2
              }
            },
            {
              "batter": "MJ Clarke",
              "bowler": "RP Singh",
              "non_striker": "JR Hopes",
              "runs": {
                "batter": 0,
                "extras": 0,
                "total": 0
              }
            },
            {
              "batter": "MJ Clarke",
              "bowler": "RP Singh",
              "non_striker": "JR Hopes",
              "runs": {
                "batter": 1,
                "extras": 0,
                "total": 1
              }
            },
            {
              "batter": "JR Hopes",
              "bowler": "RP Singh",
              "non_striker": "MJ Clarke",
              "runs": {
                "batter": 1,
                "extras": 0,
                "total": 1
              }
            }
          ]
        },
        {
          "over": 46,
          "deliveries": [
            {
              "batter": "JR Hopes",
              "bowler": "S Sreesanth",
              "non_striker": "MJ Clarke",
              "runs": {
                "batter": 0,
                "extras": 0,
                "total": 0
              }
            },
            {
              "batter": "JR Hopes",
              "bowler": "S Sreesanth",
              "non_striker": "MJ Clarke",
              "runs": {
                "batter": 1,
                "extras": 0,
                "total": 1
              }
            },
            {
              "batter": "MJ Clarke",
              "bowler": "S Sreesanth",
              "non_striker": "JR Hopes",
              "runs": {
                "batter": 4,
                "extras": 0,
                "total": 4
              }
            },
            {
              "batter": "MJ Clarke",
              "bowler": "S Sreesanth",
              "non_striker": "JR Hopes",
              "runs": {
                "batter": 1,
                "extras": 0,
                "total": 1
              }
            },
            {
              "batter": "JR Hopes",
              "bowler": "S Sreesanth",
              "non_striker": "MJ Clarke",
              "runs": {
                "batter": 1,
                "extras": 0,
                "total": 1
              }
            },
            {
              "batter": "MJ Clarke",
              "bowler": "S Sreesanth",
              "non_striker": "JR Hopes",
              "runs": {
                "batter": 1,
                "extras": 0,
                "total": 1
              }
            }
          ]
        },
        {
          "over": 47,
          "deliveries": [
            {
              "batter": "MJ Clarke",
              "bowler": "Z Khan",
              "extras": {
                "noballs": 1
              },
              "non_striker": "JR Hopes",
              "runs": {
                "batter": 1,
                "extras": 1,
                "total": 2
              }
            },
            {
              "batter": "JR Hopes",
              "bowler": "Z Khan",
              "non_striker": "MJ Clarke",
              "runs": {
                "batter": 2,
                "extras": 0,
                "total": 2
              }
            },
            {
              "batter": "JR Hopes",
              "bowler": "Z Khan",
              "non_striker": "MJ Clarke",
              "runs": {
                "batter": 4,
                "extras": 0,
                "total": 4
              }
            },
            {
              "batter": "JR Hopes",
              "bowler": "Z Khan",
              "non_striker": "MJ Clarke",
              "runs": {
                "batter": 1,
                "extras": 0,
                "total": 1
              }
            },
            {
              "batter": "MJ Clarke",
              "bowler": "Z Khan",
              "non_striker": "JR Hopes",
              "runs": {
                "batter": 1,
                "extras": 0,
                "total": 1
              }
            },
            {
              "batter": "JR Hopes",
              "bowler": "Z Khan",
              "non_striker": "MJ Clarke",
              "runs": {
                "batter": 1,
                "extras": 0,
                "total": 1
              }
            },
            {
              "batter": "MJ Clarke",
              "bowler": "Z Khan",
              "non_striker": "JR Hopes",
              "runs": {
                "batter": 1,
                "extras": 0,
                "total": 1
              }
            }
          ]
        },
        {
          "over": 48,
          "deliveries": [
            {
              "batter": "MJ Clarke",
              "bowler": "RP Singh",
              "non_striker": "JR Hopes",
              "runs": {
                "batter": 1,
                "extras": 0,
                "total": 1
              }
            },
            {
              "batter": "JR Hopes",
              "bowler": "RP Singh",
              "non_striker": "MJ Clarke",
              "runs": {
                "batter": 2,
                "extras": 0,
                "total": 2
              }
            },
            {
              "batter": "JR Hopes",
              "bowler": "RP Singh",
              "non_striker": "MJ Clarke",
              "runs": {
                "batter": 1,
                "extras": 0,
                "total": 1
              }
            },
            {
              "batter": "MJ Clarke",
              "bowler": "RP Singh",
              "non_striker": "JR Hopes",
              "runs": {
                "batter": 1,
                "extras": 0,
                "total": 1
              }
            },
            {
              "batter": "JR Hopes",
              "bowler": "RP Singh",
              "non_striker": "MJ Clarke",
              "runs": {
                "batter": 1,
                "extras": 0,
                "total": 1
              }
            },
            {
              "batter": "MJ Clarke",
              "bowler": "RP Singh",
              "non_striker": "JR Hopes",
              "runs": {
                "batter": 0,
                "extras": 0,
                "total": 0
              }
            }
          ]
        },
        {
          "over": 49,
          "deliveries": [
            {
              "batter": "JR Hopes",
              "bowler": "Z Khan",
              "non_striker": "MJ Clarke",
              "runs": {
                "batter": 2,
                "extras": 0,
                "total": 2
              }
            },
            {
              "batter": "JR Hopes",
              "bowler": "Z Khan",
              "non_striker": "MJ Clarke",
              "runs": {
                "batter": 4,
                "extras": 0,
                "total": 4
              }
            },
            {
              "batter": "JR Hopes",
              "bowler": "Z Khan",
              "non_striker": "MJ Clarke",
              "runs": {
                "batter": 1,
                "extras": 0,
                "total": 1
              }
            },
            {
              "batter": "MJ Clarke",
              "bowler": "Z Khan",
              "non_striker": "JR Hopes",
              "runs": {
                "batter": 1,
                "extras": 0,
                "total": 1
              }
            },
            {
              "batter": "JR Hopes",
              "bowler": "Z Khan",
              "non_striker": "MJ Clarke",
              "runs": {
                "batter": 0,
                "extras": 0,
                "total": 0
              },
              "wickets": [
                {
                  "kind": "caught",
                  "player_out": "JR Hopes",
                  "fielders": [
                    {
                      "name": "SR Tendulkar"
                    }
                  ]
                }
              ]
            },
            {
              "batter": "MJ Clarke",
              "bowler": "Z Khan",
              "non_striker": "B Lee",
              "runs": {
                "batter": 0,
                "extras": 0,
                "total": 0
              },
              "wickets": [
                {
                  "kind": "run out",
                  "player_out": "MJ Clarke",
                  "fielders": [
                    {
                      "name": "Z Khan"
                    }
                  ]
                }
              ]
            }
          ]
        }
      ],
      "powerplays": [
        {
          "from": 0.1,
          "to": 9.6,
          "type": "mandatory"
        },
        {
          "from": 10.1,
          "to": 14.6,
          "type": "fielding"
        },
        {
          "from": 15.1,
          "to": 19.6,
          "type": "fielding"
        }
      ]
    },
    {
      "team": "India",
      "overs": [
        {
          "over": 0,
          "deliveries": [
            {
              "batter": "G Gambhir",
              "bowler": "B Lee",
              "non_striker": "SR Tendulkar",
              "runs": {
                "batter": 0,
                "extras": 0,
                "total": 0
              }
            },
            {
              "batter": "G Gambhir",
              "bowler": "B Lee",
              "non_striker": "SR Tendulkar",
              "runs": {
                "batter": 0,
                "extras": 0,
                "total": 0
              }
            },
            {
              "batter": "G Gambhir",
              "bowler": "B Lee",
              "non_striker": "SR Tendulkar",
              "runs": {
                "batter": 0,
                "extras": 0,
                "total": 0
              }
            },
            {
              "batter": "G Gambhir",
              "bowler": "B Lee",
              "non_striker": "SR Tendulkar",
              "runs": {
                "batter": 0,
                "extras": 0,
                "total": 0
              }
            },
            {
              "batter": "G Gambhir",
              "bowler": "B Lee",
              "non_striker": "SR Tendulkar",
              "runs": {
                "batter": 0,
                "extras": 0,
                "total": 0
              }
            },
            {
              "batter": "G Gambhir",
              "bowler": "B Lee",
              "non_striker": "SR Tendulkar",
              "runs": {
                "batter": 0,
                "extras": 0,
                "total": 0
              }
            }
          ]
        },
        {
          "over": 1,
          "deliveries": [
            {
              "batter": "SR Tendulkar",
              "bowler": "MG Johnson",
              "non_striker": "G Gambhir",
              "runs": {
                "batter": 0,
                "extras": 0,
                "total": 0
              }
            },
            {
              "batter": "SR Tendulkar",
              "bowler": "MG Johnson",
              "non_striker": "G Gambhir",
              "runs": {
                "batter": 0,
                "extras": 0,
                "total": 0
              }
            },
            {
              "batter": "SR Tendulkar",
              "bowler": "MG Johnson",
              "non_striker": "G Gambhir",
              "runs": {
                "batter": 0,
                "extras": 0,
                "total": 0
              }
            },
            {
              "batter": "SR Tendulkar",
              "bowler": "MG Johnson",
              "non_striker": "G Gambhir",
              "runs": {
                "batter": 0,
                "extras": 0,
                "total": 0
              }
            },
            {
              "batter": "SR Tendulkar",
              "bowler": "MG Johnson",
              "non_striker": "G Gambhir",
              "runs": {
                "batter": 0,
                "extras": 0,
                "total": 0
              }
            },
            {
              "batter": "SR Tendulkar",
              "bowler": "MG Johnson",
              "extras": {
                "wides": 1
              },
              "non_striker": "G Gambhir",
              "runs": {
                "batter": 0,
                "extras": 1,
                "total": 1
              }
            },
            {
              "batter": "SR Tendulkar",
              "bowler": "MG Johnson",
              "non_striker": "G Gambhir",
              "runs": {
                "batter": 0,
                "extras": 0,
                "total": 0
              },
              "wickets": [
                {
                  "kind": "lbw",
                  "player_out": "SR Tendulkar"
                }
              ]
            }
          ]
        },
        {
          "over": 2,
          "deliveries": [
            {
              "batter": "G Gambhir",
              "bowler": "B Lee",
              "non_striker": "IK Pathan",
              "runs": {
                "batter": 4,
                "extras": 0,
                "total": 4
              }
            },
            {
              "batter": "G Gambhir",
              "bowler": "B Lee",
              "extras": {
                "byes": 4
              },
              "non_striker": "IK Pathan",
              "runs": {
                "batter": 0,
                "extras": 4,
                "total": 4
              }
            },
            {
              "batter": "G Gambhir",
              "bowler": "B Lee",
              "non_striker": "IK Pathan",
              "runs": {
                "batter": 0,
                "extras": 0,
                "total": 0
              }
            },
            {
              "batter": "G Gambhir",
              "bowler": "B Lee",
              "non_striker": "IK Pathan",
              "runs": {
                "batter": 0,
                "extras": 0,
                "total": 0
              }
            }
          ]
        }
      ],
      "powerplays": [
        {
          "from": 0.1,
          "to": 2.4,
          "type": "mandatory"
        }
      ],
      "target": {
        "overs": 50,
        "runs": 308
      }
    }
  ]
}