{
  "meta": {
    "data_version": "1.0.0",
    "created": "2013-09-12",
    "revision": 1
  },
  "info": {
    "balls_per_over": 6,
    "city": "Birmingham",
    "dates": [
      "2013-09-11"
    ],
    "event": {
      "match_number": 3,
      "name": "NatWest Series",
      "sub_name": "Australia in England"
    },
    "gender": "male",
    "match_type": "ODI",
    "match_type_number": 3414,
    "officials": {
      "match_referees": [
        "JJ Crowe"
      ],
      "reserve_umpires": [
        "RJ Bailey"
      ],
      "tv_umpires": [
        "S Ravi"
      ],
      "umpires": [
        "Aleem Dar",
        "MA Gough"
      ]
    },
    "outcome": {
      "result": "no result"
    },
    "overs": 50,
    "players": {
      "Australia": [
        "AJ Finch",
        "SE Marsh",
        "SR Watson",
        "MJ Clarke",
        "GJ Bailey",
        "AC Voges",
        "MS Wade",
        "JP Faulkner",
        "MG Johnson",
        "CJ McKay",
        "JR Hazlewood"
      ],
      "England": [
        "MA Carberry",
        "KP Pietersen",
        "IJL Trott",
        "JE Root",
        "EJG Morgan",
        "RS Bopara",
        "JC Buttler",
        "BA Stokes",
        "JC Tredwell",
        "WB Rankin",
        "ST Finn"
      ]
    },
    "registry": {
      "people": {
        "AC Voges": "864c199e",
        "AJ Finch": "b8d490fd",
        "Aleem Dar": "f02778d1",
        "BA Stokes": "e087956b",
        "CJ McKay": "94eac556",
        "EJG Morgan": "d2a6c0e6",
        "GJ Bailey": "5056011d",
        "IJL Trott": "ac7fa28f",
        "JC Buttler": "99b75528",
        "JC Tredwell": "49b6c09f",
        "JE Root": "a343262c",
        "JJ Crowe": "2e760301",
        "JP Faulkner": "808f425a",
        "JR Hazlewood": "03806cf8",
        "KP Pietersen": "39f01cdb",
        "MA Carberry": "8305580c",
        "MA Gough": "76752ac8",
        "MG Johnson": "f5180fe6",
        "MJ Clarke": "f842c2cf",
        "MS Wade": "afa7e784",
        "RJ Bailey": "6bd04fa5",
        "RS Bopara": "7ca5e05d",
        "S Ravi": "9b9ee0df",
        "SE Marsh": "508a1ea7",
        "SR Watson": "4329fbb5",
        "ST Finn": "ccdd8308",
        "WB Rankin": "29b89ae8"
      }
    },
    "season": 2013,
    "team_type": "international",
    "teams": [
      "England",
      "Australia"
    ],
    "toss": {
      "decision": "field",
      "winner": "Australia"
    },
    "venue": "Edgbaston"
  },
  "innings": [
    {
      "team": "England",
      "overs": [
        {
          "over": 0,
          "deliveries": [
            {
              "batter": "MA Carberry",
              "bowler": "CJ McKay",
              "non_striker": "KP Pietersen",
              "runs": {
                "batter": 0,
                "extras": 0,
                "total": 0
              }
            },
            {
              "batter": "MA Carberry",
              "bowler": "CJ McKay",
              "non_striker": "KP Pietersen",
              "runs": {
                "batter": 0,
                "extras": 0,
                "total": 0
              }
            },
            {
              "batter": "MA Carberry",
              "bowler": "CJ McKay",
              "non_striker": "KP Pietersen",
              "runs": {
                "batter": 1,
                "extras": 0,
                "total": 1
              }
            },
            {
              "batter": "KP Pietersen",
              "bowler": "CJ McKay",
              "non_striker": "MA Carberry",
              "runs": {
                "batter": 4,
                "extras": 0,
                "total": 4
              }
            },
            {
              "batter": "KP Pietersen",
              "bowler": "CJ McKay",
              "non_striker": "MA Carberry",
              "runs": {
                "batter": 0,
                "extras": 0,
                "total": 0
              }
            },
            {
              "batter": "KP Pietersen",
              "bowler": "CJ McKay",
              "non_striker": "MA Carberry",
              "runs": {
                "batter": 0,
                "extras": 0,
                "total": 0
              },
              "wickets": [
                {
                  "kind": "run out",
                  "player_out": "MA Carberry",
                  "fielders": [
                    {
                      "name": "CJ McKay"
                    }
                  ]
                }
              ]
            }
          ]
        },
        {
          "over": 1,
          "deliveries": [
            {
              "batter": "KP Pietersen",
              "bowler": "MG Johnson",
              "non_striker": "IJL Trott",
              "runs": {
                "batter": 0,
                "extras": 0,
                "total": 0
              }
            },
            {
              "batter": "KP Pietersen",
              "bowler": "MG Johnson",
              "non_striker": "IJL Trott",
              "runs": {
                "batter": 0,
                "extras": 0,
                "total": 0
              }
            },
            {
              "batter": "KP Pietersen",
              "bowler": "MG Johnson",
              "non_striker": "IJL Trott",
              "runs": {
                "batter": 0,
                "extras": 0,
                "total": 0
              }
            },
            {
              "batter": "KP Pietersen",
              "bowler": "MG Johnson",
              "non_striker": "IJL Trott",
              "runs": {
                "batter": 1,
                "extras": 0,
                "total": 1
              }
            },
            {
              "batter": "IJL Trott",
              "bowler": "MG Johnson",
              "extras": {
                "wides": 1
              },
              "non_striker": "KP Pietersen",
              "runs": {
                "batter": 0,
                "extras": 1,
                "total": 1
              }
            },
            {
              "batter": "IJL Trott",
              "bowler": "MG Johnson",
              "non_striker": "KP Pietersen",
              "runs": {
                "batter": 0,
                "extras": 0,
                "total": 0
              }
            },
            {
              "batter": "IJL Trott",
              "bowler": "MG Johnson",
              "non_striker": "KP Pietersen",
              "runs": {
                "batter": 2,
                "extras": 0,
                "total": 2
              }
            }
          ]
        },
        {
          "over": 2,
          "deliveries": [
            {
              "batter": "KP Pietersen",
              "bowler": "CJ McKay",
              "non_striker": "IJL Trott",
              "runs": {
                "batter": 0,
                "extras": 0,
                "total": 0
              }
            },
            {
              "batter": "KP Pietersen",
              "bowler": "CJ McKay",
              "non_striker": "IJL Trott",
              "runs": {
                "batter": 1,
                "extras": 0,
                "total": 1
              }
            },
            {
              "batter": "IJL Trott",
              "bowler": "CJ McKay",
              "extras": {
                "wides": 5
              },
              "non_striker": "KP Pietersen",
              "runs": {
                "batter": 0,
                "extras": 5,
                "total": 5
              }
            },
            {
              "batter": "IJL Trott",
              "bowler": "CJ McKay",
              "non_striker": "KP Pietersen",
              "runs": {
                "batter": 0,
                "extras": 0,
                "total": 0
              }
            },
            {
              "batter": "IJL Trott",
              "bowler": "CJ McKay",
              "non_striker": "KP Pietersen",
              "runs": {
                "batter": 1,
                "extras": 0,
                "total": 1
              }
            },
            {
              "batter": "KP Pietersen",
              "bowler": "CJ McKay",
              "non_striker": "IJL Trott",
              "runs": {
                "batter": 0,
                "extras": 0,
                "total": 0
              }
            },
            {
              "batter": "KP Pietersen",
              "bowler": "CJ McKay",
              "non_striker": "IJL Trott",
              "runs": {
                "batter": 0,
                "extras": 0,
                "total": 0
              }
            }
          ]
        },
        {
          "over": 3,
          "deliveries": [
            {
              "batter": "IJL Trott",
              "bowler": "MG Johnson",
              "non_striker": "KP Pietersen",
              "runs": {
                "batter": 2,
                "extras": 0,
                "total": 2
              }
            },
            {
              "batter": "IJL Trott",
              "bowler": "MG Johnson",
              "extras": {
                "wides": 1
              },
              "non_striker": "KP Pietersen",
              "runs": {
                "batter": 0,
                "extras": 1,
                "total": 1
              }
            },
            {
              "batter": "IJL Trott",
              "bowler": "MG Johnson",
              "non_striker": "KP Pietersen",
              "runs": {
                "batter": 0,
                "extras": 0,
                "total": 0
              }
            },
            {
              "batter": "IJL Trott",
              "bowler": "MG Johnson",
              "non_striker": "KP Pietersen",
              "runs": {
                "batter": 1,
                "extras": 0,
                "total": 1
              }
            },
            {
              "batter": "KP Pietersen",
              "bowler": "MG Johnson",
              "non_striker": "IJL Trott",
              "runs": {
                "batter": 0,
                "extras": 0,
                "total": 0
              }
            },
            {
              "batter": "KP Pietersen",
              "bowler": "MG Johnson",
              "non_striker": "IJL Trott",
              "runs": {
                "batter": 0,
                "extras": 0,
                "total": 0
              }
            },
            {
              "batter": "KP Pietersen",
              "bowler": "MG Johnson",
              "non_striker": "IJL Trott",
              "runs": {
                "batter": 0,
                "extras": 0,
                "total": 0
              }
            }
          ]
        },
        {
          "over": 4,
          "deliveries": [
            {
              "batter": "IJL Trott",
              "bowler": "CJ McKay",
              "non_striker": "KP Pietersen",
              "runs": {
                "batter": 2,
                "extras": 0,
                "total": 2
              }
            },
            {
              "batter": "IJL Trott",
              "bowler": "CJ McKay",
              "non_striker": "KP Pietersen",
              "runs": {
                "batter": 0,
                "extras": 0,
                "total": 0
              }
            },
            {
              "batter": "IJL Trott",
              "bowler": "CJ McKay",
              "non_striker": "KP Pietersen",
              "runs": {
                "batter": 2,
                "extras": 0,
                "total": 2
              }
            },
            {
              "batter": "IJL Trott",
              "bowler": "CJ McKay",
              "non_striker": "KP Pietersen",
              "runs": {
                "batter": 1,
                "extras": 0,
                "total": 1
              }
            },
            {
              "batter": "KP Pietersen",
              "bowler": "CJ McKay",
              "non_striker": "IJL Trott",
              "runs": {
                "batter": 0,
                "extras": 0,
                "total": 0
              }
            },
            {
              "batter": "KP Pietersen",
              "bowler": "CJ McKay",
              "non_striker": "IJL Trott",
              "runs": {
                "batter": 0,
                "extras": 0,
                "total": 0
              }
            }
          ]
        },
        {
          "over": 5,
          "deliveries": [
            {
              "batter": "IJL Trott",
              "bowler": "MG Johnson",
              "non_striker": "KP Pietersen",
              "runs": {
                "batter": 0,
                "extras": 0,
                "total": 0
              }
            },
            {
              "batter": "IJL Trott",
              "bowler": "MG Johnson",
              "non_striker": "KP Pietersen",
              "runs": {
                "batter": 1,
                "extras": 0,
                "total": 1
              }
            },
            {
              "batter": "KP Pietersen",
              "bowler": "MG Johnson",
              "non_striker": "IJL Trott",
              "runs": {
                "batter": 0,
                "extras": 0,
                "total": 0
              },
              "wickets": [
                {
                  "kind": "caught",
                  "player_out": "KP Pietersen",
                  "fielders": [
                    {
                      "name": "GJ Bailey"
                    }
                  ]
                }
              ]
            },
            {
              "batter": "JE Root",
              "bowler": "MG Johnson",
              "non_striker": "IJL Trott",
              "runs": {
                "batter": 0,
                "extras": 0,
                "total": 0
              }
            },
            {
              "batter": "JE Root",
              "bowler": "MG Johnson",
              "non_striker": "IJL Trott",
              "runs": {
                "batter": 0,
                "extras": 0,
                "total": 0
              }
            },
            {
              "batter": "JE Root",
              "bowler": "MG Johnson",
              "non_striker": "IJL Trott",
              "runs": {
                "batter": 1,
                "extras": 0,
                "total": 1
              }
            }
          ]
        },
        {
          "over": 6,
          "deliveries": [
            {
              "batter": "JE Root",
              "bowler": "CJ McKay",
              "non_striker": "IJL Trott",
              "runs": {
                "batter": 1,
                "extras": 0,
                "total": 1
              }
            },
            {
              "batter": "IJL Trott",
              "bowler": "CJ McKay",
              "non_striker": "JE Root",
              "runs": {
                "batter": 0,
                "extras": 0,
                "total": 0
              }
            },
            {
              "batter": "IJL Trott",
              "bowler": "CJ McKay",
              "non_striker": "JE Root",
              "runs": {
                "batter": 1,
                "extras": 0,
                "total": 1
              }
            },
            {
              "batter": "JE Root",
              "bowler": "CJ McKay",
              "non_striker": "IJL Trott",
              "runs": {
                "batter": 0,
                "extras": 0,
                "total": 0
              }
            },
            {
              "batter": "JE Root",
              "bowler": "CJ McKay",
              "non_striker": "IJL Trott",
              "runs": {
                "batter": 2,
                "extras": 0,
                "total": 2
              }
            },
            {
              "batter": "JE Root",
              "bowler": "CJ McKay",
              "non_striker": "IJL Trott",
              "runs": {
                "batter": 0,
                "extras": 0,
                "total": 0
              }
            }
          ]
        },
        {
          "over": 7,
          "deliveries": [
            {
              "batter": "IJL Trott",
              "bowler": "MG Johnson",
              "non_striker": "JE Root",
              "runs": {
                "batter": 0,
                "extras": 0,
                "total": 0
              }
            },
            {
              "batter": "IJL Trott",
              "bowler": "MG Johnson",
              "non_striker": "JE Root",
              "review": {
                "by": "England",
                "umpire": "MA Gough",
                "batter": "IJL Trott",
                "decision": "upheld"
              },
              "runs": {
                "batter": 0,
                "extras": 0,
                "total": 0
              }
            },
            {
              "batter": "IJL Trott",
              "bowler": "MG Johnson",
              "non_striker": "JE Root",
              "runs": {
                "batter": 2,
                "extras": 0,
                "total": 2
              }
            },
            {
              "batter": "IJL Trott",
              "bowler": "MG Johnson",
              "non_striker": "JE Root",
              "runs": {
                "batter": 0,
                "extras": 0,
                "total": 0
              }
            },
            {
              "batter": "IJL Trott",
              "bowler": "MG Johnson",
              "non_striker": "JE Root",
              "runs": {
                "batter": 0,
                "extras": 0,
                "total": 0
              }
            },
            {
              "batter": "IJL Trott",
              "bowler": "MG Johnson",
              "non_striker": "JE Root",
              "runs": {
                "batter": 0,
                "extras": 0,
                "total": 0
              }
            }
          ]
        },
        {
          "over": 8,
          "deliveries": [
            {
              "batter": "JE Root",
              "bowler": "CJ McKay",
              "non_striker": "IJL Trott",
              "runs": {
                "batter": 1,
                "extras": 0,
                "total": 1
              }
            },
            {
              "batter": "IJL Trott",
              "bowler": "CJ McKay",
              "non_striker": "JE Root",
              "runs": {
                "batter": 0,
                "extras": 0,
                "total": 0
              }
            },
            {
              "batter": "IJL Trott",
              "bowler": "CJ McKay",
              "non_striker": "JE Root",
              "runs": {
                "batter": 0,
                "extras": 0,
                "total": 0
              }
            },
            {
              "batter": "IJL Trott",
              "bowler": "CJ McKay",
              "non_striker": "JE Root",
              "runs": {
                "batter": 1,
                "extras": 0,
                "total": 1
              }
            },
            {
              "batter": "JE Root",
              "bowler": "CJ McKay",
              "non_striker": "IJL Trott",
              "runs": {
                "batter": 0,
                "extras": 0,
                "total": 0
              }
            },
            {
              "batter": "JE Root",
              "bowler": "CJ McKay",
              "non_striker": "IJL Trott",
              "runs": {
                "batter": 0,
                "extras": 0,
                "total": 0
              }
            }
          ]
        },
        {
          "over": 9,
          "deliveries": [
            {
              "batter": "IJL Trott",
              "bowler": "MG Johnson",
              "non_striker": "JE Root",
              "runs": {
                "batter": 0,
                "extras": 0,
                "total": 0
              }
            },
            {
              "batter": "IJL Trott",
              "bowler": "MG Johnson",
              "non_striker": "JE Root",
              "runs": {
                "batter": 4,
                "extras": 0,
                "total": 4
              }
            },
            {
              "batter": "IJL Trott",
              "bowler": "MG Johnson",
              "non_striker": "JE Root",
              "review": {
                "by": "Australia",
                "umpire": "MA Gough",
                "batter": "IJL Trott",
                "decision": "struck down"
              },
              "runs": {
                "batter": 0,
                "extras": 0,
                "total": 0
              }
            },
            {
              "batter": "IJL Trott",
              "bowler": "MG Johnson",
              "non_striker": "JE Root",
              "runs": {
                "batter": 0,
                "extras": 0,
                "total": 0
              }
            },
            {
              "batter": "IJL Trott",
              "bowler": "MG Johnson",
              "non_striker": "JE Root",
              "runs": {
                "batter": 0,
                "extras": 0,
                "total": 0
              }
            },
            {
              "batter": "IJL Trott",
              "bowler": "MG Johnson",
              "non_striker": "JE Root",
              "runs": {
                "batter": 4,
                "extras": 0,
                "total": 4
              }
            }
          ]
        },
        {
          "over": 10,
          "deliveries": [
            {
              "batter": "JE Root",
              "bowler": "JR Hazlewood",
              "non_striker": "IJL Trott",
              "runs": {
                "batter": 0,
                "extras": 0,
                "total": 0
              }
            },
            {
              "batter": "JE Root",
              "bowler": "JR Hazlewood",
              "non_striker": "IJL Trott",
              "runs": {
                "batter": 4,
                "extras": 0,
                "total": 4
              }
            },
            {
              "batter": "JE Root",
              "bowler": "JR Hazlewood",
              "non_striker": "IJL Trott",
              "runs": {
                "batter": 0,
                "extras": 0,
                "total": 0
              }
            },
            {
              "batter": "JE Root",
              "bowler": "JR Hazlewood",
              "non_striker": "IJL Trott",
              "runs": {
                "batter": 0,
                "extras": 0,
                "total": 0
              }
            },
            {
              "batter": "JE Root",
              "bowler": "JR Hazlewood",
              "non_striker": "IJL Trott",
              "runs": {
                "batter": 0,
                "extras": 0,
                "total": 0
              }
            },
            {
              "batter": "JE Root",
              "bowler": "JR Hazlewood",
              "non_striker": "IJL Trott",
              "runs": {
                "batter": 1,
                "extras": 0,
                "total": 1
              }
            }
          ]
        },
        {
          "over": 11,
          "deliveries": [
            {
              "batter": "JE Root",
              "bowler": "JP Faulkner",
              "non_striker": "IJL Trott",
              "runs": {
                "batter": 1,
                "extras": 0,
                "total": 1
              }
            },
            {
              "batter": "IJL Trott",
              "bowler": "JP Faulkner",
              "non_striker": "JE Root",
              "runs": {
                "batter": 0,
                "extras": 0,
                "total": 0
              }
            },
            {
              "batter": "IJL Trott",
              "bowler": "JP Faulkner",
              "non_striker": "JE Root",
              "runs": {
                "batter": 0,
                "extras": 0,
                "total": 0
              }
            },
            {
              "batter": "IJL Trott",
              "bowler": "JP Faulkner",
              "non_striker": "JE Root",
              "runs": {
                "batter": 0,
                "extras": 0,
                "total": 0
              }
            },
            {
              "batter": "IJL Trott",
              "bowler": "JP Faulkner",
              "non_striker": "JE Root",
              "runs": {
                "batter": 2,
                "extras": 0,
                "total": 2
              }
            },
            {
              "batter": "IJL Trott",
              "bowler": "JP Faulkner",
              "non_striker": "JE Root",
              "runs": {
                "batter": 0,
                "extras": 0,
                "total": 0
              }
            }
          ]
        },
        {
          "over": 12,
          "deliveries": [
            {
              "batter": "JE Root",
              "bowler": "JR Hazlewood",
              "non_striker": "IJL Trott",
              "runs": {
                "batter": 0,
                "extras": 0,
                "total": 0
              }
            },
            {
              "batter": "JE Root",
              "bowler": "JR Hazlewood",
              "non_striker": "IJL Trott",
              "runs": {
                "batter": 0,
                "extras": 0,
                "total": 0
              }
            },
            {
              "batter": "JE Root",
              "bowler": "JR Hazlewood",
              "non_striker": "IJL Trott",
              "runs": {
                "batter": 0,
                "extras": 0,
                "total": 0
              }
            },
            {
              "batter": "JE Root",
              "bowler": "JR Hazlewood",
              "non_striker": "IJL Trott",
              "runs": {
                "batter": 1,
                "extras": 0,
                "total": 1
              }
            },
            {
              "batter": "IJL Trott",
              "bowler": "JR Hazlewood",
              "non_striker": "JE Root",
              "runs": {
                "batter": 0,
                "extras": 0,
                "total": 0
              }
            },
            {
              "batter": "IJL Trott",
              "bowler": "JR Hazlewood",
              "non_striker": "JE Root",
              "runs": {
                "batter": 0,
                "extras": 0,
                "total": 0
              }
            }
          ]
        },
        {
          "over": 13,
          "deliveries": [
            {
              "batter": "JE Root",
              "bowler": "AC Voges",
              "non_striker": "IJL Trott",
              "runs": {
                "batter": 0,
                "extras": 0,
                "total": 0
              }
            },
            {
              "batter": "JE Root",
              "bowler": "AC Voges",
              "non_striker": "IJL Trott",
              "runs": {
                "batter": 0,
                "extras": 0,
                "total": 0
              }
            },
            {
              "batter": "JE Root",
              "bowler": "AC Voges",
              "non_striker": "IJL Trott",
              "runs": {
                "batter": 0,
                "extras": 0,
                "total": 0
              },
              "wickets": [
                {
                  "kind": "caught and bowled",
                  "player_out": "JE Root"
                }
              ]
            },
            {
              "batter": "EJG Morgan",
              "bowler": "AC Voges",
              "non_striker": "IJL Trott",
              "runs": {
                "batter": 1,
                "extras": 0,
                "total": 1
              }
            },
            {
              "batter": "IJL Trott",
              "bowler": "AC Voges",
              "non_striker": "EJG Morgan",
              "runs": {
                "batter": 1,
                "extras": 0,
                "total": 1
              }
            },
            {
              "batter": "EJG Morgan",
              "bowler": "AC Voges",
              "non_striker": "IJL Trott",
              "runs": {
                "batter": 0,
                "extras": 0,
                "total": 0
              }
            }
          ]
        },
        {
          "over": 14,
          "deliveries": [
            {
              "batter": "IJL Trott",
              "bowler": "MJ Clarke",
              "non_striker": "EJG Morgan",
              "runs": {
                "batter": 1,
                "extras": 0,
                "total": 1
              }
            },
            {
              "batter": "EJG Morgan",
              "bowler": "MJ Clarke",
              "non_striker": "IJL Trott",
              "runs": {
                "batter": 2,
                "extras": 0,
                "total": 2
              }
            },
            {
              "batter": "EJG Morgan",
              "bowler": "MJ Clarke",
              "non_striker": "IJL Trott",
              "runs": {
                "batter": 0,
                "extras": 0,
                "total": 0
              }
            },
            {
              "batter": "EJG Morgan",
              "bowler": "MJ Clarke",
              "non_striker": "IJL Trott",
              "runs": {
                "batter": 1,
                "extras": 0,
                "total": 1
              }
            },
            {
              "batter": "IJL Trott",
              "bowler": "MJ Clarke",
              "non_striker": "EJG Morgan",
              "runs": {
                "batter": 0,
                "extras": 0,
                "total": 0
              }
            },
            {
              "batter": "IJL Trott",
              "bowler": "MJ Clarke",
              "non_striker": "EJG Morgan",
              "runs": {
                "batter": 0,
                "extras": 0,
                "total": 0
              }
            }
          ]
        },
        {
          "over": 15,
          "deliveries": [
            {
              "batter": "EJG Morgan",
              "bowler": "AC Voges",
              "non_striker": "IJL Trott",
              "runs": {
                "batter": 1,
                "extras": 0,
                "total": 1
              }
            }
          ]
        }
      ],
      "powerplays": [
        {
          "from": 0.1,
          "to": 9.6,
          "type": "mandatory"
        }
      ]
    }
  ]
}