{
  "meta": {
    "data_version": "1.0.0",
    "created": "2013-02-17",
    "revision": 1
  },
  "info": {
    "balls_per_over": 6,
    "city": "Perth",
    "dates": [
      "2013-02-01"
    ],
    "event": {
      "match_number": 1,
      "name": "West Indies in Australia ODI Series"
    },
    "gender": "male",
    "match_type": "ODI",
    "match_type_number": 3330,
    "officials": {
      "match_referees": [
        "RS Madugalle"
      ],
      "reserve_umpires": [
        "JD Ward"
      ],
      "tv_umpires": [
        "NJ Llong"
      ],
      "umpires": [
        "Asad Rauf",
        "PR Reiffel"
      ]
    },
    "outcome": {
      "by": {
        "wickets": 9
      },
      "winner": "Australia"
    },
    "overs": 50,
    "player_of_match": [
      "MA Starc"
    ],
    "players": {
      "Australia": [
        "GJ Maxwell",
        "AJ Finch",
        "UT Khawaja",
        "PJ Hughes",
        "MJ Clarke",
        "GJ Bailey",
        "MS Wade",
        "JP Faulkner",
        "MG Johnson",
        "MA Starc",
        "CJ McKay"
      ],
      "West Indies": [
        "CH Gayle",
        "KOA Powell",
        "RR Sarwan",
        "DM Bravo",
        "DJ Bravo",
        "KA Pollard",
        "DC Thomas",
        "DJG Sammy",
        "JO Holder",
        "SP Narine",
        "KAJ Roach"
      ]
    },
    "registry": {
      "people": {
        "AJ Finch": "b8d490fd",
        "Asad Rauf": "861606b7",
        "CH Gayle": "db584dad",
        "CJ McKay": "94eac556",
        "DC Thomas": "08a4f9ad",
        "DJ Bravo": "87e562a9",
        "DJG Sammy": "c03c6200",
        "DM Bravo": "14b14cd8",
        "GJ Bailey": "5056011d",
        "GJ Maxwell": "b681e71e",
        "JD Ward": "511299c1",
        "JO Holder": "0f721006",
        "JP Faulkner": "808f425a",
        "KA Pollard": "a757b0d8",
        "KAJ Roach": "78eb4223",
        "KOA Powell": "e012ad13",
        "MA Starc": "3fb19989",
        "MG Johnson": "f5180fe6",
        "MJ Clarke": "f842c2cf",
        "MS Wade": "afa7e784",
        "NJ Llong": "573fb985",
        "PJ Hughes": "004c9e85",
        "PR Reiffel": "c9354f29",
        "RR Sarwan": "36d33dd0",
        "RS Madugalle": "766b5798",
        "SP Narine": "9d430b40",
        "UT Khawaja": "331ea488"
      }
    },
    "season": "2012/13",
    "team_type": "international",
    "teams": [
      "Australia",
      "West Indies"
    ],
    "toss": {
      "decision": "bat",
      "winner": "West Indies"
    },
    "venue": "Western Australia Cricket Association Ground"
  },
  "innings": [
    {
      "team": "West Indies",
      "overs": [
        {
          "over": 0,
          "deliveries": [
            {
              "batter": "CH Gayle",
              "bowler": "CJ McKay",
              "non_striker": "KOA Powell",
              "runs": {
                "batter": 0,
                "extras": 0,
                "total": 0
              }
            },
            {
              "batter": "CH Gayle",
              "bowler": "CJ McKay",
              "extras": {
                "wides": 1
              },
              "non_striker": "KOA Powell",
              "runs": {
                "batter": 0,
                "extras": 1,
                "total": 1
              }
            },
            {
              "batter": "CH Gayle",
              "bowler": "CJ McKay",
              "extras": {
                "legbyes": 1
              },
              "non_striker": "KOA Powell",
              "runs": {
                "batter": 0,
                "extras": 1,
                "total": 1
              }
            },
            {
              "batter": "KOA Powell",
              "bowler": "CJ McKay",
              "non_striker": "CH Gayle",
              "runs": {
                "batter": 0,
                "extras": 0,
                "total": 0
              }
            },
            {
              "batter": "KOA Powell",
              "bowler": "CJ McKay",
              "non_striker": "CH Gayle",
              "runs": {
                "batter": 0,
                "extras": 0,
                "total": 0
              }
            },
            {
              "batter": "KOA Powell",
              "bowler": "CJ McKay",
              "extras": {
                "wides": 1
              },
              "non_striker": "CH Gayle",
              "runs": {
                "batter": 0,
                "extras": 1,
                "total": 1
              }
            },
            {
              "batter": "KOA Powell",
              "bowler": "CJ McKay",
              "non_striker": "CH Gayle",
              "runs": {
                "batter": 0,
                "extras": 0,
                "total": 0
              }
            },
            {
              "batter": "KOA Powell",
              "bowler": "CJ McKay",
              "non_striker": "CH Gayle",
              "runs": {
                "batter": 0,
                "extras": 0,
                "total": 0
              }
            }
          ]
        },
        {
          "over": 1,
          "deliveries": [
            {
              "batter": "CH Gayle",
              "bowler": "MA Starc",
              "non_striker": "KOA Powell",
              "runs": {
                "batter": 0,
                "extras": 0,
                "total": 0
              }
            },
            {
              "batter": "CH Gayle",
              "bowler": "MA Starc",
              "non_striker": "KOA Powell",
              "runs": {
                "batter": 0,
                "extras": 0,
                "total": 0
              }
            },
            {
              "batter": "CH Gayle",
              "bowler": "MA Starc",
              "non_striker": "KOA Powell",
              "runs": {
                "batter": 0,
                "extras": 0,
                "total": 0
              }
            },
            {
              "batter": "CH Gayle",
              "bowler": "MA Starc",
              "non_striker": "KOA Powell",
              "runs": {
                "batter": 0,
                "extras": 0,
                "total": 0
              }
            },
            {
              "batter": "CH Gayle",
              "bowler": "MA Starc",
              "non_striker": "KOA Powell",
              "runs": {
                "batter": 0,
                "extras": 0,
                "total": 0
              }
            },
            {
              "batter": "CH Gayle",
              "bowler": "MA Starc",
              "non_striker": "KOA Powell",
              "runs": {
                "batter": 0,
                "extras": 0,
                "total": 0
              }
            }
          ]
        },
        {
          "over": 2,
          "deliveries": [
            {
              "batter": "KOA Powell",
              "bowler": "CJ McKay",
              "non_striker": "CH Gayle",
              "runs": {
                "batter": 0,
                "extras": 0,
                "total": 0
              }
            },
            {
              "batter": "KOA Powell",
              "bowler": "CJ McKay",
              "non_striker": "CH Gayle",
              "runs": {
                "batter": 0,
                "extras": 0,
                "total": 0
              }
            },
            {
              "batter": "KOA Powell",
              "bowler": "CJ McKay",
              "non_striker": "CH Gayle",
              "runs": {
                "batter": 0,
                "extras": 0,
                "total": 0
              }
            },
            {
              "batter": "KOA Powell",
              "bowler": "CJ McKay",
              "non_striker": "CH Gayle",
              "runs": {
                "batter": 0,
                "extras": 0,
                "total": 0
              }
            },
            {
              "batter": "KOA Powell",
              "bowler": "CJ McKay",
              "non_striker": "CH Gayle",
              "runs": {
                "batter": 0,
                "extras": 0,
                "total": 0
              }
            },
            {
              "batter": "KOA Powell",
              "bowler": "CJ McKay",
              "non_striker": "CH Gayle",
              "runs": {
                "batter": 1,
                "extras": 0,
                "total": 1
              }
            }
          ]
        },
        {
          "over": 3,
          "deliveries": [
            {
              "batter": "KOA Powell",
              "bowler": "MA Starc",
              "non_striker": "CH Gayle",
              "runs": {
                "batter": 0,
                "extras": 0,
                "total": 0
              }
            },
            {
              "batter": "KOA Powell",
              "bowler": "MA Starc",
              "non_striker": "CH Gayle",
              "runs": {
                "batter": 0,
                "extras": 0,
                "total": 0
              }
            },
            {
              "batter": "KOA Powell",
              "bowler": "MA Starc",
              "non_striker": "CH Gayle",
              "runs": {
                "batter": 2,
                "extras": 0,
                "total": 2
              }
            },
            {
              "batter": "KOA Powell",
              "bowler": "MA Starc",
              "non_striker": "CH Gayle",
              "runs": {
                "batter": 0,
                "extras": 0,
                "total": 0
              }
            },
            {
              "batter": "KOA Powell",
              "bowler": "MA Starc",
              "non_striker": "CH Gayle",
              "runs": {
                "batter": 4,
                "extras": 0,
                "total": 4
              }
            },
            {
              "batter": "KOA Powell",
              "bowler": "MA Starc",
              "non_striker": "CH Gayle",
              "runs": {
                "batter": 0,
                "extras": 0,
                "total": 0
              }
            }
          ]
        },
        {
          "over": 4,
          "deliveries": [
            {
              "batter": "CH Gayle",
              "bowler": "CJ McKay",
              "non_striker": "KOA Powell",
              "runs": {
                "batter": 0,
                "extras": 0,
                "total": 0
              }
            },
            {
              "batter": "CH Gayle",
              "bowler": "CJ McKay",
              "non_striker": "KOA Powell",
              "runs": {
                "batter": 0,
                "extras": 0,
                "total": 0
              }
            },
            {
              "batter": "CH Gayle",
              "bowler": "CJ McKay",
              "non_striker": "KOA Powell",
              "runs": {
                "batter": 4,
                "extras": 0,
                "total": 4
              }
            },
            {
              "batter": "CH Gayle",
              "bowler": "CJ McKay",
              "non_striker": "KOA Powell",
              "runs": {
                "batter": 0,
                "extras": 0,
                "total": 0
              }
            },
            {
              "batter": "CH Gayle",
              "bowler": "CJ McKay",
              "non_striker": "KOA Powell",
              "runs": {
                "batter": 0,
                "extras": 0,
                "total": 0
              },
              "wickets": [
                {
                  "kind": "caught",
                  "player_out": "CH Gayle",
                  "fielders": [
                    {
                      "name": "AJ Finch"
                    }
                  ]
                }
              ]
            },
            {
              "batter": "RR Sarwan",
              "bowler": "CJ McKay",
              "non_striker": "KOA Powell",
              "runs": {
                "batter": 0,
                "extras": 0,
                "total": 0
              }
            }
          ]
        },
        {
          "over": 5,
          "deliveries": [
            {
              "batter": "KOA Powell",
              "bowler": "MA Starc",
              "non_striker": "RR Sarwan",
              "runs": {
                "batter": 4,
                "extras": 0,
                "total": 4
              }
            },
            {
              "batter": "KOA Powell",
              "bowler": "MA Starc",
              "non_striker": "RR Sarwan",
              "runs": {
                "batter": 0,
                "extras": 0,
                "total": 0
              },
              "wickets": [
                {
                  "kind": "caught",
                  "player_out": "KOA Powell",
                  "fielders": [
                    {
                      "name": "MJ Clarke"
                    }
                  ]
                }
              ]
            },
            {
              "batter": "DM Bravo",
              "bowler": "MA Starc",
              "non_striker": "RR Sarwan",
              "runs": {
                "batter": 1,
                "extras": 0,
                "total": 1
              }
            },
            {
              "batter": "RR Sarwan",
              "bowler": "MA Starc",
              "non_striker": "DM Bravo",
              "runs": {
                "batter": 0,
                "extras": 0,
                "total": 0
              }
            },
            {
              "batter": "RR Sarwan",
              "bowler": "MA Starc",
              "non_striker": "DM Bravo",
              "runs": {
                "batter": 0,
                "extras": 0,
                "total": 0
              },
              "wickets": [
                {
                  "kind": "bowled",
                  "player_out": "RR Sarwan"
                }
              ]
            },
            {
              "batter": "DJ Bravo",
              "bowler": "MA Starc",
              "non_striker": "DM Bravo",
              "runs": {
                "batter": 0,
                "extras": 0,
                "total": 0
              }
            }
          ]
        },
        {
          "over": 6,
          "deliveries": [
            {
              "batter": "DM Bravo",
              "bowler": "CJ McKay",
              "non_striker": "DJ Bravo",
              "runs": {
                "batter": 0,
                "extras": 0,
                "total": 0
              }
            },
            {
              "batter": "DM Bravo",
              "bowler": "CJ McKay",
              "non_striker": "DJ Bravo",
              "runs": {
                "batter": 0,
                "extras": 0,
                "total": 0
              }
            },
            {
              "batter": "DM Bravo",
              "bowler": "CJ McKay",
              "non_striker": "DJ Bravo",
              "runs": {
                "batter": 0,
                "extras": 0,
                "total": 0
              }
            },
            {
              "batter": "DM Bravo",
              "bowler": "CJ McKay",
              "non_striker": "DJ Bravo",
              "runs": {
                "batter": 0,
                "extras": 0,
                "total": 0
              }
            },
            {
              "batter": "DM Bravo",
              "bowler": "CJ McKay",
              "non_striker": "DJ Bravo",
              "runs": {
                "batter": 0,
                "extras": 0,
                "total": 0
              }
            },
            {
              "batter": "DM Bravo",
              "bowler": "CJ McKay",
              "non_striker": "DJ Bravo",
              "runs": {
                "batter": 0,
                "extras": 0,
                "total": 0
              }
            }
          ]
        },
        {
          "over": 7,
          "deliveries": [
            {
              "batter": "DJ Bravo",
              "bowler": "MA Starc",
              "non_striker": "DM Bravo",
              "runs": {
                "batter": 0,
                "extras": 0,
                "total": 0
              },
              "wickets": [
                {
                  "kind": "caught",
                  "player_out": "DJ Bravo",
                  "fielders": [
                    {
                      "name": "PJ Hughes"
                    }
                  ]
                }
              ]
            },
            {
              "batter": "KA Pollard",
              "bowler": "MA Starc",
              "non_striker": "DM Bravo",
              "review": {
                "by": "Australia",
                "umpire": "PR Reiffel",
                "batter": "KA Pollard",
                "decision": "struck down"
              },
              "runs": {
                "batter": 0,
                "extras": 0,
                "total": 0
              }
            },
            {
              "batter": "KA Pollard",
              "bowler": "MA Starc",
              "non_striker": "DM Bravo",
              "runs": {
                "batter": 0,
                "extras": 0,
                "total": 0
              },
              "wickets": [
                {
                  "kind": "bowled",
                  "player_out": "KA Pollard"
                }
              ]
            },
            {
              "batter": "DC Thomas",
              "bowler": "MA Starc",
              "non_striker": "DM Bravo",
              "runs": {
                "batter": 0,
                "extras": 0,
                "total": 0
              }
            },
            {
              "batter": "DC Thomas",
              "bowler": "MA Starc",
              "non_striker": "DM Bravo",
              "runs": {
                "batter": 0,
                "extras": 0,
                "total": 0
              }
            },
            {
              "batter": "DC Thomas",
              "bowler": "MA Starc",
              "non_striker": "DM Bravo",
              "runs": {
                "batter": 0,
                "extras": 0,
                "total": 0
              }
            }
          ]
        },
        {
          "over": 8,
          "deliveries": [
            {
              "batter": "DM Bravo",
              "bowler": "CJ McKay",
              "non_striker": "DC Thomas",
              "runs": {
                "batter": 1,
                "extras": 0,
                "total": 1
              }
            },
            {
              "batter": "DC Thomas",
              "bowler": "CJ McKay",
              "non_striker": "DM Bravo",
              "runs": {
                "batter": 0,
                "extras": 0,
                "total": 0
              }
            },
            {
              "batter": "DC Thomas",
              "bowler": "CJ McKay",
              "non_striker": "DM Bravo",
              "runs": {
                "batter": 0,
                "extras": 0,
                "total": 0
              }
            },
            {
              "batter": "DC Thomas",
              "bowler": "CJ McKay",
              "non_striker": "DM Bravo",
              "runs": {
                "batter": 0,
                "extras": 0,
                "total": 0
              }
            },
            {
              "batter": "DC Thomas",
              "bowler": "CJ McKay",
              "non_striker": "DM Bravo",
              "runs": {
                "batter": 0,
                "extras": 0,
                "total": 0
              }
            },
            {
              "batter": "DC Thomas",
              "bowler": "CJ McKay",
              "non_striker": "DM Bravo",
              "runs": {
                "batter": 2,
                "extras": 0,
                "total": 2
              }
            }
          ]
        },
        {
          "over": 9,
          "deliveries": [
            {
              "batter": "DM Bravo",
              "bowler": "MA Starc",
              "non_striker": "DC Thomas",
              "runs": {
                "batter": 4,
                "extras": 0,
                "total": 4
              }
            },
            {
              "batter": "DM Bravo",
              "bowler": "MA Starc",
              "non_striker": "DC Thomas",
              "runs": {
                "batter": 0,
                "extras": 0,
                "total": 0
              }
            },
            {
              "batter": "DM Bravo",
              "bowler": "MA Starc",
              "non_striker": "DC Thomas",
              "runs": {
                "batter": 0,
                "extras": 0,
                "total": 0
              }
            },
            {
              "batter": "DM Bravo",
              "bowler": "MA Starc",
              "non_striker": "DC Thomas",
              "runs": {
                "batter": 0,
                "extras": 0,
                "total": 0
              }
            },
            {
              "batter": "DM Bravo",
              "bowler": "MA Starc",
              "non_striker": "DC Thomas",
              "runs": {
                "batter": 0,
                "extras": 0,
                "total": 0
              }
            },
            {
              "batter": "DM Bravo",
              "bowler": "MA Starc",
              "non_striker": "DC Thomas",
              "runs": {
                "batter": 0,
                "extras": 0,
                "total": 0
              }
            }
          ]
        },
        {
          "over": 10,
          "deliveries": [
            {
              "batter": "DC Thomas",
              "bowler": "JP Faulkner",
              "non_striker": "DM Bravo",
              "runs": {
                "batter": 1,
                "extras": 0,
                "total": 1
              }
            },
            {
              "batter": "DM Bravo",
              "bowler": "JP Faulkner",
              "non_striker": "DC Thomas",
              "runs": {
                "batter": 0,
                "extras": 0,
                "total": 0
              }
            },
            {
              "batter": "DM Bravo",
              "bowler": "JP Faulkner",
              "non_striker": "DC Thomas",
              "runs": {
                "batter": 1,
                "extras": 0,
                "total": 1
              }
            },
            {
              "batter": "DC Thomas",
              "bowler": "JP Faulkner",
              "non_striker": "DM Bravo",
              "runs": {
                "batter": 0,
                "extras": 0,
                "total": 0
              }
            },
            {
              "batter": "DC Thomas",
              "bowler": "JP Faulkner",
              "non_striker": "DM Bravo",
              "runs": {
                "batter": 0,
                "extras": 0,
                "total": 0
              },
              "wickets": [
                {
                  "kind": "caught",
                  "player_out": "DC Thomas",
                  "fielders": [
                    {
                      "name": "MJ Clarke"
                    }
                  ]
                }
              ]
            },
            {
              "batter": "DJG Sammy",
              "bowler": "JP Faulkner",
              "extras": {
                "wides": 1
              },
              "non_striker": "DM Bravo",
              "runs": {
                "batter": 0,
                "extras": 1,
                "total": 1
              }
            },
            {
              "batter": "DJG Sammy",
              "bowler": "JP Faulkner",
              "non_striker": "DM Bravo",
              "runs": {
                "batter": 0,
                "extras": 0,
                "total": 0
              }
            }
          ]
        },
        {
          "over": 11,
          "deliveries": [
            {
              "batter": "DM Bravo",
              "bowler": "MA Starc",
              "non_striker": "DJG Sammy",
              "runs": {
                "batter": 0,
                "extras": 0,
                "total": 0
              }
            },
            {
              "batter": "DM Bravo",
              "bowler": "MA Starc",
              "non_striker": "DJG Sammy",
              "runs": {
                "batter": 0,
                "extras": 0,
                "total": 0
              }
            },
            {
              "batter": "DM Bravo",
              "bowler": "MA Starc",
              "non_striker": "DJG Sammy",
              "runs": {
                "batter": 2,
                "extras": 0,
                "total": 2
              }
            },
            {
              "batter": "DM Bravo",
              "bowler": "MA Starc",
              "extras": {
                "byes": 4
              },
              "non_striker": "DJG Sammy",
              "runs": {
                "batter": 0,
                "extras": 4,
                "total": 4
              }
            },
            {
              "batter": "DM Bravo",
              "bowler": "MA Starc",
              "non_striker": "DJG Sammy",
              "runs": {
                "batter": 1,
                "extras": 0,
                "total": 1
              }
            },
            {
              "batter": "DJG Sammy",
              "bowler": "MA Starc",
              "non_striker": "DM Bravo",
              "runs": {
                "batter": 0,
                "extras": 0,
                "total": 0
              }
            }
          ]
        },
        {
          "over": 12,
          "deliveries": [
            {
              "batter": "DM Bravo",
              "bowler": "JP Faulkner",
              "extras": {
                "wides": 1
              },
              "non_striker": "DJG Sammy",
              "runs": {
                "batter": 0,
                "extras": 1,
                "total": 1
              }
            },
            {
              "batter": "DM Bravo",
              "bowler": "JP Faulkner",
              "non_striker": "DJG Sammy",
              "runs": {
                "batter": 1,
                "extras": 0,
                "total": 1
              }
            },
            {
              "batter": "DJG Sammy",
              "bowler": "JP Faulkner",
              "non_striker": "DM Bravo",
              "runs": {
                "batter": 1,
                "extras": 0,
                "total": 1
              }
            },
            {
              "batter": "DM Bravo",
              "bowler": "JP Faulkner",
              "non_striker": "DJG Sammy",
              "runs": {
                "batter": 0,
                "extras": 0,
                "total": 0
              }
            },
            {
              "batter": "DM Bravo",
              "bowler": "JP Faulkner",
              "non_striker": "DJG Sammy",
              "runs": {
                "batter": 0,
                "extras": 0,
                "total": 0
              }
            },
            {
              "batter": "DM Bravo",
              "bowler": "JP Faulkner",
              "non_striker": "DJG Sammy",
              "runs": {
                "batter": 0,
                "extras": 0,
                "total": 0
              },
              "wickets": [
                {
                  "kind": "caught",
                  "player_out": "DM Bravo",
                  "fielders": [
                    {
                      "name": "MJ Clarke"
                    }
                  ]
                }
              ]
            },
            {
              "batter": "JO Holder",
              "bowler": "JP Faulkner",
              "non_striker": "DJG Sammy",
              "runs": {
                "batter": 0,
                "extras": 0,
                "total": 0
              }
            }
          ]
        },
        {
          "over": 13,
          "deliveries": [
            {
              "batter": "DJG Sammy",
              "bowler": "MG Johnson",
              "non_striker": "JO Holder",
              "runs": {
                "batter": 0,
                "extras": 0,
                "total": 0
              }
            },
            {
              "batter": "DJG Sammy",
              "bowler": "MG Johnson",
              "non_striker": "JO Holder",
              "runs": {
                "batter": 2,
                "extras": 0,
                "total": 2
              }
            },
            {
              "batter": "DJG Sammy",
              "bowler": "MG Johnson",
              "non_striker": "JO Holder",
              "runs": {
                "batter": 0,
                "extras": 0,
                "total": 0
              }
            },
            {
              "batter": "DJG Sammy",
              "bowler": "MG Johnson",
              "non_striker": "JO Holder",
              "runs": {
                "batter": 1,
                "extras": 0,
                "total": 1
              }
            },
            {
              "batter": "JO Holder",
              "bowler": "MG Johnson",
              "non_striker": "DJG Sammy",
              "runs": {
                "batter": 0,
                "extras": 0,
                "total": 0
              }
            },
            {
              "batter": "JO Holder",
              "bowler": "MG Johnson",
              "non_striker": "DJG Sammy",
              "runs": {
                "batter": 0,
                "extras": 0,
                "total": 0
              }
            }
          ]
        },
        {
          "over": 14,
          "deliveries": [
            {
              "batter": "DJG Sammy",
              "bowler": "JP Faulkner",
              "non_striker": "JO Holder",
              "runs": {
                "batter": 0,
                "extras": 0,
                "total": 0
              }
            },
            {
              "batter": "DJG Sammy",
              "bowler": "JP Faulkner",
              "non_striker": "JO Holder",
              "runs": {
                "batter": 0,
                "extras": 0,
                "total": 0
              }
            },
            {
              "batter": "DJG Sammy",
              "bowler": "JP Faulkner",
              "non_striker": "JO Holder",
              "runs": {
                "batter": 0,
                "extras": 0,
                "total": 0
              }
            },
            {
              "batter": "DJG Sammy",
              "bowler": "JP Faulkner",
              "non_striker": "JO Holder",
              "runs": {
                "batter": 0,
                "extras": 0,
                "total": 0
              }
            },
            {
              "batter": "DJG Sammy",
              "bowler": "JP Faulkner",
              "non_striker": "JO Holder",
              "runs": {
                "batter": 0,
                "extras": 0,
                "total": 0
              }
            },
            {
              "batter": "DJG Sammy",
              "bowler": "JP Faulkner",
              "non_striker": "JO Holder",
              "runs": {
                "batter": 0,
                "extras": 0,
                "total": 0
              }
            }
          ]
        },
        {
          "over": 15,
          "deliveries": [
            {
              "batter": "JO Holder",
              "bowler": "MG Johnson",
              "non_striker": "DJG Sammy",
              "runs": {
                "batter": 0,
                "extras": 0,
                "total": 0
              }
            },
            {
              "batter": "JO Holder",
              "bowler": "MG Johnson",
              "non_striker": "DJG Sammy",
              "runs": {
                "batter": 1,
                "extras": 0,
                "total": 1
              }
            },
            {
              "batter": "DJG Sammy",
              "bowler": "MG Johnson",
              "non_striker": "JO Holder",
              "runs": {
                "batter": 0,
                "extras": 0,
                "total": 0
              }
            },
            {
              "batter": "DJG Sammy",
              "bowler": "MG Johnson",
              "extras": {
                "wides": 1
              },
              "non_striker": "JO Holder",
              "runs": {
                "batter": 0,
                "extras": 1,
                "total": 1
              }
            },
            {
              "batter": "DJG Sammy",
              "bowler": "MG Johnson",
              "non_striker": "JO Holder",
              "runs": {
                "batter": 0,
                "extras": 0,
                "total": 0
              }
            },
            {
              "batter": "DJG Sammy",
              "bowler": "MG Johnson",
              "non_striker": "JO Holder",
              "runs": {
                "batter": 0,
                "extras": 0,
                "total": 0
              }
            },
            {
              "batter": "DJG Sammy",
              "bowler": "MG Johnson",
              "extras": {
                "legbyes": 1
              },
              "non_striker": "JO Holder",
              "runs": {
                "batter": 0,
                "extras": 1,
                "total": 1
              }
            }
          ]
        },
        {
          "over": 16,
          "deliveries": [
            {
              "batter": "DJG Sammy",
              "bowler": "JP Faulkner",
              "non_striker": "JO Holder",
              "runs": {
                "batter": 0,
                "extras": 0,
                "total": 0
              }
            },
            {
              "batter": "DJG Sammy",
              "bowler": "JP Faulkner",
              "non_striker": "JO Holder",
              "runs": {
                "batter": 0,
                "extras": 0,
                "total": 0
              }
            },
            {
              "batter": "DJG Sammy",
              "bowler": "JP Faulkner",
              "non_striker": "JO Holder",
              "runs": {
                "batter": 1,
                "extras": 0,
                "total": 1
              }
            },
            {
              "batter": "JO Holder",
              "bowler": "JP Faulkner",
              "non_striker": "DJG Sammy",
              "runs": {
                "batter": 0,
                "extras": 0,
                "total": 0
              }
            },
            {
              "batter": "JO Holder",
              "bowler": "JP Faulkner",
              "non_striker": "DJG Sammy",
              "runs": {
                "batter": 1,
                "extras": 0,
                "total": 1
              }
            },
            {
              "batter": "DJG Sammy",
              "bowler": "JP Faulkner",
              "non_striker": "JO Holder",
              "runs": {
                "batter": 0,
                "extras": 0,
                "total": 0
              }
            }
          ]
        },
        {
          "over": 17,
          "deliveries": [
            {
              "batter": "JO Holder",
              "bowler": "MG Johnson",
              "non_striker": "DJG Sammy",
              "runs": {
                "batter": 1,
                "extras": 0,
                "total": 1
              }
            },
            {
              "batter": "DJG Sammy",
              "bowler": "MG Johnson",
              "non_striker": "JO Holder",
              "runs": {
                "batter": 0,
                "extras": 0,
                "total": 0
              }
            },
            {
              "batter": "DJG Sammy",
              "bowler": "MG Johnson",
              "non_striker": "JO Holder",
              "runs": {
                "batter": 0,
                "extras": 0,
                "total": 0
              }
            },
            {
              "batter": "DJG Sammy",
              "bowler": "MG Johnson",
              "non_striker": "JO Holder",
              "runs": {
                "batter": 0,
                "extras": 0,
                "total": 0
              }
            },
            {
              "batter": "DJG Sammy",
              "bowler": "MG Johnson",
              "non_striker": "JO Holder",
              "runs": {
                "batter": 0,
                "extras": 0,
                "total": 0
              }
            },
            {
              "batter": "DJG Sammy",
              "bowler": "MG Johnson",
              "extras": {
                "legbyes": 1
              },
              "non_striker": "JO Holder",
              "runs": {
                "batter": 0,
                "extras": 1,
                "total": 1
              }
            }
          ]
        },
        {
          "over": 18,
          "deliveries": [
            {
              "batter": "DJG Sammy",
              "bowler": "JP Faulkner",
              "non_striker": "JO Holder",
              "runs": {
                "batter": 0,
                "extras": 0,
                "total": 0
              }
            },
            {
              "batter": "DJG Sammy",
              "bowler": "JP Faulkner",
              "non_striker": "JO Holder",
              "runs": {
                "batter": 0,
                "extras": 0,
                "total": 0
              }
            },
            {
              "batter": "DJG Sammy",
              "bowler": "JP Faulkner",
              "non_striker": "JO Holder",
              "runs": {
                "batter": 2,
                "extras": 0,
                "total": 2
              }
            },
            {
              "batter": "DJG Sammy",
              "bowler": "JP Faulkner",
              "non_striker": "JO Holder",
              "runs": {
                "batter": 0,
                "extras": 0,
                "total": 0
              }
            },
            {
              "batter": "DJG Sammy",
              "bowler": "JP Faulkner",
              "non_striker": "JO Holder",
              "runs": {
                "batter": 4,
                "extras": 0,
                "total": 4
              }
            },
            {
              "batter": "DJG Sammy",
              "bowler": "JP Faulkner",
              "non_striker": "JO Holder",
              "runs": {
                "batter": 0,
                "extras": 0,
                "total": 0
              }
            }
          ]
        },
        {
          "over": 19,
          "deliveries": [
            {
              "batter": "JO Holder",
              "bowler": "MG Johnson",
              "non_striker": "DJG Sammy",
              "runs": {
                "batter": 0,
                "extras": 0,
                "total": 0
              }
            },
            {
              "batter": "JO Holder",
              "bowler": "MG Johnson",
              "non_striker": "DJG Sammy",
              "runs": {
                "batter": 1,
                "extras": 0,
                "total": 1
              }
            },
            {
              "batter": "DJG Sammy",
              "bowler": "MG Johnson",
              "extras": {
                "byes": 4
              },
              "non_striker": "JO Holder",
              "runs": {
                "batter": 0,
                "extras": 4,
                "total": 4
              }
            },
            {
              "batter": "DJG Sammy",
              "bowler": "MG Johnson",
              "non_striker": "JO Holder",
              "runs": {
                "batter": 0,
                "extras": 0,
                "total": 0
              }
            },
            {
              "batter": "DJG Sammy",
              "bowler": "MG Johnson",
              "non_striker": "JO Holder",
              "runs": {
                "batter": 4,
                "extras": 0,
                "total": 4
              }
            },
            {
              "batter": "DJG Sammy",
              "bowler": "MG Johnson",
              "non_striker": "JO Holder",
              "runs": {
                "batter": 1,
                "extras": 0,
                "total": 1
              }
            }
          ]
        },
        {
          "over": 20,
          "deliveries": [
            {
              "batter": "DJG Sammy",
              "bowler": "CJ McKay",
              "non_striker": "JO Holder",
              "runs": {
                "batter": 0,
                "extras": 0,
                "total": 0
              },
              "wickets": [
                {
                  "kind": "caught",
                  "player_out": "DJG Sammy",
                  "fielders": [
                    {
                      "name": "GJ Bailey"
                    }
                  ]
                }
              ]
            },
            {
              "batter": "SP Narine",
              "bowler": "CJ McKay",
              "non_striker": "JO Holder",
              "runs": {
                "batter": 0,
                "extras": 0,
                "total": 0
              }
            },
            {
              "batter": "SP Narine",
              "bowler": "CJ McKay",
              "non_striker": "JO Holder",
              "runs": {
                "batter": 0,
                "extras": 0,
                "total": 0
              }
            },
            {
              "batter": "SP Narine",
              "bowler": "CJ McKay",
              "non_striker": "JO Holder",
              "runs": {
                "batter": 0,
                "extras": 0,
                "total": 0
              }
            },
            {
              "batter": "SP Narine",
              "bowler": "CJ McKay",
              "non_striker": "JO Holder",
              "runs": {
                "batter": 0,
                "extras": 0,
                "total": 0
              }
            },
            {
              "batter": "SP Narine",
              "bowler": "CJ McKay",
              "non_striker": "JO Holder",
              "runs": {
                "batter": 0,
                "extras": 0,
                "total": 0
              }
            }
          ]
        },
        {
          "over": 21,
          "deliveries": [
            {
              "batter": "JO Holder",
              "bowler": "MG Johnson",
              "non_striker": "SP Narine",
              "runs": {
                "batter": 0,
                "extras": 0,
                "total": 0
              }
            },
            {
              "batter": "JO Holder",
              "bowler": "MG Johnson",
              "extras": {
                "wides": 1
              },
              "non_striker": "SP Narine",
              "runs": {
                "batter": 0,
                "extras": 1,
                "total": 1
              }
            },
            {
              "batter": "JO Holder",
              "bowler": "MG Johnson",
              "non_striker": "SP Narine",
              "runs": {
                "batter": 0,
                "extras": 0,
                "total": 0
              }
            },
            {
              "batter": "JO Holder",
              "bowler": "MG Johnson",
              "non_striker": "SP Narine",
              "runs": {
                "batter": 0,
                "extras": 0,
                "total": 0
              }
            },
            {
              "batter": "JO Holder",
              "bowler": "MG Johnson",
              "non_striker": "SP Narine",
              "runs": {
                "batter": 2,
                "extras": 0,
                "total": 2
              }
            },
            {
              "batter": "JO Holder",
              "bowler": "MG Johnson",
              "non_striker": "SP Narine",
              "runs": {
                "batter": 0,
                "extras": 0,
                "total": 0
              }
            },
            {
              "batter": "JO Holder",
              "bowler": "MG Johnson",
              "non_striker": "SP Narine",
              "runs": {
                "batter": 0,
                "extras": 0,
                "total": 0
              }
            }
          ]
        },
        {
          "over": 22,
          "deliveries": [
            {
              "batter": "SP Narine",
              "bowler": "CJ McKay",
              "non_striker": "JO Holder",
              "runs": {
                "batter": 0,
                "extras": 0,
                "total": 0
              }
            },
            {
              "batter": "SP Narine",
              "bowler": "CJ McKay",
              "non_striker": "JO Holder",
              "runs": {
                "batter": 0,
                "extras": 0,
                "total": 0
              }
            },
            {
              "batter": "SP Narine",
              "bowler": "CJ McKay",
              "non_striker": "JO Holder",
              "runs": {
                "batter": 0,
                "extras": 0,
                "total": 0
              }
            },
            {
              "batter": "SP Narine",
              "bowler": "CJ McKay",
              "non_striker": "JO Holder",
              "runs": {
                "batter": 0,
                "extras": 0,
                "total": 0
              }
            },
            {
              "batter": "SP Narine",
              "bowler": "CJ McKay",
              "non_striker": "JO Holder",
              "runs": {
                "batter": 0,
                "extras": 0,
                "total": 0
              }
            },
            {
              "batter": "SP Narine",
              "bowler": "CJ McKay",
              "non_striker": "JO Holder",
              "runs": {
                "batter": 0,
                "extras": 0,
                "total": 0
              },
              "wickets": [
                {
                  "kind": "caught",
                  "player_out": "SP Narine",
                  "fielders": [
                    {
                      "name": "MS Wade"
                    }
                  ]
                }
              ]
            }
          ]
        },
        {
          "over": 23,
          "deliveries": [
            {
              "batter": "JO Holder",
              "bowler": "MA Starc",
              "non_striker": "KAJ Roach",
              "runs": {
                "batter": 1,
                "extras": 0,
                "total": 1
              }
            },
            {
              "batter": "KAJ Roach",
              "bowler": "MA Starc",
              "non_striker": "JO Holder",
              "runs": {
                "batter": 0,
                "extras": 0,
                "total": 0
              }
            },
            {
              "batter": "KAJ Roach",
              "bowler": "MA Starc",
              "non_striker": "JO Holder",
              "runs": {
                "batter": 1,
                "extras": 0,
                "total": 1
              }
            },
            {
              "batter": "JO Holder",
              "bowler": "MA Starc",
              "non_striker": "KAJ Roach",
              "runs": {
                "batter": 0,
                "extras": 0,
                "total": 0
              }
            },
            {
              "batter": "JO Holder",
              "bowler": "MA Starc",
              "non_striker": "KAJ Roach",
              "runs": {
                "batter": 0,
                "extras": 0,
                "total": 0
              },
              "wickets": [
                {
                  "kind": "bowled",
                  "player_out": "JO Holder"
                }
              ]
            }
          ]
        }
      ],
      "powerplays": [
        {
          "from": 0.1,
          "to": 9.6,
          "type": "mandatory"
        }
      ]
    },
    {
      "team": "Australia",
      "overs": [
        {
          "over": 0,
          "deliveries": [
            {
              "batter": "GJ Maxwell",
              "bowler": "KAJ Roach",
              "non_striker": "AJ Finch",
              "runs": {
                "batter": 4,
                "extras": 0,
                "total": 4
              }
            },
            {
              "batter": "GJ Maxwell",
              "bowler": "KAJ Roach",
              "non_striker": "AJ Finch",
              "runs": {
                "batter": 0,
                "extras": 0,
                "total": 0
              }
            },
            {
              "batter": "GJ Maxwell",
              "bowler": "KAJ Roach",
              "non_striker": "AJ Finch",
              "runs": {
                "batter": 4,
                "extras": 0,
                "total": 4
              }
            },
            {
              "batter": "GJ Maxwell",
              "bowler": "KAJ Roach",
              "non_striker": "AJ Finch",
              "runs": {
                "batter": 4,
                "extras": 0,
                "total": 4
              }
            },
            {
              "batter": "GJ Maxwell",
              "bowler": "KAJ Roach",
              "non_striker": "AJ Finch",
              "runs": {
                "batter": 6,
                "extras": 0,
                "total": 6
              }
            },
            {
              "batter": "GJ Maxwell",
              "bowler": "KAJ Roach",
              "non_striker": "AJ Finch",
              "runs": {
                "batter": 0,
                "extras": 0,
                "total": 0
              }
            }
          ]
        },
        {
          "over": 1,
          "deliveries": [
            {
              "batter": "AJ Finch",
              "bowler": "JO Holder",
              "non_striker": "GJ Maxwell",
              "runs": {
                "batter": 0,
                "extras": 0,
                "total": 0
              }
            },
            {
              "batter": "AJ Finch",
              "bowler": "JO Holder",
              "non_striker": "GJ Maxwell",
              "runs": {
                "batter": 3,
                "extras": 0,
                "total": 3
              }
            },
            {
              "batter": "GJ Maxwell",
              "bowler": "JO Holder",
              "non_striker": "AJ Finch",
              "runs": {
                "batter": 0,
                "extras": 0,
                "total": 0
              }
            },
            {
              "batter": "GJ Maxwell",
              "bowler": "JO Holder",
              "non_striker": "AJ Finch",
              "runs": {
                "batter": 0,
                "extras": 0,
                "total": 0
              }
            },
            {
              "batter": "GJ Maxwell",
              "bowler": "JO Holder",
              "non_striker": "AJ Finch",
              "runs": {
                "batter": 0,
                "extras": 0,
                "total": 0
              }
            },
            {
              "batter": "GJ Maxwell",
              "bowler": "JO Holder",
              "non_striker": "AJ Finch",
              "runs": {
                "batter": 0,
                "extras": 0,
                "total": 0
              }
            }
          ]
        },
        {
          "over": 2,
          "deliveries": [
            {
              "batter": "AJ Finch",
              "bowler": "KAJ Roach",
              "non_striker": "GJ Maxwell",
              "runs": {
                "batter": 1,
                "extras": 0,
                "total": 1
              }
            },
            {
              "batter": "GJ Maxwell",
              "bowler": "KAJ Roach",
              "non_striker": "AJ Finch",
              "runs": {
                "batter": 0,
                "extras": 0,
                "total": 0
              }
            },
            {
              "batter": "GJ Maxwell",
              "bowler": "KAJ Roach",
              "non_striker": "AJ Finch",
              "runs": {
                "batter": 4,
                "extras": 0,
                "total": 4
              }
            },
            {
              "batter": "GJ Maxwell",
              "bowler": "KAJ Roach",
              "non_striker": "AJ Finch",
              "runs": {
                "batter": 6,
                "extras": 0,
                "total": 6
              }
            },
            {
              "batter": "GJ Maxwell",
              "bowler": "KAJ Roach",
              "non_striker": "AJ Finch",
              "runs": {
                "batter": 0,
                "extras": 0,
                "total": 0
              }
            },
            {
              "batter": "GJ Maxwell",
              "bowler": "KAJ Roach",
              "non_striker": "AJ Finch",
              "runs": {
                "batter": 0,
                "extras": 0,
                "total": 0
              }
            }
          ]
        },
        {
          "over": 3,
          "deliveries": [
            {
              "batter": "AJ Finch",
              "bowler": "JO Holder",
              "extras": {
                "wides": 1
              },
              "non_striker": "GJ Maxwell",
              "runs": {
                "batter": 0,
                "extras": 1,
                "total": 1
              }
            },
            {
              "batter": "AJ Finch",
              "bowler": "JO Holder",
              "non_striker": "GJ Maxwell",
              "runs": {
                "batter": 4,
                "extras": 0,
                "total": 4
              }
            },
            {
              "batter": "AJ Finch",
              "bowler": "JO Holder",
              "non_striker": "GJ Maxwell",
              "runs": {
                "batter": 2,
                "extras": 0,
                "total": 2
              }
            },
            {
              "batter": "AJ Finch",
              "bowler": "JO Holder",
              "non_striker": "GJ Maxwell",
              "review": {
                "by": "West Indies",
                "umpire": "PR Reiffel",
                "batter": "AJ Finch",
                "decision": "upheld"
              },
              "runs": {
                "batter": 0,
                "extras": 0,
                "total": 0
              },
              "wickets": [
                {
                  "kind": "caught",
                  "player_out": "AJ Finch",
                  "fielders": [
                    {
                      "name": "DC Thomas"
                    }
                  ]
                }
              ]
            },
            {
              "batter": "UT Khawaja",
              "bowler": "JO Holder",
              "non_striker": "GJ Maxwell",
              "runs": {
                "batter": 0,
                "extras": 0,
                "total": 0
              }
            },
            {
              "batter": "UT Khawaja",
              "bowler": "JO Holder",
              "non_striker": "GJ Maxwell",
              "runs": {
                "batter": 0,
                "extras": 0,
                "total": 0
              }
            },
            {
              "batter": "UT Khawaja",
              "bowler": "JO Holder",
              "non_striker": "GJ Maxwell",
              "runs": {
                "batter": 0,
                "extras": 0,
                "total": 0
              }
            }
          ]
        },
        {
          "over": 4,
          "deliveries": [
            {
              "batter": "GJ Maxwell",
              "bowler": "SP Narine",
              "non_striker": "UT Khawaja",
              "runs": {
                "batter": 4,
                "extras": 0,
                "total": 4
              }
            },
            {
              "batter": "GJ Maxwell",
              "bowler": "SP Narine",
              "non_striker": "UT Khawaja",
              "runs": {
                "batter": 0,
                "extras": 0,
                "total": 0
              }
            },
            {
              "batter": "GJ Maxwell",
              "bowler": "SP Narine",
              "non_striker": "UT Khawaja",
              "runs": {
                "batter": 0,
                "extras": 0,
                "total": 0
              }
            },
            {
              "batter": "GJ Maxwell",
              "bowler": "SP Narine",
              "non_striker": "UT Khawaja",
              "runs": {
                "batter": 0,
                "extras": 0,
                "total": 0
              }
            },
            {
              "batter": "GJ Maxwell",
              "bowler": "SP Narine",
              "non_striker": "UT Khawaja",
              "runs": {
                "batter": 1,
                "extras": 0,
                "total": 1
              }
            },
            {
              "batter": "UT Khawaja",
              "bowler": "SP Narine",
              "non_striker": "GJ Maxwell",
              "runs": {
                "batter": 0,
                "extras": 0,
                "total": 0
              }
            }
          ]
        },
        {
          "over": 5,
          "deliveries": [
            {
              "batter": "GJ Maxwell",
              "bowler": "JO Holder",
              "non_striker": "UT Khawaja",
              "runs": {
                "batter": 1,
                "extras": 0,
                "total": 1
              }
            },
            {
              "batter": "UT Khawaja",
              "bowler": "JO Holder",
              "non_striker": "GJ Maxwell",
              "runs": {
                "batter": 2,
                "extras": 0,
                "total": 2
              }
            },
            {
              "batter": "UT Khawaja",
              "bowler": "JO Holder",
              "non_striker": "GJ Maxwell",
              "runs": {
                "batter": 0,
                "extras": 0,
                "total": 0
              }
            },
            {
              "batter": "UT Khawaja",
              "bowler": "JO Holder",
              "non_striker": "GJ Maxwell",
              "runs": {
                "batter": 0,
                "extras": 0,
                "total": 0
              }
            },
            {
              "batter": "UT Khawaja",
              "bowler": "JO Holder",
              "non_striker": "GJ Maxwell",
              "runs": {
                "batter": 0,
                "extras": 0,
                "total": 0
              }
            },
            {
              "batter": "UT Khawaja",
              "bowler": "JO Holder",
              "non_striker": "GJ Maxwell",
              "runs": {
                "batter": 0,
                "extras": 0,
                "total": 0
              }
            }
          ]
        },
        {
          "over": 6,
          "deliveries": [
            {
              "batter": "GJ Maxwell",
              "bowler": "SP Narine",
              "non_striker": "UT Khawaja",
              "runs": {
                "batter": 4,
                "extras": 0,
                "total": 4
              }
            },
            {
              "batter": "GJ Maxwell",
              "bowler": "SP Narine",
              "non_striker": "UT Khawaja",
              "runs": {
                "batter": 0,
                "extras": 0,
                "total": 0
              }
            },
            {
              "batter": "GJ Maxwell",
              "bowler": "SP Narine",
              "non_striker": "UT Khawaja",
              "runs": {
                "batter": 1,
                "extras": 0,
                "total": 1
              }
            },
            {
              "batter": "UT Khawaja",
              "bowler": "SP Narine",
              "non_striker": "GJ Maxwell",
              "runs": {
                "batter": 4,
                "extras": 0,
                "total": 4
              }
            },
            {
              "batter": "UT Khawaja",
              "bowler": "SP Narine",
              "non_striker": "GJ Maxwell",
              "runs": {
                "batter": 0,
                "extras": 0,
                "total": 0
              }
            },
            {
              "batter": "UT Khawaja",
              "bowler": "SP Narine",
              "non_striker": "GJ Maxwell",
              "runs": {
                "batter": 0,
                "extras": 0,
                "total": 0
              }
            }
          ]
        },
        {
          "over": 7,
          "deliveries": [
            {
              "batter": "GJ Maxwell",
              "bowler": "JO Holder",
              "non_striker": "UT Khawaja",
              "runs": {
                "batter": 0,
                "extras": 0,
                "total": 0
              }
            },
            {
              "batter": "GJ Maxwell",
              "bowler": "JO Holder",
              "non_striker": "UT Khawaja",
              "runs": {
                "batter": 0,
                "extras": 0,
                "total": 0
              }
            },
            {
              "batter": "GJ Maxwell",
              "bowler": "JO Holder",
              "non_striker": "UT Khawaja",
              "runs": {
                "batter": 0,
                "extras": 0,
                "total": 0
              }
            },
            {
              "batter": "GJ Maxwell",
              "bowler": "JO Holder",
              "non_striker": "UT Khawaja",
              "runs": {
                "batter": 4,
                "extras": 0,
                "total": 4
              }
            },
            {
              "batter": "GJ Maxwell",
              "bowler": "JO Holder",
              "non_striker": "UT Khawaja",
              "runs": {
                "batter": 0,
                "extras": 0,
                "total": 0
              }
            },
            {
              "batter": "GJ Maxwell",
              "bowler": "JO Holder",
              "non_striker": "UT Khawaja",
              "runs": {
                "batter": 0,
                "extras": 0,
                "total": 0
              }
            }
          ]
        },
        {
          "over": 8,
          "deliveries": [
            {
              "batter": "UT Khawaja",
              "bowler": "SP Narine",
              "non_striker": "GJ Maxwell",
              "runs": {
                "batter": 1,
                "extras": 0,
                "total": 1
              }
            },
            {
              "batter": "GJ Maxwell",
              "bowler": "SP Narine",
              "non_striker": "UT Khawaja",
              "runs": {
                "batter": 0,
                "extras": 0,
                "total": 0
              }
            },
            {
              "batter": "GJ Maxwell",
              "bowler": "SP Narine",
              "non_striker": "UT Khawaja",
              "runs": {
                "batter": 4,
                "extras": 0,
                "total": 4
              }
            },
            {
              "batter": "GJ Maxwell",
              "bowler": "SP Narine",
              "extras": {
                "wides": 1
              },
              "non_striker": "UT Khawaja",
              "runs": {
                "batter": 0,
                "extras": 1,
                "total": 1
              }
            },
            {
              "batter": "GJ Maxwell",
              "bowler": "SP Narine",
              "non_striker": "UT Khawaja",
              "runs": {
                "batter": 4,
                "extras": 0,
                "total": 4
              }
            },
            {
              "batter": "GJ Maxwell",
              "bowler": "SP Narine",
              "non_striker": "UT Khawaja",
              "runs": {
                "batter": 0,
                "extras": 0,
                "total": 0
              }
            },
            {
              "batter": "GJ Maxwell",
              "bowler": "SP Narine",
              "non_striker": "UT Khawaja",
              "runs": {
                "batter": 0,
                "extras": 0,
                "total": 0
              }
            }
          ]
        },
        {
          "over": 9,
          "deliveries": [
            {
              "batter": "UT Khawaja",
              "bowler": "JO Holder",
              "non_striker": "GJ Maxwell",
              "runs": {
                "batter": 0,
                "extras": 0,
                "total": 0
              }
            },
            {
              "batter": "UT Khawaja",
              "bowler": "JO Holder",
              "non_striker": "GJ Maxwell",
              "runs": {
                "batter": 1,
                "extras": 0,
                "total": 1
              }
            }
          ]
        }
      ],
      "powerplays": [
        {
          "from": 0.1,
          "to": 9.2,
          "type": "mandatory"
        }
      ],
      "target": {
        "overs": 50,
        "runs": 71
      }
    }
  ]
}