{
  "meta": {
    "data_version": "1.0.0",
    "created": "2012-11-16",
    "revision": 2
  },
  "info": {
    "balls_per_over": 6,
    "city": "Hambantota",
    "dates": [
      "2012-11-12"
    ],
    "event": {
      "match_number": 5,
      "name": "New Zealand in Sri Lanka ODI Series"
    },
    "gender": "male",
    "match_type": "ODI",
    "match_type_number": 3308,
    "officials": {
      "match_referees": [
        "AJ Pycroft"
      ],
      "reserve_umpires": [
        "RR Wimalasiri"
      ],
      "tv_umpires": [
        "RSA Palliyaguruge"
      ],
      "umpires": [
        "IJ Gould",
        "TH Wijewardene"
      ]
    },
    "outcome": {
      "result": "no result"
    },
    "overs": 50,
    "players": {
      "New Zealand": [
        "RJ Nicol",
        "BJ Watling",
        "BB McCullum",
        "LRPL Taylor",
        "KS Williamson",
        "JEC Franklin",
        "AM Ellis",
        "NL McCullum",
        "AF Milne",
        "TG Southee",
        "TA Boult"
      ],
      "Sri Lanka": [
        "WU Tharanga",
        "LD Chandimal",
        "HDRL Thirimanne",
        "AD Mathews",
        "KC Sangakkara",
        "DPMD Jayawardene",
        "BMAJ Mendis",
        "NLTC Perera",
        "RMS Eranga",
        "A Dananjaya",
        "SL Malinga"
      ]
    },
    "registry": {
      "people": {
        "A Dananjaya": "5b16a806",
        "AD Mathews": "896d78ad",
        "AF Milne": "350bb1b1",
        "AJ Pycroft": "685d3f80",
        "AM Ellis": "f987245c",
        "BB McCullum": "b8a55852",
        "BJ Watling": "928670cc",
        "BMAJ Mendis": "9868bc75",
        "DPMD Jayawardene": "d18f9182",
        "HDRL Thirimanne": "c5928dec",
        "IJ Gould": "a9dfdf6c",
        "JEC Franklin": "cf73ad76",
        "KC Sangakkara": "6b71e6cf",
        "KS Williamson": "d027ba9f",
        "LD Chandimal": "8dd02a98",
        "LRPL Taylor": "b61a3e1a",
        "NL McCullum": "5673a3fc",
        "NLTC Perera": "0f12f9df",
        "RJ Nicol": "8d8c24fd",
        "RMS Eranga": "8f7a598f",
        "RR Wimalasiri": "4950c8db",
        "RSA Palliyaguruge": "4339c19d",
        "SL Malinga": "a12e1d51",
        "TA Boult": "a818c1be",
        "TG Southee": "13c35c9e",
        "TH Wijewardene": "6a6be119",
        "WU Tharanga": "7ed9fd56"
      }
    },
    "season": "2012/13",
    "team_type": "international",
    "teams": [
      "Sri Lanka",
      "New Zealand"
    ],
    "toss": {
      "decision": "field",
      "winner": "New Zealand"
    },
    "venue": "Mahinda Rajapaksa International Cricket Stadium, Sooriyawewa"
  },
  "innings": [
    {
      "team": "Sri Lanka",
      "overs": [
        {
          "over": 0,
          "deliveries": [
            {
              "batter": "WU Tharanga",
              "bowler": "TA Boult",
              "non_striker": "LD Chandimal",
              "runs": {
                "batter": 0,
                "extras": 0,
                "total": 0
              }
            },
            {
              "batter": "WU Tharanga",
              "bowler": "TA Boult",
              "non_striker": "LD Chandimal",
              "runs": {
                "batter": 0,
                "extras": 0,
                "total": 0
              }
            },
            {
              "batter": "WU Tharanga",
              "bowler": "TA Boult",
              "non_striker": "LD Chandimal",
              "runs": {
                "batter": 0,
                "extras": 0,
                "total": 0
              }
            },
            {
              "batter": "WU Tharanga",
              "bowler": "TA Boult",
              "extras": {
                "wides": 1
              },
              "non_striker": "LD Chandimal",
              "runs": {
                "batter": 0,
                "extras": 1,
                "total": 1
              }
            },
            {
              "batter": "WU Tharanga",
              "bowler": "TA Boult",
              "non_striker": "LD Chandimal",
              "runs": {
                "batter": 0,
                "extras": 0,
                "total": 0
              }
            },
            {
              "batter": "WU Tharanga",
              "bowler": "TA Boult",
              "non_striker": "LD Chandimal",
              "runs": {
                "batter": 0,
                "extras": 0,
                "total": 0
              }
            },
            {
              "batter": "WU Tharanga",
              "bowler": "TA Boult",
              "non_striker": "LD Chandimal",
              "runs": {
                "batter": 1,
                "extras": 0,
                "total": 1
              }
            }
          ]
        },
        {
          "over": 1,
          "deliveries": [
            {
              "batter": "WU Tharanga",
              "bowler": "TG Southee",
              "non_striker": "LD Chandimal",
              "runs": {
                "batter": 0,
                "extras": 0,
                "total": 0
              }
            },
            {
              "batter": "WU Tharanga",
              "bowler": "TG Southee",
              "non_striker": "LD Chandimal",
              "runs": {
                "batter": 1,
                "extras": 0,
                "total": 1
              }
            },
            {
              "batter": "LD Chandimal",
              "bowler": "TG Southee",
              "non_striker": "WU Tharanga",
              "runs": {
                "batter": 0,
                "extras": 0,
                "total": 0
              },
              "wickets": [
                {
                  "kind": "bowled",
                  "player_out": "LD Chandimal"
                }
              ]
            },
            {
              "batter": "HDRL Thirimanne",
              "bowler": "TG Southee",
              "non_striker": "WU Tharanga",
              "runs": {
                "batter": 0,
                "extras": 0,
                "total": 0
              }
            },
            {
              "batter": "HDRL Thirimanne",
              "bowler": "TG Southee",
              "non_striker": "WU Tharanga",
              "runs": {
                "batter": 4,
                "extras": 0,
                "total": 4
              }
            },
            {
              "batter": "HDRL Thirimanne",
              "bowler": "TG Southee",
              "non_striker": "WU Tharanga",
              "runs": {
                "batter": 2,
                "extras": 0,
                "total": 2
              }
            }
          ]
        },
        {
          "over": 2,
          "deliveries": [
            {
              "batter": "WU Tharanga",
              "bowler": "TA Boult",
              "non_striker": "HDRL Thirimanne",
              "runs": {
                "batter": 2,
                "extras": 0,
                "total": 2
              }
            },
            {
              "batter": "WU Tharanga",
              "bowler": "TA Boult",
              "non_striker": "HDRL Thirimanne",
              "runs": {
                "batter": 1,
                "extras": 0,
                "total": 1
              }
            },
            {
              "batter": "HDRL Thirimanne",
              "bowler": "TA Boult",
              "non_striker": "WU Tharanga",
              "runs": {
                "batter": 1,
                "extras": 0,
                "total": 1
              }
            },
            {
              "batter": "WU Tharanga",
              "bowler": "TA Boult",
              "non_striker": "HDRL Thirimanne",
              "runs": {
                "batter": 1,
                "extras": 0,
                "total": 1
              }
            },
            {
              "batter": "HDRL Thirimanne",
              "bowler": "TA Boult",
              "non_striker": "WU Tharanga",
              "runs": {
                "batter": 0,
                "extras": 0,
                "total": 0
              }
            },
            {
              "batter": "HDRL Thirimanne",
              "bowler": "TA Boult",
              "non_striker": "WU Tharanga",
              "runs": {
                "batter": 4,
                "extras": 0,
                "total": 4
              }
            }
          ]
        },
        {
          "over": 3,
          "deliveries": [
            {
              "batter": "WU Tharanga",
              "bowler": "TG Southee",
              "extras": {
                "legbyes": 1
              },
              "non_striker": "HDRL Thirimanne",
              "runs": {
                "batter": 0,
                "extras": 1,
                "total": 1
              }
            },
            {
              "batter": "HDRL Thirimanne",
              "bowler": "TG Southee",
              "non_striker": "WU Tharanga",
              "runs": {
                "batter": 4,
                "extras": 0,
                "total": 4
              }
            },
            {
              "batter": "HDRL Thirimanne",
              "bowler": "TG Southee",
              "non_striker": "WU Tharanga",
              "runs": {
                "batter": 1,
                "extras": 0,
                "total": 1
              }
            },
            {
              "batter": "WU Tharanga",
              "bowler": "TG Southee",
              "non_striker": "HDRL Thirimanne",
              "runs": {
                "batter": 0,
                "extras": 0,
                "total": 0
              }
            },
            {
              "batter": "WU Tharanga",
              "bowler": "TG Southee",
              "non_striker": "HDRL Thirimanne",
              "runs": {
                "batter": 0,
                "extras": 0,
                "total": 0
              }
            },
            {
              "batter": "WU Tharanga",
              "bowler": "TG Southee",
              "non_striker": "HDRL Thirimanne",
              "runs": {
                "batter": 0,
                "extras": 0,
                "total": 0
              }
            }
          ]
        },
        {
          "over": 4,
          "deliveries": [
            {
              "batter": "HDRL Thirimanne",
              "bowler": "TA Boult",
              "non_striker": "WU Tharanga",
              "runs": {
                "batter": 1,
                "extras": 0,
                "total": 1
              }
            },
            {
              "batter": "WU Tharanga",
              "bowler": "TA Boult",
              "non_striker": "HDRL Thirimanne",
              "runs": {
                "batter": 0,
                "extras": 0,
                "total": 0
              }
            },
            {
              "batter": "WU Tharanga",
              "bowler": "TA Boult",
              "non_striker": "HDRL Thirimanne",
              "runs": {
                "batter": 4,
                "extras": 0,
                "total": 4
              }
            },
            {
              "batter": "WU Tharanga",
              "bowler": "TA Boult",
              "non_striker": "HDRL Thirimanne",
              "runs": {
                "batter": 0,
                "extras": 0,
                "total": 0
              }
            },
            {
              "batter": "WU Tharanga",
              "bowler": "TA Boult",
              "non_striker": "HDRL Thirimanne",
              "runs": {
                "batter": 0,
                "extras": 0,
                "total": 0
              }
            },
            {
              "batter": "WU Tharanga",
              "bowler": "TA Boult",
              "non_striker": "HDRL Thirimanne",
              "runs": {
                "batter": 4,
                "extras": 0,
                "total": 4
              }
            }
          ]
        },
        {
          "over": 5,
          "deliveries": [
            {
              "batter": "HDRL Thirimanne",
              "bowler": "TG Southee",
              "non_striker": "WU Tharanga",
              "runs": {
                "batter": 0,
                "extras": 0,
                "total": 0
              }
            },
            {
              "batter": "HDRL Thirimanne",
              "bowler": "TG Southee",
              "non_striker": "WU Tharanga",
              "runs": {
                "batter": 0,
                "extras": 0,
                "total": 0
              }
            },
            {
              "batter": "HDRL Thirimanne",
              "bowler": "TG Southee",
              "non_striker": "WU Tharanga",
              "runs": {
                "batter": 0,
                "extras": 0,
                "total": 0
              }
            },
            {
              "batter": "HDRL Thirimanne",
              "bowler": "TG Southee",
              "non_striker": "WU Tharanga",
              "runs": {
                "batter": 0,
                "extras": 0,
                "total": 0
              }
            },
            {
              "batter": "HDRL Thirimanne",
              "bowler": "TG Southee",
              "non_striker": "WU Tharanga",
              "runs": {
                "batter": 0,
                "extras": 0,
                "total": 0
              }
            },
            {
              "batter": "HDRL Thirimanne",
              "bowler": "TG Southee",
              "non_striker": "WU Tharanga",
              "runs": {
                "batter": 0,
                "extras": 0,
                "total": 0
              },
              "wickets": [
                {
                  "kind": "caught",
                  "player_out": "HDRL Thirimanne",
                  "fielders": [
                    {
                      "name": "BJ Watling"
                    }
                  ]
                }
              ]
            }
          ]
        },
        {
          "over": 6,
          "deliveries": [
            {
              "batter": "WU Tharanga",
              "bowler": "TA Boult",
              "non_striker": "AD Mathews",
              "runs": {
                "batter": 1,
                "extras": 0,
                "total": 1
              }
            },
            {
              "batter": "AD Mathews",
              "bowler": "TA Boult",
              "non_striker": "WU Tharanga",
              "runs": {
                "batter": 0,
                "extras": 0,
                "total": 0
              }
            },
            {
              "batter": "AD Mathews",
              "bowler": "TA Boult",
              "non_striker": "WU Tharanga",
              "runs": {
                "batter": 0,
                "extras": 0,
                "total": 0
              }
            },
            {
              "batter": "AD Mathews",
              "bowler": "TA Boult",
              "non_striker": "WU Tharanga",
              "runs": {
                "batter": 0,
                "extras": 0,
                "total": 0
              }
            },
            {
              "batter": "AD Mathews",
              "bowler": "TA Boult",
              "non_striker": "WU Tharanga",
              "runs": {
                "batter": 0,
                "extras": 0,
                "total": 0
              },
              "wickets": [
                {
                  "kind": "caught",
                  "player_out": "AD Mathews",
                  "fielders": [
                    {
                      "name": "TG Southee"
                    }
                  ]
                }
              ]
            },
            {
              "batter": "WU Tharanga",
              "bowler": "TA Boult",
              "non_striker": "KC Sangakkara",
              "runs": {
                "batter": 1,
                "extras": 0,
                "total": 1
              }
            }
          ]
        },
        {
          "over": 7,
          "deliveries": [
            {
              "batter": "WU Tharanga",
              "bowler": "TG Southee",
              "non_striker": "KC Sangakkara",
              "runs": {
                "batter": 0,
                "extras": 0,
                "total": 0
              }
            },
            {
              "batter": "WU Tharanga",
              "bowler": "TG Southee",
              "non_striker": "KC Sangakkara",
              "runs": {
                "batter": 0,
                "extras": 0,
                "total": 0
              }
            },
            {
              "batter": "WU Tharanga",
              "bowler": "TG Southee",
              "extras": {
                "legbyes": 2
              },
              "non_striker": "KC Sangakkara",
              "runs": {
                "batter": 0,
                "extras": 2,
                "total": 2
              }
            },
            {
              "batter": "WU Tharanga",
              "bowler": "TG Southee",
              "non_striker": "KC Sangakkara",
              "runs": {
                "batter": 0,
                "extras": 0,
                "total": 0
              }
            },
            {
              "batter": "WU Tharanga",
              "bowler": "TG Southee",
              "non_striker": "KC Sangakkara",
              "runs": {
                "batter": 0,
                "extras": 0,
                "total": 0
              }
            },
            {
              "batter": "WU Tharanga",
              "bowler": "TG Southee",
              "non_striker": "KC Sangakkara",
              "runs": {
                "batter": 0,
                "extras": 0,
                "total": 0
              }
            }
          ]
        },
        {
          "over": 8,
          "deliveries": [
            {
              "batter": "KC Sangakkara",
              "bowler": "TA Boult",
              "non_striker": "WU Tharanga",
              "runs": {
                "batter": 0,
                "extras": 0,
                "total": 0
              }
            },
            {
              "batter": "KC Sangakkara",
              "bowler": "TA Boult",
              "non_striker": "WU Tharanga",
              "runs": {
                "batter": 1,
                "extras": 0,
                "total": 1
              }
            },
            {
              "batter": "WU Tharanga",
              "bowler": "TA Boult",
              "non_striker": "KC Sangakkara",
              "runs": {
                "batter": 0,
                "extras": 0,
                "total": 0
              }
            },
            {
              "batter": "WU Tharanga",
              "bowler": "TA Boult",
              "non_striker": "KC Sangakkara",
              "runs": {
                "batter": 0,
                "extras": 0,
                "total": 0
              }
            },
            {
              "batter": "WU Tharanga",
              "bowler": "TA Boult",
              "non_striker": "KC Sangakkara",
              "runs": {
                "batter": 0,
                "extras": 0,
                "total": 0
              }
            },
            {
              "batter": "WU Tharanga",
              "bowler": "TA Boult",
              "non_striker": "KC Sangakkara",
              "runs": {
                "batter": 0,
                "extras": 0,
                "total": 0
              }
            }
          ]
        },
        {
          "over": 9,
          "deliveries": [
            {
              "batter": "KC Sangakkara",
              "bowler": "TG Southee",
              "non_striker": "WU Tharanga",
              "runs": {
                "batter": 0,
                "extras": 0,
                "total": 0
              }
            },
            {
              "batter": "KC Sangakkara",
              "bowler": "TG Southee",
              "extras": {
                "wides": 1
              },
              "non_striker": "WU Tharanga",
              "runs": {
                "batter": 0,
                "extras": 1,
                "total": 1
              }
            },
            {
              "batter": "KC Sangakkara",
              "bowler": "TG Southee",
              "non_striker": "WU Tharanga",
              "runs": {
                "batter": 0,
                "extras": 0,
                "total": 0
              }
            },
            {
              "batter": "KC Sangakkara",
              "bowler": "TG Southee",
              "non_striker": "WU Tharanga",
              "runs": {
                "batter": 0,
                "extras": 0,
                "total": 0
              }
            },
            {
              "batter": "KC Sangakkara",
              "bowler": "TG Southee",
              "non_striker": "WU Tharanga",
              "runs": {
                "batter": 1,
                "extras": 0,
                "total": 1
              }
            },
            {
              "batter": "WU Tharanga",
              "bowler": "TG Southee",
              "non_striker": "KC Sangakkara",
              "runs": {
                "batter": 0,
                "extras": 0,
                "total": 0
              }
            },
            {
              "batter": "WU Tharanga",
              "bowler": "TG Southee",
              "non_striker": "KC Sangakkara",
              "runs": {
                "batter": 0,
                "extras": 0,
                "total": 0
              }
            }
          ]
        },
        {
          "over": 10,
          "deliveries": [
            {
              "batter": "KC Sangakkara",
              "bowler": "AF Milne",
              "non_striker": "WU Tharanga",
              "runs": {
                "batter": 0,
                "extras": 0,
                "total": 0
              }
            },
            {
              "batter": "KC Sangakkara",
              "bowler": "AF Milne",
              "non_striker": "WU Tharanga",
              "runs": {
                "batter": 0,
                "extras": 0,
                "total": 0
              }
            },
            {
              "batter": "KC Sangakkara",
              "bowler": "AF Milne",
              "non_striker": "WU Tharanga",
              "runs": {
                "batter": 1,
                "extras": 0,
                "total": 1
              }
            },
            {
              "batter": "WU Tharanga",
              "bowler": "AF Milne",
              "non_striker": "KC Sangakkara",
              "runs": {
                "batter": 0,
                "extras": 0,
                "total": 0
              }
            },
            {
              "batter": "WU Tharanga",
              "bowler": "AF Milne",
              "non_striker": "KC Sangakkara",
              "runs": {
                "batter": 0,
                "extras": 0,
                "total": 0
              }
            },
            {
              "batter": "WU Tharanga",
              "bowler": "AF Milne",
              "non_striker": "KC Sangakkara",
              "runs": {
                "batter": 0,
                "extras": 0,
                "total": 0
              }
            }
          ]
        },
        {
          "over": 11,
          "deliveries": [
            {
              "batter": "KC Sangakkara",
              "bowler": "NL McCullum",
              "non_striker": "WU Tharanga",
              "runs": {
                "batter": 0,
                "extras": 0,
                "total": 0
              }
            },
            {
              "batter": "KC Sangakkara",
              "bowler": "NL McCullum",
              "non_striker": "WU Tharanga",
              "runs": {
                "batter": 0,
                "extras": 0,
                "total": 0
              }
            },
            {
              "batter": "KC Sangakkara",
              "bowler": "NL McCullum",
              "non_striker": "WU Tharanga",
              "runs": {
                "batter": 1,
                "extras": 0,
                "total": 1
              }
            },
            {
              "batter": "WU Tharanga",
              "bowler": "NL McCullum",
              "non_striker": "KC Sangakkara",
              "runs": {
                "batter": 1,
                "extras": 0,
                "total": 1
              }
            },
            {
              "batter": "KC Sangakkara",
              "bowler": "NL McCullum",
              "non_striker": "WU Tharanga",
              "runs": {
                "batter": 0,
                "extras": 0,
                "total": 0
              }
            },
            {
              "batter": "KC Sangakkara",
              "bowler": "NL McCullum",
              "non_striker": "WU Tharanga",
              "runs": {
                "batter": 1,
                "extras": 0,
                "total": 1
              }
            }
          ]
        },
        {
          "over": 12,
          "deliveries": [
            {
              "batter": "KC Sangakkara",
              "bowler": "AF Milne",
              "non_striker": "WU Tharanga",
              "runs": {
                "batter": 0,
                "extras": 0,
                "total": 0
              }
            },
            {
              "batter": "KC Sangakkara",
              "bowler": "AF Milne",
              "non_striker": "WU Tharanga",
              "runs": {
                "batter": 0,
                "extras": 0,
                "total": 0
              },
              "wickets": [
                {
                  "kind": "caught",
                  "player_out": "KC Sangakkara",
                  "fielders": [
                    {
                      "name": "BJ Watling"
                    }
                  ]
                }
              ]
            },
            {
              "batter": "DPMD Jayawardene",
              "bowler": "AF Milne",
              "non_striker": "WU Tharanga",
              "runs": {
                "batter": 0,
                "extras": 0,
                "total": 0
              }
            },
            {
              "batter": "DPMD Jayawardene",
              "bowler": "AF Milne",
              "non_striker": "WU Tharanga",
              "runs": {
                "batter": 1,
                "extras": 0,
                "total": 1
              }
            },
            {
              "batter": "WU Tharanga",
              "bowler": "AF Milne",
              "non_striker": "DPMD Jayawardene",
              "runs": {
                "batter": 0,
                "extras": 0,
                "total": 0
              }
            },
            {
              "batter": "WU Tharanga",
              "bowler": "AF Milne",
              "non_striker": "DPMD Jayawardene",
              "runs": {
                "batter": 1,
                "extras": 0,
                "total": 1
              }
            }
          ]
        },
        {
          "over": 13,
          "deliveries": [
            {
              "batter": "WU Tharanga",
              "bowler": "NL McCullum",
              "non_striker": "DPMD Jayawardene",
              "runs": {
                "batter": 0,
                "extras": 0,
                "total": 0
              }
            },
            {
              "batter": "WU Tharanga",
              "bowler": "NL McCullum",
              "non_striker": "DPMD Jayawardene",
              "runs": {
                "batter": 0,
                "extras": 0,
                "total": 0
              }
            },
            {
              "batter": "WU Tharanga",
              "bowler": "NL McCullum",
              "non_striker": "DPMD Jayawardene",
              "runs": {
                "batter": 0,
                "extras": 0,
                "total": 0
              }
            },
            {
              "batter": "WU Tharanga",
              "bowler": "NL McCullum",
              "non_striker": "DPMD Jayawardene",
              "runs": {
                "batter": 2,
                "extras": 0,
                "total": 2
              }
            },
            {
              "batter": "WU Tharanga",
              "bowler": "NL McCullum",
              "non_striker": "DPMD Jayawardene",
              "runs": {
                "batter": 0,
                "extras": 0,
                "total": 0
              }
            },
            {
              "batter": "WU Tharanga",
              "bowler": "NL McCullum",
              "non_striker": "DPMD Jayawardene",
              "runs": {
                "batter": 0,
                "extras": 0,
                "total": 0
              }
            }
          ]
        },
        {
          "over": 14,
          "deliveries": [
            {
              "batter": "DPMD Jayawardene",
              "bowler": "AF Milne",
              "non_striker": "WU Tharanga",
              "runs": {
                "batter": 0,
                "extras": 0,
                "total": 0
              }
            },
            {
              "batter": "DPMD Jayawardene",
              "bowler": "AF Milne",
              "non_striker": "WU Tharanga",
              "runs": {
                "batter": 0,
                "extras": 0,
                "total": 0
              }
            },
            {
              "batter": "DPMD Jayawardene",
              "bowler": "AF Milne",
              "non_striker": "WU Tharanga",
              "runs": {
                "batter": 2,
                "extras": 0,
                "total": 2
              }
            },
            {
              "batter": "DPMD Jayawardene",
              "bowler": "AF Milne",
              "non_striker": "WU Tharanga",
              "runs": {
                "batter": 1,
                "extras": 0,
                "total": 1
              }
            },
            {
              "batter": "WU Tharanga",
              "bowler": "AF Milne",
              "non_striker": "DPMD Jayawardene",
              "runs": {
                "batter": 0,
                "extras": 0,
                "total": 0
              }
            },
            {
              "batter": "WU Tharanga",
              "bowler": "AF Milne",
              "non_striker": "DPMD Jayawardene",
              "runs": {
                "batter": 0,
                "extras": 0,
                "total": 0
              }
            }
          ]
        },
        {
          "over": 15,
          "deliveries": [
            {
              "batter": "DPMD Jayawardene",
              "bowler": "NL McCullum",
              "non_striker": "WU Tharanga",
              "runs": {
                "batter": 0,
                "extras": 0,
                "total": 0
              }
            },
            {
              "batter": "DPMD Jayawardene",
              "bowler": "NL McCullum",
              "non_striker": "WU Tharanga",
              "runs": {
                "batter": 1,
                "extras": 0,
                "total": 1
              }
            },
            {
              "batter": "WU Tharanga",
              "bowler": "NL McCullum",
              "non_striker": "DPMD Jayawardene",
              "runs": {
                "batter": 1,
                "extras": 0,
                "total": 1
              }
            },
            {
              "batter": "DPMD Jayawardene",
              "bowler": "NL McCullum",
              "non_striker": "WU Tharanga",
              "runs": {
                "batter": 1,
                "extras": 0,
                "total": 1
              }
            },
            {
              "batter": "WU Tharanga",
              "bowler": "NL McCullum",
              "non_striker": "DPMD Jayawardene",
              "runs": {
                "batter": 0,
                "extras": 0,
                "total": 0
              }
            },
            {
              "batter": "WU Tharanga",
              "bowler": "NL McCullum",
              "non_striker": "DPMD Jayawardene",
              "runs": {
                "batter": 1,
                "extras": 0,
                "total": 1
              }
            }
          ]
        },
        {
          "over": 16,
          "deliveries": [
            {
              "batter": "WU Tharanga",
              "bowler": "AF Milne",
              "non_striker": "DPMD Jayawardene",
              "runs": {
                "batter": 4,
                "extras": 0,
                "total": 4
              }
            },
            {
              "batter": "WU Tharanga",
              "bowler": "AF Milne",
              "non_striker": "DPMD Jayawardene",
              "runs": {
                "batter": 2,
                "extras": 0,
                "total": 2
              }
            },
            {
              "batter": "WU Tharanga",
              "bowler": "AF Milne",
              "non_striker": "DPMD Jayawardene",
              "runs": {
                "batter": 0,
                "extras": 0,
                "total": 0
              }
            },
            {
              "batter": "WU Tharanga",
              "bowler": "AF Milne",
              "non_striker": "DPMD Jayawardene",
              "runs": {
                "batter": 0,
                "extras": 0,
                "total": 0
              }
            },
            {
              "batter": "WU Tharanga",
              "bowler": "AF Milne",
              "non_striker": "DPMD Jayawardene",
              "runs": {
                "batter": 0,
                "extras": 0,
                "total": 0
              }
            },
            {
              "batter": "WU Tharanga",
              "bowler": "AF Milne",
              "non_striker": "DPMD Jayawardene",
              "runs": {
                "batter": 0,
                "extras": 0,
                "total": 0
              }
            }
          ]
        },
        {
          "over": 17,
          "deliveries": [
            {
              "batter": "DPMD Jayawardene",
              "bowler": "NL McCullum",
              "non_striker": "WU Tharanga",
              "runs": {
                "batter": 1,
                "extras": 0,
                "total": 1
              }
            },
            {
              "batter": "WU Tharanga",
              "bowler": "NL McCullum",
              "non_striker": "DPMD Jayawardene",
              "runs": {
                "batter": 0,
                "extras": 0,
                "total": 0
              }
            },
            {
              "batter": "WU Tharanga",
              "bowler": "NL McCullum",
              "non_striker": "DPMD Jayawardene",
              "runs": {
                "batter": 0,
                "extras": 0,
                "total": 0
              }
            },
            {
              "batter": "WU Tharanga",
              "bowler": "NL McCullum",
              "non_striker": "DPMD Jayawardene",
              "runs": {
                "batter": 0,
                "extras": 0,
                "total": 0
              }
            },
            {
              "batter": "WU Tharanga",
              "bowler": "NL McCullum",
              "non_striker": "DPMD Jayawardene",
              "runs": {
                "batter": 0,
                "extras": 0,
                "total": 0
              }
            },
            {
              "batter": "WU Tharanga",
              "bowler": "NL McCullum",
              "non_striker": "DPMD Jayawardene",
              "runs": {
                "batter": 0,
                "extras": 0,
                "total": 0
              }
            }
          ]
        },
        {
          "over": 18,
          "deliveries": [
            {
              "batter": "DPMD Jayawardene",
              "bowler": "AF Milne",
              "non_striker": "WU Tharanga",
              "runs": {
                "batter": 0,
                "extras": 0,
                "total": 0
              }
            },
            {
              "batter": "DPMD Jayawardene",
              "bowler": "AF Milne",
              "non_striker": "WU Tharanga",
              "runs": {
                "batter": 4,
                "extras": 0,
                "total": 4
              }
            },
            {
              "batter": "DPMD Jayawardene",
              "bowler": "AF Milne",
              "non_striker": "WU Tharanga",
              "runs": {
                "batter": 0,
                "extras": 0,
                "total": 0
              }
            },
            {
              "batter": "DPMD Jayawardene",
              "bowler": "AF Milne",
              "non_striker": "WU Tharanga",
              "runs": {
                "batter": 0,
                "extras": 0,
                "total": 0
              }
            },
            {
              "batter": "DPMD Jayawardene",
              "bowler": "AF Milne",
              "non_striker": "WU Tharanga",
              "runs": {
                "batter": 0,
                "extras": 0,
                "total": 0
              }
            },
            {
              "batter": "DPMD Jayawardene",
              "bowler": "AF Milne",
              "non_striker": "WU Tharanga",
              "runs": {
                "batter": 1,
                "extras": 0,
                "total": 1
              }
            }
          ]
        },
        {
          "over": 19,
          "deliveries": [
            {
              "batter": "DPMD Jayawardene",
              "bowler": "NL McCullum",
              "non_striker": "WU Tharanga",
              "runs": {
                "batter": 4,
                "extras": 0,
                "total": 4
              }
            },
            {
              "batter": "DPMD Jayawardene",
              "bowler": "NL McCullum",
              "non_striker": "WU Tharanga",
              "runs": {
                "batter": 1,
                "extras": 0,
                "total": 1
              }
            },
            {
              "batter": "WU Tharanga",
              "bowler": "NL McCullum",
              "non_striker": "DPMD Jayawardene",
              "runs": {
                "batter": 4,
                "extras": 0,
                "total": 4
              }
            },
            {
              "batter": "WU Tharanga",
              "bowler": "NL McCullum",
              "non_striker": "DPMD Jayawardene",
              "runs": {
                "batter": 0,
                "extras": 0,
                "total": 0
              }
            },
            {
              "batter": "WU Tharanga",
              "bowler": "NL McCullum",
              "non_striker": "DPMD Jayawardene",
              "runs": {
                "batter": 1,
                "extras": 0,
                "total": 1
              }
            },
            {
              "batter": "DPMD Jayawardene",
              "bowler": "NL McCullum",
              "non_striker": "WU Tharanga",
              "runs": {
                "batter": 1,
                "extras": 0,
                "total": 1
              }
            }
          ]
        },
        {
          "over": 20,
          "deliveries": [
            {
              "batter": "DPMD Jayawardene",
              "bowler": "RJ Nicol",
              "non_striker": "WU Tharanga",
              "runs": {
                "batter": 1,
                "extras": 0,
                "total": 1
              }
            },
            {
              "batter": "WU Tharanga",
              "bowler": "RJ Nicol",
              "non_striker": "DPMD Jayawardene",
              "runs": {
                "batter": 0,
                "extras": 0,
                "total": 0
              }
            },
            {
              "batter": "WU Tharanga",
              "bowler": "RJ Nicol",
              "non_striker": "DPMD Jayawardene",
              "runs": {
                "batter": 1,
                "extras": 0,
                "total": 1
              }
            },
            {
              "batter": "DPMD Jayawardene",
              "bowler": "RJ Nicol",
              "non_striker": "WU Tharanga",
              "runs": {
                "batter": 1,
                "extras": 0,
                "total": 1
              }
            },
            {
              "batter": "WU Tharanga",
              "bowler": "RJ Nicol",
              "non_striker": "DPMD Jayawardene",
              "runs": {
                "batter": 1,
                "extras": 0,
                "total": 1
              }
            },
            {
              "batter": "DPMD Jayawardene",
              "bowler": "RJ Nicol",
              "non_striker": "WU Tharanga",
              "runs": {
                "batter": 1,
                "extras": 0,
                "total": 1
              }
            }
          ]
        },
        {
          "over": 21,
          "deliveries": [
            {
              "batter": "DPMD Jayawardene",
              "bowler": "AM Ellis",
              "non_striker": "WU Tharanga",
              "runs": {
                "batter": 1,
                "extras": 0,
                "total": 1
              }
            },
            {
              "batter": "WU Tharanga",
              "bowler": "AM Ellis",
              "non_striker": "DPMD Jayawardene",
              "runs": {
                "batter": 0,
                "extras": 0,
                "total": 0
              }
            },
            {
              "batter": "WU Tharanga",
              "bowler": "AM Ellis",
              "non_striker": "DPMD Jayawardene",
              "runs": {
                "batter": 0,
                "extras": 0,
                "total": 0
              }
            },
            {
              "batter": "WU Tharanga",
              "bowler": "AM Ellis",
              "non_striker": "DPMD Jayawardene",
              "runs": {
                "batter": 0,
                "extras": 0,
                "total": 0
              }
            },
            {
              "batter": "WU Tharanga",
              "bowler": "AM Ellis",
              "non_striker": "DPMD Jayawardene",
              "runs": {
                "batter": 0,
                "extras": 0,
                "total": 0
              }
            },
            {
              "batter": "WU Tharanga",
              "bowler": "AM Ellis",
              "non_striker": "DPMD Jayawardene",
              "runs": {
                "batter": 0,
                "extras": 0,
                "total": 0
              }
            }
          ]
        },
        {
          "over": 22,
          "deliveries": [
            {
              "batter": "DPMD Jayawardene",
              "bowler": "RJ Nicol",
              "non_striker": "WU Tharanga",
              "runs": {
                "batter": 1,
                "extras": 0,
                "total": 1
              }
            },
            {
              "batter": "WU Tharanga",
              "bowler": "RJ Nicol",
              "non_striker": "DPMD Jayawardene",
              "runs": {
                "batter": 0,
                "extras": 0,
                "total": 0
              }
            },
            {
              "batter": "WU Tharanga",
              "bowler": "RJ Nicol",
              "non_striker": "DPMD Jayawardene",
              "runs": {
                "batter": 1,
                "extras": 0,
                "total": 1
              }
            },
            {
              "batter": "DPMD Jayawardene",
              "bowler": "RJ Nicol",
              "non_striker": "WU Tharanga",
              "runs": {
                "batter": 1,
                "extras": 0,
                "total": 1
              }
            },
            {
              "batter": "WU Tharanga",
              "bowler": "RJ Nicol",
              "non_striker": "DPMD Jayawardene",
              "runs": {
                "batter": 4,
                "extras": 0,
                "total": 4
              }
            },
            {
              "batter": "WU Tharanga",
              "bowler": "RJ Nicol",
              "non_striker": "DPMD Jayawardene",
              "runs": {
                "batter": 0,
                "extras": 0,
                "total": 0
              }
            }
          ]
        },
        {
          "over": 23,
          "deliveries": [
            {
              "batter": "DPMD Jayawardene",
              "bowler": "AM Ellis",
              "non_striker": "WU Tharanga",
              "runs": {
                "batter": 0,
                "extras": 0,
                "total": 0
              },
              "wickets": [
                {
                  "kind": "run out",
                  "player_out": "DPMD Jayawardene",
                  "fielders": [
                    {
                      "name": "NL McCullum"
                    }
                  ]
                }
              ]
            },
            {
              "batter": "WU Tharanga",
              "bowler": "AM Ellis",
              "non_striker": "BMAJ Mendis",
              "runs": {
                "batter": 1,
                "extras": 0,
                "total": 1
              }
            },
            {
              "batter": "BMAJ Mendis",
              "bowler": "AM Ellis",
              "non_striker": "WU Tharanga",
              "runs": {
                "batter": 0,
                "extras": 0,
                "total": 0
              }
            },
            {
              "batter": "BMAJ Mendis",
              "bowler": "AM Ellis",
              "non_striker": "WU Tharanga",
              "runs": {
                "batter": 0,
                "extras": 0,
                "total": 0
              }
            },
            {
              "batter": "BMAJ Mendis",
              "bowler": "AM Ellis",
              "non_striker": "WU Tharanga",
              "runs": {
                "batter": 0,
                "extras": 0,
                "total": 0
              }
            },
            {
              "batter": "BMAJ Mendis",
              "bowler": "AM Ellis",
              "non_striker": "WU Tharanga",
              "runs": {
                "batter": 0,
                "extras": 0,
                "total": 0
              },
              "wickets": [
                {
                  "kind": "caught",
                  "player_out": "BMAJ Mendis",
                  "fielders": [
                    {
                      "name": "LRPL Taylor"
                    }
                  ]
                }
              ]
            }
          ]
        },
        {
          "over": 24,
          "deliveries": [
            {
              "batter": "WU Tharanga",
              "bowler": "NL McCullum",
              "non_striker": "NLTC Perera",
              "runs": {
                "batter": 0,
                "extras": 0,
                "total": 0
              }
            },
            {
              "batter": "WU Tharanga",
              "bowler": "NL McCullum",
              "non_striker": "NLTC Perera",
              "runs": {
                "batter": 0,
                "extras": 0,
                "total": 0
              }
            },
            {
              "batter": "WU Tharanga",
              "bowler": "NL McCullum",
              "non_striker": "NLTC Perera",
              "runs": {
                "batter": 1,
                "extras": 0,
                "total": 1
              }
            },
            {
              "batter": "NLTC Perera",
              "bowler": "NL McCullum",
              "non_striker": "WU Tharanga",
              "runs": {
                "batter": 0,
                "extras": 0,
                "total": 0
              }
            },
            {
              "batter": "NLTC Perera",
              "bowler": "NL McCullum",
              "non_striker": "WU Tharanga",
              "runs": {
                "batter": 1,
                "extras": 0,
                "total": 1
              }
            },
            {
              "batter": "WU Tharanga",
              "bowler": "NL McCullum",
              "non_striker": "NLTC Perera",
              "runs": {
                "batter": 1,
                "extras": 0,
                "total": 1
              }
            }
          ]
        },
        {
          "over": 25,
          "deliveries": [
            {
              "batter": "WU Tharanga",
              "bowler": "AM Ellis",
              "non_striker": "NLTC Perera",
              "runs": {
                "batter": 0,
                "extras": 0,
                "total": 0
              }
            },
            {
              "batter": "WU Tharanga",
              "bowler": "AM Ellis",
              "extras": {
                "wides": 1
              },
              "non_striker": "NLTC Perera",
              "runs": {
                "batter": 0,
                "extras": 1,
                "total": 1
              }
            },
            {
              "batter": "WU Tharanga",
              "bowler": "AM Ellis",
              "non_striker": "NLTC Perera",
              "runs": {
                "batter": 4,
                "extras": 0,
                "total": 4
              }
            },
            {
              "batter": "WU Tharanga",
              "bowler": "AM Ellis",
              "non_striker": "NLTC Perera",
              "runs": {
                "batter": 0,
                "extras": 0,
                "total": 0
              }
            },
            {
              "batter": "WU Tharanga",
              "bowler": "AM Ellis",
              "non_striker": "NLTC Perera",
              "runs": {
                "batter": 0,
                "extras": 0,
                "total": 0
              }
            },
            {
              "batter": "WU Tharanga",
              "bowler": "AM Ellis",
              "non_striker": "NLTC Perera",
              "runs": {
                "batter": 2,
                "extras": 0,
                "total": 2
              }
            },
            {
              "batter": "WU Tharanga",
              "bowler": "AM Ellis",
              "non_striker": "NLTC Perera",
              "runs": {
                "batter": 4,
                "extras": 0,
                "total": 4
              }
            }
          ]
        },
        {
          "over": 26,
          "deliveries": [
            {
              "batter": "NLTC Perera",
              "bowler": "NL McCullum",
              "non_striker": "WU Tharanga",
              "runs": {
                "batter": 0,
                "extras": 0,
                "total": 0
              }
            },
            {
              "batter": "NLTC Perera",
              "bowler": "NL McCullum",
              "non_striker": "WU Tharanga",
              "runs": {
                "batter": 1,
                "extras": 0,
                "total": 1
              }
            },
            {
              "batter": "WU Tharanga",
              "bowler": "NL McCullum",
              "non_striker": "NLTC Perera",
              "runs": {
                "batter": 1,
                "extras": 0,
                "total": 1
              }
            },
            {
              "batter": "NLTC Perera",
              "bowler": "NL McCullum",
              "non_striker": "WU Tharanga",
              "runs": {
                "batter": 0,
                "extras": 0,
                "total": 0
              }
            },
            {
              "batter": "NLTC Perera",
              "bowler": "NL McCullum",
              "non_striker": "WU Tharanga",
              "runs": {
                "batter": 1,
                "extras": 0,
                "total": 1
              }
            },
            {
              "batter": "WU Tharanga",
              "bowler": "NL McCullum",
              "non_striker": "NLTC Perera",
              "runs": {
                "batter": 1,
                "extras": 0,
                "total": 1
              }
            }
          ]
        },
        {
          "over": 27,
          "deliveries": [
            {
              "batter": "WU Tharanga",
              "bowler": "AM Ellis",
              "non_striker": "NLTC Perera",
              "runs": {
                "batter": 1,
                "extras": 0,
                "total": 1
              }
            },
            {
              "batter": "NLTC Perera",
              "bowler": "AM Ellis",
              "non_striker": "WU Tharanga",
              "runs": {
                "batter": 4,
                "extras": 0,
                "total": 4
              }
            },
            {
              "batter": "NLTC Perera",
              "bowler": "AM Ellis",
              "non_striker": "WU Tharanga",
              "runs": {
                "batter": 0,
                "extras": 0,
                "total": 0
              }
            },
            {
              "batter": "NLTC Perera",
              "bowler": "AM Ellis",
              "non_striker": "WU Tharanga",
              "runs": {
                "batter": 4,
                "extras": 0,
                "total": 4
              }
            },
            {
              "batter": "NLTC Perera",
              "bowler": "AM Ellis",
              "non_striker": "WU Tharanga",
              "runs": {
                "batter": 0,
                "extras": 0,
                "total": 0
              },
              "wickets": [
                {
                  "kind": "caught",
                  "player_out": "NLTC Perera",
                  "fielders": [
                    {
                      "name": "AF Milne"
                    }
                  ]
                }
              ]
            },
            {
              "batter": "RMS Eranga",
              "bowler": "AM Ellis",
              "non_striker": "WU Tharanga",
              "runs": {
                "batter": 0,
                "extras": 0,
                "total": 0
              }
            }
          ]
        },
        {
          "over": 28,
          "deliveries": [
            {
              "batter": "WU Tharanga",
              "bowler": "TG Southee",
              "non_striker": "RMS Eranga",
              "runs": {
                "batter": 0,
                "extras": 0,
                "total": 0
              }
            },
            {
              "batter": "WU Tharanga",
              "bowler": "TG Southee",
              "non_striker": "RMS Eranga",
              "runs": {
                "batter": 4,
                "extras": 0,
                "total": 4
              }
            },
            {
              "batter": "WU Tharanga",
              "bowler": "TG Southee",
              "non_striker": "RMS Eranga",
              "runs": {
                "batter": 0,
                "extras": 0,
                "total": 0
              },
              "wickets": [
                {
                  "kind": "caught",
                  "player_out": "WU Tharanga",
                  "fielders": [
                    {
                      "name": "BJ Watling"
                    }
                  ]
                }
              ]
            }
          ]
        }
      ],
      "powerplays": [
        {
          "from": 0.1,
          "to": 9.7,
          "type": "mandatory"
        },
        {
          "from": 27.1,
          "to": 28.3,
          "type": "batting"
        }
      ]
    }
  ]
}