{
  "meta": {
    "data_version": "1.1.0",
    "created": "2023-01-15",
    "revision": 1
  },
  "info": {
    "balls_per_over": 6,
    "city": "Paarl",
    "dates": [
      "2003-02-19"
    ],
    "event": {
      "name": "ICC World Cup",
      "match_number": 18,
      "group": "B"
    },
    "gender": "male",
    "match_type": "ODI",
    "match_type_number": 1958,
    "officials": {
      "match_referees": [
        "Wasim Raja"
      ],
      "tv_umpires": [
        "KC Barbour"
      ],
      "umpires": [
        "DR Shepherd",
        "NA Mallender"
      ]
    },
    "outcome": {
      "winner": "Sri Lanka",
      "by": {
        "wickets": 9
      }
    },
    "overs": 50,
    "player_of_match": [
      "RAP Nissanka"
    ],
    "players": {
      "Canada": [
        "DR Chumney",
        "JM Davison",
        "AF Sattaur",
        "IS Billcliff",
        "NA de Groot",
        "JV Harris",
        "I Maraj",
        "A Bagai",
        "S Thuraisingam",
        "A Codrington",
        "BB Seebaran"
      ],
      "Sri Lanka": [
        "MS Atapattu",
        "ST Jayasuriya",
        "KC Sangakkara",
        "PA de Silva",
        "DPMD Jayawardene",
        "HP Tillakaratne",
        "RP Arnold",
        "WPUJC Vaas",
        "M Muralitharan",
        "CRD Fernando",
        "RAP Nissanka"
      ]
    },
    "registry": {
      "people": {
        "A Bagai": "112959b2",
        "A Codrington": "9cb022df",
        "AF Sattaur": "ca4db40e",
        "BB Seebaran": "fc54ef7a",
        "CRD Fernando": "342d8ade",
        "DPMD Jayawardene": "d18f9182",
        "DR Chumney": "1f3ad23f",
        "DR Shepherd": "8a578048",
        "HP Tillakaratne": "00ea9791",
        "I Maraj": "2d783277",
        "IS Billcliff": "1fb2f362",
        "JM Davison": "5471024e",
        "JV Harris": "d1ac815a",
        "KC Barbour": "4359f89a",
        "KC Sangakkara": "6b71e6cf",
        "M Muralitharan": "4ba44e19",
        "MS Atapattu": "8a686d30",
        "NA Mallender": "3b5dfcd4",
        "NA de Groot": "15d1b59e",
        "PA de Silva": "34ff9e07",
        "RAP Nissanka": "6cc006ef",
        "RP Arnold": "cccdde80",
        "S Thuraisingam": "28ed9134",
        "ST Jayasuriya": "f233bbb4",
        "WPUJC Vaas": "bcce309e",
        "Wasim Raja": "d8bce357"
      }
    },
    "season": "2002/03",
    "team_type": "international",
    "teams": [
      "Canada",
      "Sri Lanka"
    ],
    "toss": {
      "decision": "field",
      "winner": "Sri Lanka"
    },
    "venue": "Boland Bank Park, Paarl"
  },
  "innings": [
    {
      "team": "Canada",
      "overs": [
        {
          "over": 0,
          "deliveries": [
            {
              "batter": "DR Chumney",
              "bowler": "WPUJC Vaas",
              "non_striker": "JM Davison",
              "runs": {
                "batter": 0,
                "extras": 0,
                "total": 0
              }
            },
            {
              "batter": "DR Chumney",
              "bowler": "WPUJC Vaas",
              "non_striker": "JM Davison",
              "runs": {
                "batter": 0,
                "extras": 0,
                "total": 0
              }
            },
            {
              "batter": "DR Chumney",
              "bowler": "WPUJC Vaas",
              "non_striker": "JM Davison",
              "runs": {
                "batter": 0,
                "extras": 0,
                "total": 0
              }
            },
            {
              "batter": "DR Chumney",
              "bowler": "WPUJC Vaas",
              "non_striker": "JM Davison",
              "runs": {
                "batter": 0,
                "extras": 0,
                "total": 0
              }
            },
            {
              "batter": "DR Chumney",
              "bowler": "WPUJC Vaas",
              "non_striker": "JM Davison",
              "runs": {
                "batter": 0,
                "extras": 0,
                "total": 0
              }
            },
            {
              "batter": "DR Chumney",
              "bowler": "WPUJC Vaas",
              "non_striker": "JM Davison",
              "runs": {
                "batter": 0,
                "extras": 0,
                "total": 0
              }
            }
          ]
        },
        {
          "over": 1,
          "deliveries": [
            {
              "batter": "JM Davison",
              "bowler": "RAP Nissanka",
              "non_striker": "DR Chumney",
              "runs": {
                "batter": 0,
                "extras": 0,
                "total": 0
              }
            },
            {
              "batter": "JM Davison",
              "bowler": "RAP Nissanka",
              "non_striker": "DR Chumney",
              "runs": {
                "batter": 0,
                "extras": 0,
                "total": 0
              }
            },
            {
              "batter": "JM Davison",
              "bowler": "RAP Nissanka",
              "non_striker": "DR Chumney",
              "runs": {
                "batter": 0,
                "extras": 0,
                "total": 0
              }
            },
            {
              "batter": "JM Davison",
              "bowler": "RAP Nissanka",
              "non_striker": "DR Chumney",
              "runs": {
                "batter": 0,
                "extras": 0,
                "total": 0
              },
              "wickets": [
                {
                  "player_out": "JM Davison",
                  "fielders": [
                    {
                      "name": "KC Sangakkara"
                    }
                  ],
                  "kind": "caught"
                }
              ]
            },
            {
              "batter": "AF Sattaur",
              "bowler": "RAP Nissanka",
              "extras": {
                "wides": 1
              },
              "non_striker": "DR Chumney",
              "runs": {
                "batter": 0,
                "extras": 1,
                "total": 1
              }
            },
            {
              "batter": "AF Sattaur",
              "bowler": "RAP Nissanka",
              "non_striker": "DR Chumney",
              "runs": {
                "batter": 0,
                "extras": 0,
                "total": 0
              }
            },
            {
              "batter": "AF Sattaur",
              "bowler": "RAP Nissanka",
              "non_striker": "DR Chumney",
              "runs": {
                "batter": 0,
                "extras": 0,
                "total": 0
              }
            }
          ]
        },
        {
          "over": 2,
          "deliveries": [
            {
              "batter": "DR Chumney",
              "bowler": "WPUJC Vaas",
              "non_striker": "AF Sattaur",
              "runs": {
                "batter": 0,
                "extras": 0,
                "total": 0
              }
            },
            {
              "batter": "DR Chumney",
              "bowler": "WPUJC Vaas",
              "non_striker": "AF Sattaur",
              "runs": {
                "batter": 0,
                "extras": 0,
                "total": 0
              }
            },
            {
              "batter": "DR Chumney",
              "bowler": "WPUJC Vaas",
              "non_striker": "AF Sattaur",
              "runs": {
                "batter": 0,
                "extras": 0,
                "total": 0
              }
            },
            {
              "batter": "DR Chumney",
              "bowler": "WPUJC Vaas",
              "non_striker": "AF Sattaur",
              "runs": {
                "batter": 0,
                "extras": 0,
                "total": 0
              }
            },
            {
              "batter": "DR Chumney",
              "bowler": "WPUJC Vaas",
              "non_striker": "AF Sattaur",
              "runs": {
                "batter": 0,
                "extras": 0,
                "total": 0
              }
            },
            {
              "batter": "DR Chumney",
              "bowler": "WPUJC Vaas",
              "non_striker": "AF Sattaur",
              "runs": {
                "batter": 0,
                "extras": 0,
                "total": 0
              }
            }
          ]
        },
        {
          "over": 3,
          "deliveries": [
            {
              "batter": "AF Sattaur",
              "bowler": "RAP Nissanka",
              "non_striker": "DR Chumney",
              "runs": {
                "batter": 0,
                "extras": 0,
                "total": 0
              }
            },
            {
              "batter": "AF Sattaur",
              "bowler": "RAP Nissanka",
              "non_striker": "DR Chumney",
              "runs": {
                "batter": 0,
                "extras": 0,
                "total": 0
              }
            },
            {
              "batter": "AF Sattaur",
              "bowler": "RAP Nissanka",
              "extras": {
                "legbyes": 1
              },
              "non_striker": "DR Chumney",
              "runs": {
                "batter": 0,
                "extras": 1,
                "total": 1
              }
            },
            {
              "batter": "DR Chumney",
              "bowler": "RAP Nissanka",
              "non_striker": "AF Sattaur",
              "runs": {
                "batter": 0,
                "extras": 0,
                "total": 0
              }
            },
            {
              "batter": "DR Chumney",
              "bowler": "RAP Nissanka",
              "non_striker": "AF Sattaur",
              "runs": {
                "batter": 0,
                "extras": 0,
                "total": 0
              }
            },
            {
              "batter": "DR Chumney",
              "bowler": "RAP Nissanka",
              "non_striker": "AF Sattaur",
              "runs": {
                "batter": 4,
                "extras": 0,
                "total": 4
              }
            }
          ]
        },
        {
          "over": 4,
          "deliveries": [
            {
              "batter": "AF Sattaur",
              "bowler": "WPUJC Vaas",
              "non_striker": "DR Chumney",
              "runs": {
                "batter": 0,
                "extras": 0,
                "total": 0
              }
            },
            {
              "batter": "AF Sattaur",
              "bowler": "WPUJC Vaas",
              "non_striker": "DR Chumney",
              "runs": {
                "batter": 0,
                "extras": 0,
                "total": 0
              }
            },
            {
              "batter": "AF Sattaur",
              "bowler": "WPUJC Vaas",
              "non_striker": "DR Chumney",
              "runs": {
                "batter": 0,
                "extras": 0,
                "total": 0
              }
            },
            {
              "batter": "AF Sattaur",
              "bowler": "WPUJC Vaas",
              "non_striker": "DR Chumney",
              "runs": {
                "batter": 0,
                "extras": 0,
                "total": 0
              }
            },
            {
              "batter": "AF Sattaur",
              "bowler": "WPUJC Vaas",
              "non_striker": "DR Chumney",
              "runs": {
                "batter": 0,
                "extras": 0,
                "total": 0
              },
              "wickets": [
                {
                  "player_out": "AF Sattaur",
                  "kind": "lbw"
                }
              ]
            },
            {
              "batter": "IS Billcliff",
              "bowler": "WPUJC Vaas",
              "non_striker": "DR Chumney",
              "runs": {
                "batter": 0,
                "extras": 0,
                "total": 0
              }
            }
          ]
        },
        {
          "over": 5,
          "deliveries": [
            {
              "batter": "DR Chumney",
              "bowler": "RAP Nissanka",
              "non_striker": "IS Billcliff",
              "runs": {
                "batter": 0,
                "extras": 0,
                "total": 0
              }
            },
            {
              "batter": "DR Chumney",
              "bowler": "RAP Nissanka",
              "non_striker": "IS Billcliff",
              "runs": {
                "batter": 0,
                "extras": 0,
                "total": 0
              }
            },
            {
              "batter": "DR Chumney",
              "bowler": "RAP Nissanka",
              "non_striker": "IS Billcliff",
              "runs": {
                "batter": 0,
                "extras": 0,
                "total": 0
              }
            },
            {
              "batter": "DR Chumney",
              "bowler": "RAP Nissanka",
              "non_striker": "IS Billcliff",
              "runs": {
                "batter": 1,
                "extras": 0,
                "total": 1
              }
            },
            {
              "batter": "IS Billcliff",
              "bowler": "RAP Nissanka",
              "non_striker": "DR Chumney",
              "runs": {
                "batter": 0,
                "extras": 0,
                "total": 0
              }
            },
            {
              "batter": "IS Billcliff",
              "bowler": "RAP Nissanka",
              "non_striker": "DR Chumney",
              "runs": {
                "batter": 0,
                "extras": 0,
                "total": 0
              }
            }
          ]
        },
        {
          "over": 6,
          "deliveries": [
            {
              "batter": "DR Chumney",
              "bowler": "WPUJC Vaas",
              "non_striker": "IS Billcliff",
              "runs": {
                "batter": 0,
                "extras": 0,
                "total": 0
              }
            },
            {
              "batter": "DR Chumney",
              "bowler": "WPUJC Vaas",
              "non_striker": "IS Billcliff",
              "runs": {
                "batter": 0,
                "extras": 0,
                "total": 0
              }
            },
            {
              "batter": "DR Chumney",
              "bowler": "WPUJC Vaas",
              "non_striker": "IS Billcliff",
              "runs": {
                "batter": 0,
                "extras": 0,
                "total": 0
              }
            },
            {
              "batter": "DR Chumney",
              "bowler": "WPUJC Vaas",
              "non_striker": "IS Billcliff",
              "runs": {
                "batter": 4,
                "extras": 0,
                "total": 4
              }
            },
            {
              "batter": "DR Chumney",
              "bowler": "WPUJC Vaas",
              "non_striker": "IS Billcliff",
              "runs": {
                "batter": 0,
                "extras": 0,
                "total": 0
              }
            },
            {
              "batter": "DR Chumney",
              "bowler": "WPUJC Vaas",
              "non_striker": "IS Billcliff",
              "runs": {
                "batter": 0,
                "extras": 0,
                "total": 0
              },
              "wickets": [
                {
                  "player_out": "DR Chumney",
                  "fielders": [
                    {
                      "name": "KC Sangakkara"
                    }
                  ],
                  "kind": "caught"
                }
              ]
            }
          ]
        },
        {
          "over": 7,
          "deliveries": [
            {
              "batter": "IS Billcliff",
              "bowler": "RAP Nissanka",
              "non_striker": "NA de Groot",
              "runs": {
                "batter": 0,
                "extras": 0,
                "total": 0
              }
            },
            {
              "batter": "IS Billcliff",
              "bowler": "RAP Nissanka",
              "non_striker": "NA de Groot",
              "runs": {
                "batter": 0,
                "extras": 0,
                "total": 0
              }
            },
            {
              "batter": "IS Billcliff",
              "bowler": "RAP Nissanka",
              "non_striker": "NA de Groot",
              "runs": {
                "batter": 0,
                "extras": 0,
                "total": 0
              }
            },
            {
              "batter": "IS Billcliff",
              "bowler": "RAP Nissanka",
              "non_striker": "NA de Groot",
              "runs": {
                "batter": 0,
                "extras": 0,
                "total": 0
              }
            },
            {
              "batter": "IS Billcliff",
              "bowler": "RAP Nissanka",
              "non_striker": "NA de Groot",
              "runs": {
                "batter": 1,
                "extras": 0,
                "total": 1
              }
            },
            {
              "batter": "NA de Groot",
              "bowler": "RAP Nissanka",
              "non_striker": "IS Billcliff",
              "runs": {
                "batter": 0,
                "extras": 0,
                "total": 0
              }
            }
          ]
        },
        {
          "over": 8,
          "deliveries": [
            {
              "batter": "IS Billcliff",
              "bowler": "WPUJC Vaas",
              "non_striker": "NA de Groot",
              "runs": {
                "batter": 0,
                "extras": 0,
                "total": 0
              },
              "wickets": [
                {
                  "player_out": "IS Billcliff",
                  "kind": "lbw"
                }
              ]
            },
            {
              "batter": "JV Harris",
              "bowler": "WPUJC Vaas",
              "non_striker": "NA de Groot",
              "runs": {
                "batter": 0,
                "extras": 0,
                "total": 0
              }
            },
            {
              "batter": "JV Harris",
              "bowler": "WPUJC Vaas",
              "non_striker": "NA de Groot",
              "runs": {
                "batter": 0,
                "extras": 0,
                "total": 0
              }
            },
            {
              "batter": "JV Harris",
              "bowler": "WPUJC Vaas",
              "non_striker": "NA de Groot",
              "runs": {
                "batter": 0,
                "extras": 0,
                "total": 0
              }
            },
            {
              "batter": "JV Harris",
              "bowler": "WPUJC Vaas",
              "non_striker": "NA de Groot",
              "runs": {
                "batter": 0,
                "extras": 0,
                "total": 0
              }
            },
            {
              "batter": "JV Harris",
              "bowler": "WPUJC Vaas",
              "non_striker": "NA de Groot",
              "runs": {
                "batter": 0,
                "extras": 0,
                "total": 0
              }
            }
          ]
        },
        {
          "over": 9,
          "deliveries": [
            {
              "batter": "NA de Groot",
              "bowler": "RAP Nissanka",
              "non_striker": "JV Harris",
              "runs": {
                "batter": 0,
                "extras": 0,
                "total": 0
              },
              "wickets": [
                {
                  "player_out": "NA de Groot",
                  "kind": "lbw"
                }
              ]
            },
            {
              "batter": "I Maraj",
              "bowler": "RAP Nissanka",
              "non_striker": "JV Harris",
              "runs": {
                "batter": 0,
                "extras": 0,
                "total": 0
              },
              "wickets": [
                {
                  "player_out": "I Maraj",
                  "kind": "lbw"
                }
              ]
            },
            {
              "batter": "A Bagai",
              "bowler": "RAP Nissanka",
              "non_striker": "JV Harris",
              "runs": {
                "batter": 0,
                "extras": 0,
                "total": 0
              }
            },
            {
              "batter": "A Bagai",
              "bowler": "RAP Nissanka",
              "non_striker": "JV Harris",
              "runs": {
                "batter": 0,
                "extras": 0,
                "total": 0
              }
            },
            {
              "batter": "A Bagai",
              "bowler": "RAP Nissanka",
              "non_striker": "JV Harris",
              "runs": {
                "batter": 0,
                "extras": 0,
                "total": 0
              }
            },
            {
              "batter": "A Bagai",
              "bowler": "RAP Nissanka",
              "non_striker": "JV Harris",
              "runs": {
                "batter": 0,
                "extras": 0,
                "total": 0
              }
            }
          ]
        },
        {
          "over": 10,
          "deliveries": [
            {
              "batter": "JV Harris",
              "bowler": "WPUJC Vaas",
              "non_striker": "A Bagai",
              "runs": {
                "batter": 0,
                "extras": 0,
                "total": 0
              }
            },
            {
              "batter": "JV Harris",
              "bowler": "WPUJC Vaas",
              "non_striker": "A Bagai",
              "runs": {
                "batter": 0,
                "extras": 0,
                "total": 0
              }
            },
            {
              "batter": "JV Harris",
              "bowler": "WPUJC Vaas",
              "non_striker": "A Bagai",
              "runs": {
                "batter": 0,
                "extras": 0,
                "total": 0
              }
            },
            {
              "batter": "JV Harris",
              "bowler": "WPUJC Vaas",
              "non_striker": "A Bagai",
              "runs": {
                "batter": 4,
                "extras": 0,
                "total": 4
              }
            },
            {
              "batter": "JV Harris",
              "bowler": "WPUJC Vaas",
              "non_striker": "A Bagai",
              "runs": {
                "batter": 4,
                "extras": 0,
                "total": 4
              }
            },
            {
              "batter": "JV Harris",
              "bowler": "WPUJC Vaas",
              "non_striker": "A Bagai",
              "runs": {
                "batter": 1,
                "extras": 0,
                "total": 1
              }
            }
          ]
        },
        {
          "over": 11,
          "deliveries": [
            {
              "batter": "JV Harris",
              "bowler": "RAP Nissanka",
              "non_striker": "A Bagai",
              "runs": {
                "batter": 0,
                "extras": 0,
                "total": 0
              }
            },
            {
              "batter": "JV Harris",
              "bowler": "RAP Nissanka",
              "non_striker": "A Bagai",
              "runs": {
                "batter": 0,
                "extras": 0,
                "total": 0
              },
              "wickets": [
                {
                  "player_out": "JV Harris",
                  "kind": "hit wicket"
                }
              ]
            },
            {
              "batter": "S Thuraisingam",
              "bowler": "RAP Nissanka",
              "non_striker": "A Bagai",
              "runs": {
                "batter": 0,
                "extras": 0,
                "total": 0
              }
            },
            {
              "batter": "S Thuraisingam",
              "bowler": "RAP Nissanka",
              "non_striker": "A Bagai",
              "runs": {
                "batter": 0,
                "extras": 0,
                "total": 0
              }
            },
            {
              "batter": "S Thuraisingam",
              "bowler": "RAP Nissanka",
              "extras": {
                "noballs": 1
              },
              "non_striker": "A Bagai",
              "runs": {
                "batter": 0,
                "extras": 1,
                "total": 1
              }
            },
            {
              "batter": "S Thuraisingam",
              "bowler": "RAP Nissanka",
              "non_striker": "A Bagai",
              "runs": {
                "batter": 0,
                "extras": 0,
                "total": 0
              }
            },
            {
              "batter": "S Thuraisingam",
              "bowler": "RAP Nissanka",
              "non_striker": "A Bagai",
              "runs": {
                "batter": 0,
                "extras": 0,
                "total": 0
              }
            }
          ]
        },
        {
          "over": 12,
          "deliveries": [
            {
              "batter": "A Bagai",
              "bowler": "WPUJC Vaas",
              "non_striker": "S Thuraisingam",
              "runs": {
                "batter": 0,
                "extras": 0,
                "total": 0
              }
            },
            {
              "batter": "A Bagai",
              "bowler": "WPUJC Vaas",
              "non_striker": "S Thuraisingam",
              "runs": {
                "batter": 0,
                "extras": 0,
                "total": 0
              }
            },
            {
              "batter": "A Bagai",
              "bowler": "WPUJC Vaas",
              "non_striker": "S Thuraisingam",
              "runs": {
                "batter": 0,
                "extras": 0,
                "total": 0
              }
            },
            {
              "batter": "A Bagai",
              "bowler": "WPUJC Vaas",
              "non_striker": "S Thuraisingam",
              "runs": {
                "batter": 1,
                "extras": 0,
                "total": 1
              }
            },
            {
              "batter": "S Thuraisingam",
              "bowler": "WPUJC Vaas",
              "non_striker": "A Bagai",
              "runs": {
                "batter": 0,
                "extras": 0,
                "total": 0
              }
            },
            {
              "batter": "S Thuraisingam",
              "bowler": "WPUJC Vaas",
              "non_striker": "A Bagai",
              "runs": {
                "batter": 1,
                "extras": 0,
                "total": 1
              }
            }
          ]
        },
        {
          "over": 13,
          "deliveries": [
            {
              "batter": "S Thuraisingam",
              "bowler": "RAP Nissanka",
              "non_striker": "A Bagai",
              "runs": {
                "batter": 0,
                "extras": 0,
                "total": 0
              }
            },
            {
              "batter": "S Thuraisingam",
              "bowler": "RAP Nissanka",
              "non_striker": "A Bagai",
              "runs": {
                "batter": 0,
                "extras": 0,
                "total": 0
              }
            },
            {
              "batter": "S Thuraisingam",
              "bowler": "RAP Nissanka",
              "non_striker": "A Bagai",
              "runs": {
                "batter": 0,
                "extras": 0,
                "total": 0
              }
            },
            {
              "batter": "S Thuraisingam",
              "bowler": "RAP Nissanka",
              "non_striker": "A Bagai",
              "runs": {
                "batter": 0,
                "extras": 0,
                "total": 0
              }
            },
            {
              "batter": "S Thuraisingam",
              "bowler": "RAP Nissanka",
              "non_striker": "A Bagai",
              "runs": {
                "batter": 0,
                "extras": 0,
                "total": 0
              }
            },
            {
              "batter": "S Thuraisingam",
              "bowler": "RAP Nissanka",
              "non_striker": "A Bagai",
              "runs": {
                "batter": 4,
                "extras": 0,
                "total": 4
              }
            }
          ]
        },
        {
          "over": 14,
          "deliveries": [
            {
              "batter": "A Bagai",
              "bowler": "M Muralitharan",
              "non_striker": "S Thuraisingam",
              "runs": {
                "batter": 0,
                "extras": 0,
                "total": 0
              }
            },
            {
              "batter": "A Bagai",
              "bowler": "M Muralitharan",
              "non_striker": "S Thuraisingam",
              "runs": {
                "batter": 0,
                "extras": 0,
                "total": 0
              }
            },
            {
              "batter": "A Bagai",
              "bowler": "M Muralitharan",
              "non_striker": "S Thuraisingam",
              "runs": {
                "batter": 0,
                "extras": 0,
                "total": 0
              }
            },
            {
              "batter": "A Bagai",
              "bowler": "M Muralitharan",
              "non_striker": "S Thuraisingam",
              "runs": {
                "batter": 0,
                "extras": 0,
                "total": 0
              }
            },
            {
              "batter": "A Bagai",
              "bowler": "M Muralitharan",
              "non_striker": "S Thuraisingam",
              "runs": {
                "batter": 1,
                "extras": 0,
                "total": 1
              }
            },
            {
              "batter": "S Thuraisingam",
              "bowler": "M Muralitharan",
              "non_striker": "A Bagai",
              "runs": {
                "batter": 1,
                "extras": 0,
                "total": 1
              }
            }
          ]
        },
        {
          "over": 15,
          "deliveries": [
            {
              "batter": "S Thuraisingam",
              "bowler": "CRD Fernando",
              "extras": {
                "wides": 1
              },
              "non_striker": "A Bagai",
              "runs": {
                "batter": 0,
                "extras": 1,
                "total": 1
              }
            },
            {
              "batter": "S Thuraisingam",
              "bowler": "CRD Fernando",
              "non_striker": "A Bagai",
              "runs": {
                "batter": 0,
                "extras": 0,
                "total": 0
              },
              "wickets": [
                {
                  "player_out": "S Thuraisingam",
                  "kind": "lbw"
                }
              ]
            },
            {
              "batter": "A Codrington",
              "bowler": "CRD Fernando",
              "non_striker": "A Bagai",
              "runs": {
                "batter": 0,
                "extras": 0,
                "total": 0
              }
            },
            {
              "batter": "A Codrington",
              "bowler": "CRD Fernando",
              "extras": {
                "legbyes": 1
              },
              "non_striker": "A Bagai",
              "runs": {
                "batter": 0,
                "extras": 1,
                "total": 1
              }
            },
            {
              "batter": "A Bagai",
              "bowler": "CRD Fernando",
              "non_striker": "A Codrington",
              "runs": {
                "batter": 0,
                "extras": 0,
                "total": 0
              }
            },
            {
              "batter": "A Bagai",
              "bowler": "CRD Fernando",
              "non_striker": "A Codrington",
              "runs": {
                "batter": 1,
                "extras": 0,
                "total": 1
              }
            },
            {
              "batter": "A Codrington",
              "bowler": "CRD Fernando",
              "non_striker": "A Bagai",
              "runs": {
                "batter": 0,
                "extras": 0,
                "total": 0
              }
            }
          ]
        },
        {
          "over": 16,
          "deliveries": [
            {
              "batter": "A Bagai",
              "bowler": "M Muralitharan",
              "non_striker": "A Codrington",
              "runs": {
                "batter": 0,
                "extras": 0,
                "total": 0
              }
            },
            {
              "batter": "A Bagai",
              "bowler": "M Muralitharan",
              "non_striker": "A Codrington",
              "runs": {
                "batter": 0,
                "extras": 0,
                "total": 0
              }
            },
            {
              "batter": "A Bagai",
              "bowler": "M Muralitharan",
              "non_striker": "A Codrington",
              "runs": {
                "batter": 0,
                "extras": 0,
                "total": 0
              }
            },
            {
              "batter": "A Bagai",
              "bowler": "M Muralitharan",
              "non_striker": "A Codrington",
              "runs": {
                "batter": 1,
                "extras": 0,
                "total": 1
              }
            },
            {
              "batter": "A Codrington",
              "bowler": "M Muralitharan",
              "non_striker": "A Bagai",
              "runs": {
                "batter": 0,
                "extras": 0,
                "total": 0
              }
            },
            {
              "batter": "A Codrington",
              "bowler": "M Muralitharan",
              "non_striker": "A Bagai",
              "runs": {
                "batter": 0,
                "extras": 0,
                "total": 0
              }
            }
          ]
        },
        {
          "over": 17,
          "deliveries": [
            {
              "batter": "A Bagai",
              "bowler": "CRD Fernando",
              "non_striker": "A Codrington",
              "runs": {
                "batter": 0,
                "extras": 0,
                "total": 0
              }
            },
            {
              "batter": "A Bagai",
              "bowler": "CRD Fernando",
              "non_striker": "A Codrington",
              "runs": {
                "batter": 2,
                "extras": 0,
                "total": 2
              }
            },
            {
              "batter": "A Bagai",
              "bowler": "CRD Fernando",
              "non_striker": "A Codrington",
              "runs": {
                "batter": 0,
                "extras": 0,
                "total": 0
              }
            },
            {
              "batter": "A Bagai",
              "bowler": "CRD Fernando",
              "non_striker": "A Codrington",
              "runs": {
                "batter": 0,
                "extras": 0,
                "total": 0
              }
            },
            {
              "batter": "A Bagai",
              "bowler": "CRD Fernando",
              "non_striker": "A Codrington",
              "runs": {
                "batter": 0,
                "extras": 0,
                "total": 0
              }
            },
            {
              "batter": "A Bagai",
              "bowler": "CRD Fernando",
              "non_striker": "A Codrington",
              "runs": {
                "batter": 0,
                "extras": 0,
                "total": 0
              },
              "wickets": [
                {
                  "player_out": "A Bagai",
                  "fielders": [
                    {
                      "name": "DPMD Jayawardene"
                    }
                  ],
                  "kind": "caught"
                }
              ]
            }
          ]
        },
        {
          "over": 18,
          "deliveries": [
            {
              "batter": "A Codrington",
              "bowler": "M Muralitharan",
              "non_striker": "BB Seebaran",
              "runs": {
                "batter": 0,
                "extras": 0,
                "total": 0
              }
            },
            {
              "batter": "A Codrington",
              "bowler": "M Muralitharan",
              "non_striker": "BB Seebaran",
              "runs": {
                "batter": 0,
                "extras": 0,
                "total": 0
              }
            },
            {
              "batter": "A Codrington",
              "bowler": "M Muralitharan",
              "non_striker": "BB Seebaran",
              "runs": {
                "batter": 0,
                "extras": 0,
                "total": 0
              }
            },
            {
              "batter": "A Codrington",
              "bowler": "M Muralitharan",
              "non_striker": "BB Seebaran",
              "runs": {
                "batter": 0,
                "extras": 0,
                "total": 0
              },
              "wickets": [
                {
                  "player_out": "A Codrington",
                  "kind": "bowled"
                }
              ]
            }
          ]
        }
      ]
    },
    {
      "team": "Sri Lanka",
      "overs": [
        {
          "over": 0,
          "deliveries": [
            {
              "batter": "MS Atapattu",
              "bowler": "S Thuraisingam",
              "non_striker": "ST Jayasuriya",
              "runs": {
                "batter": 0,
                "extras": 0,
                "total": 0
              }
            },
            {
              "batter": "MS Atapattu",
              "bowler": "S Thuraisingam",
              "non_striker": "ST Jayasuriya",
              "runs": {
                "batter": 0,
                "extras": 0,
                "total": 0
              }
            },
            {
              "batter": "MS Atapattu",
              "bowler": "S Thuraisingam",
              "non_striker": "ST Jayasuriya",
              "runs": {
                "batter": 4,
                "extras": 0,
                "total": 4
              }
            },
            {
              "batter": "MS Atapattu",
              "bowler": "S Thuraisingam",
              "non_striker": "ST Jayasuriya",
              "runs": {
                "batter": 1,
                "extras": 0,
                "total": 1
              }
            },
            {
              "batter": "ST Jayasuriya",
              "bowler": "S Thuraisingam",
              "non_striker": "MS Atapattu",
              "runs": {
                "batter": 2,
                "extras": 0,
                "total": 2
              }
            },
            {
              "batter": "ST Jayasuriya",
              "bowler": "S Thuraisingam",
              "non_striker": "MS Atapattu",
              "runs": {
                "batter": 0,
                "extras": 0,
                "total": 0
              }
            }
          ]
        },
        {
          "over": 1,
          "deliveries": [
            {
              "batter": "MS Atapattu",
              "bowler": "JM Davison",
              "non_striker": "ST Jayasuriya",
              "runs": {
                "batter": 3,
                "extras": 0,
                "total": 3
              }
            },
            {
              "batter": "ST Jayasuriya",
              "bowler": "JM Davison",
              "non_striker": "MS Atapattu",
              "runs": {
                "batter": 0,
                "extras": 0,
                "total": 0
              }
            },
            {
              "batter": "ST Jayasuriya",
              "bowler": "JM Davison",
              "non_striker": "MS Atapattu",
              "runs": {
                "batter": 1,
                "extras": 0,
                "total": 1
              }
            },
            {
              "batter": "MS Atapattu",
              "bowler": "JM Davison",
              "non_striker": "ST Jayasuriya",
              "runs": {
                "batter": 0,
                "extras": 0,
                "total": 0
              }
            },
            {
              "batter": "MS Atapattu",
              "bowler": "JM Davison",
              "non_striker": "ST Jayasuriya",
              "runs": {
                "batter": 4,
                "extras": 0,
                "total": 4
              }
            },
            {
              "batter": "MS Atapattu",
              "bowler": "JM Davison",
              "non_striker": "ST Jayasuriya",
              "runs": {
                "batter": 2,
                "extras": 0,
                "total": 2
              }
            }
          ]
        },
        {
          "over": 2,
          "deliveries": [
            {
              "batter": "ST Jayasuriya",
              "bowler": "S Thuraisingam",
              "non_striker": "MS Atapattu",
              "runs": {
                "batter": 4,
                "extras": 0,
                "total": 4
              }
            },
            {
              "batter": "ST Jayasuriya",
              "bowler": "S Thuraisingam",
              "non_striker": "MS Atapattu",
              "runs": {
                "batter": 0,
                "extras": 0,
                "total": 0
              }
            },
            {
              "batter": "ST Jayasuriya",
              "bowler": "S Thuraisingam",
              "non_striker": "MS Atapattu",
              "runs": {
                "batter": 2,
                "extras": 0,
                "total": 2
              }
            },
            {
              "batter": "ST Jayasuriya",
              "bowler": "S Thuraisingam",
              "non_striker": "MS Atapattu",
              "runs": {
                "batter": 0,
                "extras": 0,
                "total": 0
              }
            },
            {
              "batter": "ST Jayasuriya",
              "bowler": "S Thuraisingam",
              "non_striker": "MS Atapattu",
              "runs": {
                "batter": 0,
                "extras": 0,
                "total": 0
              }
            },
            {
              "batter": "ST Jayasuriya",
              "bowler": "S Thuraisingam",
              "non_striker": "MS Atapattu",
              "runs": {
                "batter": 0,
                "extras": 0,
                "total": 0
              },
              "wickets": [
                {
                  "player_out": "ST Jayasuriya",
                  "kind": "lbw"
                }
              ]
            }
          ]
        },
        {
          "over": 3,
          "deliveries": [
            {
              "batter": "MS Atapattu",
              "bowler": "JM Davison",
              "non_striker": "KC Sangakkara",
              "runs": {
                "batter": 0,
                "extras": 0,
                "total": 0
              }
            },
            {
              "batter": "MS Atapattu",
              "bowler": "JM Davison",
              "non_striker": "KC Sangakkara",
              "runs": {
                "batter": 1,
                "extras": 0,
                "total": 1
              }
            },
            {
              "batter": "KC Sangakkara",
              "bowler": "JM Davison",
              "non_striker": "MS Atapattu",
              "runs": {
                "batter": 0,
                "extras": 0,
                "total": 0
              }
            },
            {
              "batter": "KC Sangakkara",
              "bowler": "JM Davison",
              "non_striker": "MS Atapattu",
              "runs": {
                "batter": 0,
                "extras": 0,
                "total": 0
              }
            },
            {
              "batter": "KC Sangakkara",
              "bowler": "JM Davison",
              "non_striker": "MS Atapattu",
              "runs": {
                "batter": 4,
                "extras": 0,
                "total": 4
              }
            },
            {
              "batter": "KC Sangakkara",
              "bowler": "JM Davison",
              "non_striker": "MS Atapattu",
              "runs": {
                "batter": 0,
                "extras": 0,
                "total": 0
              }
            }
          ]
        },
        {
          "over": 4,
          "deliveries": [
            {
              "batter": "MS Atapattu",
              "bowler": "S Thuraisingam",
              "non_striker": "KC Sangakkara",
              "runs": {
                "batter": 4,
                "extras": 0,
                "total": 4
              }
            },
            {
              "batter": "MS Atapattu",
              "bowler": "S Thuraisingam",
              "non_striker": "KC Sangakkara",
              "runs": {
                "batter": 0,
                "extras": 0,
                "total": 0
              }
            },
            {
              "batter": "MS Atapattu",
              "bowler": "S Thuraisingam",
              "non_striker": "KC Sangakkara",
              "runs": {
                "batter": 4,
                "extras": 0,
                "total": 4
              }
            },
            {
              "batter": "MS Atapattu",
              "bowler": "S Thuraisingam",
              "non_striker": "KC Sangakkara",
              "runs": {
                "batter": 1,
                "extras": 0,
                "total": 1
              }
            }
          ]
        }
      ],
      "target": {
        "overs": 50,
        "runs": 37
      }
    }
  ]
}