{
  "meta": {
    "data_version": "1.0.0",
    "created": "2015-01-17",
    "revision": 1
  },
  "info": {
    "balls_per_over": 6,
    "city": "Auckland",
    "dates": [
      "2015-01-17"
    ],
    "event": {
      "match_number": 3,
      "name": "Sri Lanka in New Zealand ODI Series"
    },
    "gender": "male",
    "match_type": "ODI",
    "match_type_number": 3580,
    "officials": {
      "match_referees": [
        "J Srinath"
      ],
      "reserve_umpires": [
        "PD Jones"
      ],
      "tv_umpires": [
        "IJ Gould"
      ],
      "umpires": [
        "BF Bowden",
        "NJ Llong"
      ]
    },
    "outcome": {
      "result": "no result"
    },
    "overs": 50,
    "players": {
      "New Zealand": [
        "MJ Guptill",
        "BB McCullum",
        "TWM Latham",
        "LRPL Taylor",
        "CJ Anderson",
        "DL Vettori",
        "L Ronchi",
        "NL McCullum",
        "TG Southee",
        "MJ Henry",
        "MJ McClenaghan"
      ],
      "Sri Lanka": [
        "FDM Karunaratne",
        "TM Dilshan",
        "KC Sangakkara",
        "DPMD Jayawardene",
        "AD Mathews",
        "HDRL Thirimanne",
        "NLTC Perera",
        "BMAJ Mendis",
        "KMDN Kulasekara",
        "SMSM Senanayake",
        "KTGD Prasad"
      ]
    },
    "registry": {
      "people": {
        "AD Mathews": "896d78ad",
        "BB McCullum": "b8a55852",
        "BF Bowden": "efc0a862",
        "BMAJ Mendis": "9868bc75",
        "CJ Anderson": "8abdf100",
        "DL Vettori": "d7c6af50",
        "DPMD Jayawardene": "d18f9182",
        "FDM Karunaratne": "400e2d4d",
        "HDRL Thirimanne": "c5928dec",
        "IJ Gould": "a9dfdf6c",
        "J Srinath": "bad31fac",
        "KC Sangakkara": "6b71e6cf",
        "KMDN Kulasekara": "469ea22b",
        "KTGD Prasad": "9b79b9de",
        "L Ronchi": "0fa5042b",
        "LRPL Taylor": "b61a3e1a",
        "MJ Guptill": "2be41edb",
        "MJ Henry": "e84ac20c",
        "MJ McClenaghan": "51a3c5ef",
        "NJ Llong": "573fb985",
        "NL McCullum": "5673a3fc",
        "NLTC Perera": "0f12f9df",
        "PD Jones": "169be239",
        "SMSM Senanayake": "4c4fa80b",
        "TG Southee": "13c35c9e",
        "TM Dilshan": "5bdcdb72",
        "TWM Latham": "e824e6ee"
      }
    },
    "season": "2014/15",
    "team_type": "international",
    "teams": [
      "New Zealand",
      "Sri Lanka"
    ],
    "toss": {
      "decision": "field",
      "winner": "Sri Lanka"
    },
    "venue": "Eden Park"
  },
  "innings": [
    {
      "team": "New Zealand",
      "overs": [
        {
          "over": 0,
          "deliveries": [
            {
              "batter": "MJ Guptill",
              "bowler": "KMDN Kulasekara",
              "non_striker": "BB McCullum",
              "runs": {
                "batter": 0,
                "extras": 0,
                "total": 0
              }
            },
            {
              "batter": "MJ Guptill",
              "bowler": "KMDN Kulasekara",
              "non_striker": "BB McCullum",
              "runs": {
                "batter": 0,
                "extras": 0,
                "total": 0
              }
            },
            {
              "batter": "MJ Guptill",
              "bowler": "KMDN Kulasekara",
              "non_striker": "BB McCullum",
              "runs": {
                "batter": 1,
                "extras": 0,
                "total": 1
              }
            },
            {
              "batter": "BB McCullum",
              "bowler": "KMDN Kulasekara",
              "non_striker": "MJ Guptill",
              "runs": {
                "batter": 1,
                "extras": 0,
                "total": 1
              }
            },
            {
              "batter": "MJ Guptill",
              "bowler": "KMDN Kulasekara",
              "non_striker": "BB McCullum",
              "runs": {
                "batter": 0,
                "extras": 0,
                "total": 0
              }
            },
            {
              "batter": "MJ Guptill",
              "bowler": "KMDN Kulasekara",
              "non_striker": "BB McCullum",
              "runs": {
                "batter": 0,
                "extras": 0,
                "total": 0
              }
            }
          ]
        },
        {
          "over": 1,
          "deliveries": [
            {
              "batter": "BB McCullum",
              "bowler": "KTGD Prasad",
              "non_striker": "MJ Guptill",
              "runs": {
                "batter": 0,
                "extras": 0,
                "total": 0
              }
            },
            {
              "batter": "BB McCullum",
              "bowler": "KTGD Prasad",
              "non_striker": "MJ Guptill",
              "runs": {
                "batter": 6,
                "extras": 0,
                "total": 6
              }
            },
            {
              "batter": "BB McCullum",
              "bowler": "KTGD Prasad",
              "non_striker": "MJ Guptill",
              "runs": {
                "batter": 1,
                "extras": 0,
                "total": 1
              }
            },
            {
              "batter": "MJ Guptill",
              "bowler": "KTGD Prasad",
              "non_striker": "BB McCullum",
              "runs": {
                "batter": 0,
                "extras": 0,
                "total": 0
              }
            },
            {
              "batter": "MJ Guptill",
              "bowler": "KTGD Prasad",
              "non_striker": "BB McCullum",
              "runs": {
                "batter": 1,
                "extras": 0,
                "total": 1
              }
            },
            {
              "batter": "BB McCullum",
              "bowler": "KTGD Prasad",
              "non_striker": "MJ Guptill",
              "runs": {
                "batter": 1,
                "extras": 0,
                "total": 1
              }
            }
          ]
        },
        {
          "over": 2,
          "deliveries": [
            {
              "batter": "BB McCullum",
              "bowler": "KMDN Kulasekara",
              "non_striker": "MJ Guptill",
              "runs": {
                "batter": 1,
                "extras": 0,
                "total": 1
              }
            },
            {
              "batter": "MJ Guptill",
              "bowler": "KMDN Kulasekara",
              "non_striker": "BB McCullum",
              "runs": {
                "batter": 1,
                "extras": 0,
                "total": 1
              }
            },
            {
              "batter": "BB McCullum",
              "bowler": "KMDN Kulasekara",
              "non_striker": "MJ Guptill",
              "runs": {
                "batter": 0,
                "extras": 0,
                "total": 0
              }
            },
            {
              "batter": "BB McCullum",
              "bowler": "KMDN Kulasekara",
              "non_striker": "MJ Guptill",
              "runs": {
                "batter": 0,
                "extras": 0,
                "total": 0
              }
            },
            {
              "batter": "BB McCullum",
              "bowler": "KMDN Kulasekara",
              "non_striker": "MJ Guptill",
              "runs": {
                "batter": 1,
                "extras": 0,
                "total": 1
              }
            },
            {
              "batter": "MJ Guptill",
              "bowler": "KMDN Kulasekara",
              "non_striker": "BB McCullum",
              "runs": {
                "batter": 0,
                "extras": 0,
                "total": 0
              }
            }
          ]
        },
        {
          "over": 3,
          "deliveries": [
            {
              "batter": "BB McCullum",
              "bowler": "KTGD Prasad",
              "non_striker": "MJ Guptill",
              "runs": {
                "batter": 6,
                "extras": 0,
                "total": 6
              }
            },
            {
              "batter": "BB McCullum",
              "bowler": "KTGD Prasad",
              "extras": {
                "legbyes": 1
              },
              "non_striker": "MJ Guptill",
              "runs": {
                "batter": 0,
                "extras": 1,
                "total": 1
              }
            },
            {
              "batter": "MJ Guptill",
              "bowler": "KTGD Prasad",
              "non_striker": "BB McCullum",
              "runs": {
                "batter": 0,
                "extras": 0,
                "total": 0
              }
            },
            {
              "batter": "MJ Guptill",
              "bowler": "KTGD Prasad",
              "non_striker": "BB McCullum",
              "runs": {
                "batter": 0,
                "extras": 0,
                "total": 0
              }
            },
            {
              "batter": "MJ Guptill",
              "bowler": "KTGD Prasad",
              "non_striker": "BB McCullum",
              "runs": {
                "batter": 0,
                "extras": 0,
                "total": 0
              }
            },
            {
              "batter": "MJ Guptill",
              "bowler": "KTGD Prasad",
              "non_striker": "BB McCullum",
              "runs": {
                "batter": 0,
                "extras": 0,
                "total": 0
              }
            }
          ]
        },
        {
          "over": 4,
          "deliveries": [
            {
              "batter": "BB McCullum",
              "bowler": "KMDN Kulasekara",
              "non_striker": "MJ Guptill",
              "runs": {
                "batter": 0,
                "extras": 0,
                "total": 0
              }
            },
            {
              "batter": "BB McCullum",
              "bowler": "KMDN Kulasekara",
              "non_striker": "MJ Guptill",
              "runs": {
                "batter": 4,
                "extras": 0,
                "total": 4
              }
            },
            {
              "batter": "BB McCullum",
              "bowler": "KMDN Kulasekara",
              "non_striker": "MJ Guptill",
              "runs": {
                "batter": 0,
                "extras": 0,
                "total": 0
              }
            },
            {
              "batter": "BB McCullum",
              "bowler": "KMDN Kulasekara",
              "non_striker": "MJ Guptill",
              "runs": {
                "batter": 0,
                "extras": 0,
                "total": 0
              }
            },
            {
              "batter": "BB McCullum",
              "bowler": "KMDN Kulasekara",
              "non_striker": "MJ Guptill",
              "runs": {
                "batter": 0,
                "extras": 0,
                "total": 0
              }
            },
            {
              "batter": "BB McCullum",
              "bowler": "KMDN Kulasekara",
              "non_striker": "MJ Guptill",
              "runs": {
                "batter": 4,
                "extras": 0,
                "total": 4
              }
            }
          ]
        },
        {
          "over": 5,
          "deliveries": [
            {
              "batter": "MJ Guptill",
              "bowler": "KTGD Prasad",
              "non_striker": "BB McCullum",
              "runs": {
                "batter": 0,
                "extras": 0,
                "total": 0
              }
            },
            {
              "batter": "MJ Guptill",
              "bowler": "KTGD Prasad",
              "non_striker": "BB McCullum",
              "runs": {
                "batter": 0,
                "extras": 0,
                "total": 0
              }
            },
            {
              "batter": "MJ Guptill",
              "bowler": "KTGD Prasad",
              "non_striker": "BB McCullum",
              "runs": {
                "batter": 0,
                "extras": 0,
                "total": 0
              }
            },
            {
              "batter": "MJ Guptill",
              "bowler": "KTGD Prasad",
              "non_striker": "BB McCullum",
              "runs": {
                "batter": 1,
                "extras": 0,
                "total": 1
              }
            },
            {
              "batter": "BB McCullum",
              "bowler": "KTGD Prasad",
              "non_striker": "MJ Guptill",
              "runs": {
                "batter": 0,
                "extras": 0,
                "total": 0
              }
            },
            {
              "batter": "BB McCullum",
              "bowler": "KTGD Prasad",
              "non_striker": "MJ Guptill",
              "runs": {
                "batter": 2,
                "extras": 0,
                "total": 2
              }
            }
          ]
        },
        {
          "over": 6,
          "deliveries": [
            {
              "batter": "MJ Guptill",
              "bowler": "KMDN Kulasekara",
              "non_striker": "BB McCullum",
              "runs": {
                "batter": 1,
                "extras": 0,
                "total": 1
              }
            },
            {
              "batter": "BB McCullum",
              "bowler": "KMDN Kulasekara",
              "non_striker": "MJ Guptill",
              "runs": {
                "batter": 0,
                "extras": 0,
                "total": 0
              }
            },
            {
              "batter": "BB McCullum",
              "bowler": "KMDN Kulasekara",
              "non_striker": "MJ Guptill",
              "runs": {
                "batter": 1,
                "extras": 0,
                "total": 1
              }
            },
            {
              "batter": "MJ Guptill",
              "bowler": "KMDN Kulasekara",
              "non_striker": "BB McCullum",
              "runs": {
                "batter": 0,
                "extras": 0,
                "total": 0
              }
            },
            {
              "batter": "MJ Guptill",
              "bowler": "KMDN Kulasekara",
              "non_striker": "BB McCullum",
              "runs": {
                "batter": 0,
                "extras": 0,
                "total": 0
              }
            },
            {
              "batter": "MJ Guptill",
              "bowler": "KMDN Kulasekara",
              "non_striker": "BB McCullum",
              "runs": {
                "batter": 6,
                "extras": 0,
                "total": 6
              }
            }
          ]
        },
        {
          "over": 7,
          "deliveries": [
            {
              "batter": "BB McCullum",
              "bowler": "AD Mathews",
              "non_striker": "MJ Guptill",
              "runs": {
                "batter": 0,
                "extras": 0,
                "total": 0
              },
              "wickets": [
                {
                  "kind": "caught",
                  "player_out": "BB McCullum",
                  "fielders": [
                    {
                      "name": "KMDN Kulasekara"
                    }
                  ]
                }
              ]
            },
            {
              "batter": "MJ Guptill",
              "bowler": "AD Mathews",
              "non_striker": "TWM Latham",
              "runs": {
                "batter": 0,
                "extras": 0,
                "total": 0
              }
            },
            {
              "batter": "MJ Guptill",
              "bowler": "AD Mathews",
              "extras": {
                "legbyes": 4
              },
              "non_striker": "TWM Latham",
              "runs": {
                "batter": 0,
                "extras": 4,
                "total": 4
              }
            },
            {
              "batter": "MJ Guptill",
              "bowler": "AD Mathews",
              "non_striker": "TWM Latham",
              "runs": {
                "batter": 0,
                "extras": 0,
                "total": 0
              }
            },
            {
              "batter": "MJ Guptill",
              "bowler": "AD Mathews",
              "non_striker": "TWM Latham",
              "runs": {
                "batter": 0,
                "extras": 0,
                "total": 0
              }
            },
            {
              "batter": "MJ Guptill",
              "bowler": "AD Mathews",
              "non_striker": "TWM Latham",
              "runs": {
                "batter": 0,
                "extras": 0,
                "total": 0
              }
            }
          ]
        },
        {
          "over": 8,
          "deliveries": [
            {
              "batter": "TWM Latham",
              "bowler": "KMDN Kulasekara",
              "non_striker": "MJ Guptill",
              "runs": {
                "batter": 0,
                "extras": 0,
                "total": 0
              }
            },
            {
              "batter": "TWM Latham",
              "bowler": "KMDN Kulasekara",
              "non_striker": "MJ Guptill",
              "runs": {
                "batter": 0,
                "extras": 0,
                "total": 0
              }
            },
            {
              "batter": "TWM Latham",
              "bowler": "KMDN Kulasekara",
              "non_striker": "MJ Guptill",
              "runs": {
                "batter": 1,
                "extras": 0,
                "total": 1
              }
            },
            {
              "batter": "MJ Guptill",
              "bowler": "KMDN Kulasekara",
              "non_striker": "TWM Latham",
              "runs": {
                "batter": 0,
                "extras": 0,
                "total": 0
              }
            },
            {
              "batter": "MJ Guptill",
              "bowler": "KMDN Kulasekara",
              "non_striker": "TWM Latham",
              "runs": {
                "batter": 0,
                "extras": 0,
                "total": 0
              }
            },
            {
              "batter": "MJ Guptill",
              "bowler": "KMDN Kulasekara",
              "non_striker": "TWM Latham",
              "runs": {
                "batter": 0,
                "extras": 0,
                "total": 0
              }
            }
          ]
        },
        {
          "over": 9,
          "deliveries": [
            {
              "batter": "TWM Latham",
              "bowler": "AD Mathews",
              "non_striker": "MJ Guptill",
              "runs": {
                "batter": 0,
                "extras": 0,
                "total": 0
              }
            },
            {
              "batter": "TWM Latham",
              "bowler": "AD Mathews",
              "non_striker": "MJ Guptill",
              "runs": {
                "batter": 0,
                "extras": 0,
                "total": 0
              }
            },
            {
              "batter": "TWM Latham",
              "bowler": "AD Mathews",
              "non_striker": "MJ Guptill",
              "runs": {
                "batter": 0,
                "extras": 0,
                "total": 0
              }
            },
            {
              "batter": "TWM Latham",
              "bowler": "AD Mathews",
              "non_striker": "MJ Guptill",
              "runs": {
                "batter": 0,
                "extras": 0,
                "total": 0
              }
            },
            {
              "batter": "TWM Latham",
              "bowler": "AD Mathews",
              "non_striker": "MJ Guptill",
              "runs": {
                "batter": 0,
                "extras": 0,
                "total": 0
              }
            },
            {
              "batter": "TWM Latham",
              "bowler": "AD Mathews",
              "non_striker": "MJ Guptill",
              "runs": {
                "batter": 0,
                "extras": 0,
                "total": 0
              }
            }
          ]
        },
        {
          "over": 10,
          "deliveries": [
            {
              "batter": "MJ Guptill",
              "bowler": "KMDN Kulasekara",
              "non_striker": "TWM Latham",
              "runs": {
                "batter": 2,
                "extras": 0,
                "total": 2
              }
            },
            {
              "batter": "MJ Guptill",
              "bowler": "KMDN Kulasekara",
              "non_striker": "TWM Latham",
              "runs": {
                "batter": 4,
                "extras": 0,
                "total": 4
              }
            },
            {
              "batter": "MJ Guptill",
              "bowler": "KMDN Kulasekara",
              "non_striker": "TWM Latham",
              "runs": {
                "batter": 1,
                "extras": 0,
                "total": 1
              }
            },
            {
              "batter": "TWM Latham",
              "bowler": "KMDN Kulasekara",
              "non_striker": "MJ Guptill",
              "runs": {
                "batter": 4,
                "extras": 0,
                "total": 4
              }
            },
            {
              "batter": "TWM Latham",
              "bowler": "KMDN Kulasekara",
              "non_striker": "MJ Guptill",
              "runs": {
                "batter": 1,
                "extras": 0,
                "total": 1
              }
            },
            {
              "batter": "MJ Guptill",
              "bowler": "KMDN Kulasekara",
              "non_striker": "TWM Latham",
              "runs": {
                "batter": 1,
                "extras": 0,
                "total": 1
              }
            }
          ]
        },
        {
          "over": 11,
          "deliveries": [
            {
              "batter": "MJ Guptill",
              "bowler": "AD Mathews",
              "non_striker": "TWM Latham",
              "runs": {
                "batter": 1,
                "extras": 0,
                "total": 1
              }
            },
            {
              "batter": "TWM Latham",
              "bowler": "AD Mathews",
              "non_striker": "MJ Guptill",
              "runs": {
                "batter": 0,
                "extras": 0,
                "total": 0
              }
            },
            {
              "batter": "TWM Latham",
              "bowler": "AD Mathews",
              "non_striker": "MJ Guptill",
              "runs": {
                "batter": 0,
                "extras": 0,
                "total": 0
              }
            },
            {
              "batter": "TWM Latham",
              "bowler": "AD Mathews",
              "non_striker": "MJ Guptill",
              "runs": {
                "batter": 1,
                "extras": 0,
                "total": 1
              }
            },
            {
              "batter": "MJ Guptill",
              "bowler": "AD Mathews",
              "non_striker": "TWM Latham",
              "runs": {
                "batter": 1,
                "extras": 0,
                "total": 1
              }
            },
            {
              "batter": "TWM Latham",
              "bowler": "AD Mathews",
              "non_striker": "MJ Guptill",
              "runs": {
                "batter": 1,
                "extras": 0,
                "total": 1
              }
            }
          ]
        },
        {
          "over": 12,
          "deliveries": [
            {
              "batter": "TWM Latham",
              "bowler": "KTGD Prasad",
              "non_striker": "MJ Guptill",
              "runs": {
                "batter": 0,
                "extras": 0,
                "total": 0
              }
            },
            {
              "batter": "TWM Latham",
              "bowler": "KTGD Prasad",
              "non_striker": "MJ Guptill",
              "runs": {
                "batter": 1,
                "extras": 0,
                "total": 1
              }
            },
            {
              "batter": "MJ Guptill",
              "bowler": "KTGD Prasad",
              "non_striker": "TWM Latham",
              "runs": {
                "batter": 0,
                "extras": 0,
                "total": 0
              }
            },
            {
              "batter": "MJ Guptill",
              "bowler": "KTGD Prasad",
              "non_striker": "TWM Latham",
              "runs": {
                "batter": 1,
                "extras": 0,
                "total": 1
              }
            },
            {
              "batter": "TWM Latham",
              "bowler": "KTGD Prasad",
              "non_striker": "MJ Guptill",
              "runs": {
                "batter": 1,
                "extras": 0,
                "total": 1
              }
            },
            {
              "batter": "MJ Guptill",
              "bowler": "KTGD Prasad",
              "non_striker": "TWM Latham",
              "runs": {
                "batter": 0,
                "extras": 0,
                "total": 0
              }
            }
          ]
        },
        {
          "over": 13,
          "deliveries": [
            {
              "batter": "TWM Latham",
              "bowler": "AD Mathews",
              "non_striker": "MJ Guptill",
              "runs": {
                "batter": 0,
                "extras": 0,
                "total": 0
              }
            },
            {
              "batter": "TWM Latham",
              "bowler": "AD Mathews",
              "non_striker": "MJ Guptill",
              "runs": {
                "batter": 1,
                "extras": 0,
                "total": 1
              }
            },
            {
              "batter": "MJ Guptill",
              "bowler": "AD Mathews",
              "non_striker": "TWM Latham",
              "runs": {
                "batter": 4,
                "extras": 0,
                "total": 4
              }
            },
            {
              "batter": "MJ Guptill",
              "bowler": "AD Mathews",
              "non_striker": "TWM Latham",
              "runs": {
                "batter": 1,
                "extras": 0,
                "total": 1
              }
            },
            {
              "batter": "TWM Latham",
              "bowler": "AD Mathews",
              "non_striker": "MJ Guptill",
              "runs": {
                "batter": 1,
                "extras": 0,
                "total": 1
              }
            },
            {
              "batter": "MJ Guptill",
              "bowler": "AD Mathews",
              "non_striker": "TWM Latham",
              "runs": {
                "batter": 1,
                "extras": 0,
                "total": 1
              }
            }
          ]
        },
        {
          "over": 14,
          "deliveries": [
            {
              "batter": "MJ Guptill",
              "bowler": "KTGD Prasad",
              "non_striker": "TWM Latham",
              "runs": {
                "batter": 4,
                "extras": 0,
                "total": 4
              }
            },
            {
              "batter": "MJ Guptill",
              "bowler": "KTGD Prasad",
              "non_striker": "TWM Latham",
              "runs": {
                "batter": 1,
                "extras": 0,
                "total": 1
              }
            },
            {
              "batter": "TWM Latham",
              "bowler": "KTGD Prasad",
              "non_striker": "MJ Guptill",
              "runs": {
                "batter": 0,
                "extras": 0,
                "total": 0
              }
            },
            {
              "batter": "TWM Latham",
              "bowler": "KTGD Prasad",
              "non_striker": "MJ Guptill",
              "runs": {
                "batter": 1,
                "extras": 0,
                "total": 1
              }
            },
            {
              "batter": "MJ Guptill",
              "bowler": "KTGD Prasad",
              "non_striker": "TWM Latham",
              "runs": {
                "batter": 0,
                "extras": 0,
                "total": 0
              }
            },
            {
              "batter": "MJ Guptill",
              "bowler": "KTGD Prasad",
              "non_striker": "TWM Latham",
              "runs": {
                "batter": 0,
                "extras": 0,
                "total": 0
              }
            }
          ]
        },
        {
          "over": 15,
          "deliveries": [
            {
              "batter": "TWM Latham",
              "bowler": "SMSM Senanayake",
              "non_striker": "MJ Guptill",
              "runs": {
                "batter": 0,
                "extras": 0,
                "total": 0
              }
            },
            {
              "batter": "TWM Latham",
              "bowler": "SMSM Senanayake",
              "non_striker": "MJ Guptill",
              "runs": {
                "batter": 0,
                "extras": 0,
                "total": 0
              }
            },
            {
              "batter": "TWM Latham",
              "bowler": "SMSM Senanayake",
              "non_striker": "MJ Guptill",
              "runs": {
                "batter": 0,
                "extras": 0,
                "total": 0
              }
            },
            {
              "batter": "TWM Latham",
              "bowler": "SMSM Senanayake",
              "non_striker": "MJ Guptill",
              "runs": {
                "batter": 4,
                "extras": 0,
                "total": 4
              }
            },
            {
              "batter": "TWM Latham",
              "bowler": "SMSM Senanayake",
              "non_striker": "MJ Guptill",
              "runs": {
                "batter": 0,
                "extras": 0,
                "total": 0
              }
            },
            {
              "batter": "TWM Latham",
              "bowler": "SMSM Senanayake",
              "non_striker": "MJ Guptill",
              "runs": {
                "batter": 1,
                "extras": 0,
                "total": 1
              }
            }
          ]
        },
        {
          "over": 16,
          "deliveries": [
            {
              "batter": "TWM Latham",
              "bowler": "KTGD Prasad",
              "non_striker": "MJ Guptill",
              "runs": {
                "batter": 0,
                "extras": 0,
                "total": 0
              }
            },
            {
              "batter": "TWM Latham",
              "bowler": "KTGD Prasad",
              "non_striker": "MJ Guptill",
              "runs": {
                "batter": 1,
                "extras": 0,
                "total": 1
              }
            },
            {
              "batter": "MJ Guptill",
              "bowler": "KTGD Prasad",
              "non_striker": "TWM Latham",
              "runs": {
                "batter": 0,
                "extras": 0,
                "total": 0
              }
            },
            {
              "batter": "MJ Guptill",
              "bowler": "KTGD Prasad",
              "non_striker": "TWM Latham",
              "runs": {
                "batter": 1,
                "extras": 0,
                "total": 1
              }
            },
            {
              "batter": "TWM Latham",
              "bowler": "KTGD Prasad",
              "non_striker": "MJ Guptill",
              "runs": {
                "batter": 0,
                "extras": 0,
                "total": 0
              }
            },
            {
              "batter": "TWM Latham",
              "bowler": "KTGD Prasad",
              "non_striker": "MJ Guptill",
              "runs": {
                "batter": 1,
                "extras": 0,
                "total": 1
              }
            }
          ]
        },
        {
          "over": 17,
          "deliveries": [
            {
              "batter": "TWM Latham",
              "bowler": "SMSM Senanayake",
              "non_striker": "MJ Guptill",
              "runs": {
                "batter": 0,
                "extras": 0,
                "total": 0
              }
            },
            {
              "batter": "TWM Latham",
              "bowler": "SMSM Senanayake",
              "non_striker": "MJ Guptill",
              "runs": {
                "batter": 0,
                "extras": 0,
                "total": 0
              }
            },
            {
              "batter": "TWM Latham",
              "bowler": "SMSM Senanayake",
              "non_striker": "MJ Guptill",
              "runs": {
                "batter": 1,
                "extras": 0,
                "total": 1
              }
            },
            {
              "batter": "MJ Guptill",
              "bowler": "SMSM Senanayake",
              "non_striker": "TWM Latham",
              "runs": {
                "batter": 0,
                "extras": 0,
                "total": 0
              }
            },
            {
              "batter": "MJ Guptill",
              "bowler": "SMSM Senanayake",
              "non_striker": "TWM Latham",
              "runs": {
                "batter": 0,
                "extras": 0,
                "total": 0
              }
            },
            {
              "batter": "MJ Guptill",
              "bowler": "SMSM Senanayake",
              "non_striker": "TWM Latham",
              "runs": {
                "batter": 0,
                "extras": 0,
                "total": 0
              }
            }
          ]
        },
        {
          "over": 18,
          "deliveries": [
            {
              "batter": "TWM Latham",
              "bowler": "NLTC Perera",
              "non_striker": "MJ Guptill",
              "runs": {
                "batter": 1,
                "extras": 0,
                "total": 1
              }
            },
            {
              "batter": "MJ Guptill",
              "bowler": "NLTC Perera",
              "non_striker": "TWM Latham",
              "runs": {
                "batter": 0,
                "extras": 0,
                "total": 0
              }
            },
            {
              "batter": "MJ Guptill",
              "bowler": "NLTC Perera",
              "non_striker": "TWM Latham",
              "runs": {
                "batter": 1,
                "extras": 0,
                "total": 1
              }
            },
            {
              "batter": "TWM Latham",
              "bowler": "NLTC Perera",
              "non_striker": "MJ Guptill",
              "runs": {
                "batter": 0,
                "extras": 0,
                "total": 0
              }
            },
            {
              "batter": "TWM Latham",
              "bowler": "NLTC Perera",
              "non_striker": "MJ Guptill",
              "runs": {
                "batter": 0,
                "extras": 0,
                "total": 0
              }
            },
            {
              "batter": "TWM Latham",
              "bowler": "NLTC Perera",
              "non_striker": "MJ Guptill",
              "runs": {
                "batter": 1,
                "extras": 0,
                "total": 1
              }
            }
          ]
        },
        {
          "over": 19,
          "deliveries": [
            {
              "batter": "TWM Latham",
              "bowler": "SMSM Senanayake",
              "non_striker": "MJ Guptill",
              "runs": {
                "batter": 0,
                "extras": 0,
                "total": 0
              }
            },
            {
              "batter": "TWM Latham",
              "bowler": "SMSM Senanayake",
              "non_striker": "MJ Guptill",
              "runs": {
                "batter": 0,
                "extras": 0,
                "total": 0
              }
            },
            {
              "batter": "TWM Latham",
              "bowler": "SMSM Senanayake",
              "non_striker": "MJ Guptill",
              "runs": {
                "batter": 0,
                "extras": 0,
                "total": 0
              }
            },
            {
              "batter": "TWM Latham",
              "bowler": "SMSM Senanayake",
              "non_striker": "MJ Guptill",
              "runs": {
                "batter": 0,
                "extras": 0,
                "total": 0
              }
            },
            {
              "batter": "TWM Latham",
              "bowler": "SMSM Senanayake",
              "non_striker": "MJ Guptill",
              "runs": {
                "batter": 1,
                "extras": 0,
                "total": 1
              }
            },
            {
              "batter": "MJ Guptill",
              "bowler": "SMSM Senanayake",
              "non_striker": "TWM Latham",
              "runs": {
                "batter": 1,
                "extras": 0,
                "total": 1
              }
            }
          ]
        },
        {
          "over": 20,
          "deliveries": [
            {
              "batter": "MJ Guptill",
              "bowler": "NLTC Perera",
              "non_striker": "TWM Latham",
              "runs": {
                "batter": 0,
                "extras": 0,
                "total": 0
              }
            },
            {
              "batter": "MJ Guptill",
              "bowler": "NLTC Perera",
              "non_striker": "TWM Latham",
              "runs": {
                "batter": 6,
                "extras": 0,
                "total": 6
              }
            },
            {
              "batter": "MJ Guptill",
              "bowler": "NLTC Perera",
              "non_striker": "TWM Latham",
              "runs": {
                "batter": 1,
                "extras": 0,
                "total": 1
              }
            },
            {
              "batter": "TWM Latham",
              "bowler": "NLTC Perera",
              "non_striker": "MJ Guptill",
              "runs": {
                "batter": 1,
                "extras": 0,
                "total": 1
              }
            },
            {
              "batter": "MJ Guptill",
              "bowler": "NLTC Perera",
              "non_striker": "TWM Latham",
              "runs": {
                "batter": 1,
                "extras": 0,
                "total": 1
              }
            },
            {
              "batter": "TWM Latham",
              "bowler": "NLTC Perera",
              "non_striker": "MJ Guptill",
              "runs": {
                "batter": 1,
                "extras": 0,
                "total": 1
              }
            }
          ]
        },
        {
          "over": 21,
          "deliveries": [
            {
              "batter": "TWM Latham",
              "bowler": "SMSM Senanayake",
              "non_striker": "MJ Guptill",
              "runs": {
                "batter": 1,
                "extras": 0,
                "total": 1
              }
            },
            {
              "batter": "MJ Guptill",
              "bowler": "SMSM Senanayake",
              "non_striker": "TWM Latham",
              "runs": {
                "batter": 0,
                "extras": 0,
                "total": 0
              }
            },
            {
              "batter": "MJ Guptill",
              "bowler": "SMSM Senanayake",
              "non_striker": "TWM Latham",
              "runs": {
                "batter": 0,
                "extras": 0,
                "total": 0
              }
            },
            {
              "batter": "MJ Guptill",
              "bowler": "SMSM Senanayake",
              "non_striker": "TWM Latham",
              "runs": {
                "batter": 1,
                "extras": 0,
                "total": 1
              }
            },
            {
              "batter": "TWM Latham",
              "bowler": "SMSM Senanayake",
              "non_striker": "MJ Guptill",
              "runs": {
                "batter": 1,
                "extras": 0,
                "total": 1
              }
            },
            {
              "batter": "MJ Guptill",
              "bowler": "SMSM Senanayake",
              "non_striker": "TWM Latham",
              "runs": {
                "batter": 0,
                "extras": 0,
                "total": 0
              }
            }
          ]
        },
        {
          "over": 22,
          "deliveries": [
            {
              "batter": "TWM Latham",
              "bowler": "NLTC Perera",
              "non_striker": "MJ Guptill",
              "runs": {
                "batter": 1,
                "extras": 0,
                "total": 1
              }
            },
            {
              "batter": "MJ Guptill",
              "bowler": "NLTC Perera",
              "non_striker": "TWM Latham",
              "runs": {
                "batter": 2,
                "extras": 0,
                "total": 2
              }
            },
            {
              "batter": "MJ Guptill",
              "bowler": "NLTC Perera",
              "non_striker": "TWM Latham",
              "runs": {
                "batter": 6,
                "extras": 0,
                "total": 6
              }
            },
            {
              "batter": "MJ Guptill",
              "bowler": "NLTC Perera",
              "non_striker": "TWM Latham",
              "runs": {
                "batter": 1,
                "extras": 0,
                "total": 1
              }
            },
            {
              "batter": "TWM Latham",
              "bowler": "NLTC Perera",
              "non_striker": "MJ Guptill",
              "runs": {
                "batter": 1,
                "extras": 0,
                "total": 1
              }
            },
            {
              "batter": "MJ Guptill",
              "bowler": "NLTC Perera",
              "non_striker": "TWM Latham",
              "runs": {
                "batter": 0,
                "extras": 0,
                "total": 0
              }
            }
          ]
        },
        {
          "over": 23,
          "deliveries": [
            {
              "batter": "TWM Latham",
              "bowler": "SMSM Senanayake",
              "non_striker": "MJ Guptill",
              "runs": {
                "batter": 4,
                "extras": 0,
                "total": 4
              }
            },
            {
              "batter": "TWM Latham",
              "bowler": "SMSM Senanayake",
              "non_striker": "MJ Guptill",
              "runs": {
                "batter": 1,
                "extras": 0,
                "total": 1
              }
            },
            {
              "batter": "MJ Guptill",
              "bowler": "SMSM Senanayake",
              "non_striker": "TWM Latham",
              "runs": {
                "batter": 0,
                "extras": 0,
                "total": 0
              }
            },
            {
              "batter": "MJ Guptill",
              "bowler": "SMSM Senanayake",
              "non_striker": "TWM Latham",
              "runs": {
                "batter": 4,
                "extras": 0,
                "total": 4
              }
            },
            {
              "batter": "MJ Guptill",
              "bowler": "SMSM Senanayake",
              "extras": {
                "wides": 1
              },
              "non_striker": "TWM Latham",
              "runs": {
                "batter": 0,
                "extras": 1,
                "total": 1
              }
            },
            {
              "batter": "MJ Guptill",
              "bowler": "SMSM Senanayake",
              "non_striker": "TWM Latham",
              "runs": {
                "batter": 1,
                "extras": 0,
                "total": 1
              }
            },
            {
              "batter": "TWM Latham",
              "bowler": "SMSM Senanayake",
              "non_striker": "MJ Guptill",
              "runs": {
                "batter": 0,
                "extras": 0,
                "total": 0
              }
            }
          ]
        },
        {
          "over": 24,
          "deliveries": [
            {
              "batter": "MJ Guptill",
              "bowler": "AD Mathews",
              "non_striker": "TWM Latham",
              "runs": {
                "batter": 0,
                "extras": 0,
                "total": 0
              }
            },
            {
              "batter": "MJ Guptill",
              "bowler": "AD Mathews",
              "non_striker": "TWM Latham",
              "runs": {
                "batter": 1,
                "extras": 0,
                "total": 1
              }
            },
            {
              "batter": "TWM Latham",
              "bowler": "AD Mathews",
              "non_striker": "MJ Guptill",
              "runs": {
                "batter": 1,
                "extras": 0,
                "total": 1
              }
            },
            {
              "batter": "MJ Guptill",
              "bowler": "AD Mathews",
              "non_striker": "TWM Latham",
              "runs": {
                "batter": 0,
                "extras": 0,
                "total": 0
              }
            },
            {
              "batter": "MJ Guptill",
              "bowler": "AD Mathews",
              "non_striker": "TWM Latham",
              "runs": {
                "batter": 1,
                "extras": 0,
                "total": 1
              }
            },
            {
              "batter": "TWM Latham",
              "bowler": "AD Mathews",
              "non_striker": "MJ Guptill",
              "runs": {
                "batter": 0,
                "extras": 0,
                "total": 0
              }
            }
          ]
        },
        {
          "over": 25,
          "deliveries": [
            {
              "batter": "MJ Guptill",
              "bowler": "SMSM Senanayake",
              "non_striker": "TWM Latham",
              "runs": {
                "batter": 1,
                "extras": 0,
                "total": 1
              }
            },
            {
              "batter": "TWM Latham",
              "bowler": "SMSM Senanayake",
              "non_striker": "MJ Guptill",
              "runs": {
                "batter": 0,
                "extras": 0,
                "total": 0
              }
            },
            {
              "batter": "TWM Latham",
              "bowler": "SMSM Senanayake",
              "non_striker": "MJ Guptill",
              "runs": {
                "batter": 1,
                "extras": 0,
                "total": 1
              }
            },
            {
              "batter": "MJ Guptill",
              "bowler": "SMSM Senanayake",
              "non_striker": "TWM Latham",
              "runs": {
                "batter": 1,
                "extras": 0,
                "total": 1
              }
            },
            {
              "batter": "TWM Latham",
              "bowler": "SMSM Senanayake",
              "non_striker": "MJ Guptill",
              "runs": {
                "batter": 0,
                "extras": 0,
                "total": 0
              }
            },
            {
              "batter": "TWM Latham",
              "bowler": "SMSM Senanayake",
              "non_striker": "MJ Guptill",
              "runs": {
                "batter": 1,
                "extras": 0,
                "total": 1
              }
            }
          ]
        },
        {
          "over": 26,
          "deliveries": [
            {
              "batter": "TWM Latham",
              "bowler": "AD Mathews",
              "non_striker": "MJ Guptill",
              "runs": {
                "batter": 0,
                "extras": 0,
                "total": 0
              }
            },
            {
              "batter": "TWM Latham",
              "bowler": "AD Mathews",
              "non_striker": "MJ Guptill",
              "runs": {
                "batter": 0,
                "extras": 0,
                "total": 0
              }
            },
            {
              "batter": "TWM Latham",
              "bowler": "AD Mathews",
              "non_striker": "MJ Guptill",
              "runs": {
                "batter": 4,
                "extras": 0,
                "total": 4
              }
            },
            {
              "batter": "TWM Latham",
              "bowler": "AD Mathews",
              "non_striker": "MJ Guptill",
              "runs": {
                "batter": 0,
                "extras": 0,
                "total": 0
              }
            },
            {
              "batter": "TWM Latham",
              "bowler": "AD Mathews",
              "non_striker": "MJ Guptill",
              "runs": {
                "batter": 0,
                "extras": 0,
                "total": 0
              },
              "wickets": [
                {
                  "kind": "bowled",
                  "player_out": "TWM Latham"
                }
              ]
            },
            {
              "batter": "LRPL Taylor",
              "bowler": "AD Mathews",
              "non_striker": "MJ Guptill",
              "runs": {
                "batter": 0,
                "extras": 0,
                "total": 0
              }
            }
          ]
        },
        {
          "over": 27,
          "deliveries": [
            {
              "batter": "MJ Guptill",
              "bowler": "SMSM Senanayake",
              "non_striker": "LRPL Taylor",
              "runs": {
                "batter": 1,
                "extras": 0,
                "total": 1
              }
            },
            {
              "batter": "LRPL Taylor",
              "bowler": "SMSM Senanayake",
              "non_striker": "MJ Guptill",
              "runs": {
                "batter": 0,
                "extras": 0,
                "total": 0
              }
            },
            {
              "batter": "LRPL Taylor",
              "bowler": "SMSM Senanayake",
              "non_striker": "MJ Guptill",
              "runs": {
                "batter": 1,
                "extras": 0,
                "total": 1
              }
            },
            {
              "batter": "MJ Guptill",
              "bowler": "SMSM Senanayake",
              "non_striker": "LRPL Taylor",
              "runs": {
                "batter": 1,
                "extras": 0,
                "total": 1
              }
            },
            {
              "batter": "LRPL Taylor",
              "bowler": "SMSM Senanayake",
              "non_striker": "MJ Guptill",
              "runs": {
                "batter": 1,
                "extras": 0,
                "total": 1
              }
            },
            {
              "batter": "MJ Guptill",
              "bowler": "SMSM Senanayake",
              "non_striker": "LRPL Taylor",
              "runs": {
                "batter": 0,
                "extras": 0,
                "total": 0
              }
            }
          ]
        },
        {
          "over": 28,
          "deliveries": [
            {
              "batter": "LRPL Taylor",
              "bowler": "AD Mathews",
              "non_striker": "MJ Guptill",
              "runs": {
                "batter": 0,
                "extras": 0,
                "total": 0
              }
            },
            {
              "batter": "LRPL Taylor",
              "bowler": "AD Mathews",
              "non_striker": "MJ Guptill",
              "runs": {
                "batter": 0,
                "extras": 0,
                "total": 0
              }
            },
            {
              "batter": "LRPL Taylor",
              "bowler": "AD Mathews",
              "non_striker": "MJ Guptill",
              "runs": {
                "batter": 1,
                "extras": 0,
                "total": 1
              }
            },
            {
              "batter": "MJ Guptill",
              "bowler": "AD Mathews",
              "non_striker": "LRPL Taylor",
              "runs": {
                "batter": 1,
                "extras": 0,
                "total": 1
              }
            },
            {
              "batter": "LRPL Taylor",
              "bowler": "AD Mathews",
              "non_striker": "MJ Guptill",
              "review": {
                "by": "New Zealand",
                "umpire": "NJ Llong",
                "batter": "LRPL Taylor",
                "decision": "struck down"
              },
              "runs": {
                "batter": 0,
                "extras": 0,
                "total": 0
              },
              "wickets": [
                {
                  "kind": "lbw",
                  "player_out": "LRPL Taylor"
                }
              ]
            }
          ]
        }
      ],
      "powerplays": [
        {
          "from": 0.1,
          "to": 9.6,
          "type": "mandatory"
        }
      ]
    }
  ]
}