{
  "meta": {
    "data_version": "1.0.0",
    "created": "2015-05-08",
    "revision": 1
  },
  "info": {
    "balls_per_over": 6,
    "city": "Dublin",
    "dates": [
      "2015-05-08"
    ],
    "gender": "male",
    "match_type": "ODI",
    "match_type_number": 3650,
    "officials": {
      "match_referees": [
        "DT Jukes"
      ],
      "reserve_umpires": [
        "R Black"
      ],
      "umpires": [
        "M Hawthorne",
        "IN Ramage"
      ]
    },
    "outcome": {
      "result": "no result"
    },
    "overs": 50,
    "players": {
      "England": [
        "JWA Taylor",
        "ZS Ansari",
        "JM Bairstow",
        "TT Bresnan",
        "ST Finn",
        "AD Hales",
        "AU Rashid",
        "JJ Roy",
        "JM Vince",
        "DJ Willey",
        "MA Wood"
      ],
      "Ireland": [
        "WTS Porterfield",
        "PR Stirling",
        "EC Joyce",
        "NJ O'Brien",
        "A Balbirnie",
        "GC Wilson",
        "KJ O'Brien",
        "GH Dockrell",
        "AR Cusack",
        "JF Mooney",
        "CA Young"
      ]
    },
    "registry": {
      "people": {
        "A Balbirnie": "6ef13460",
        "AD Hales": "92aeac25",
        "AR Cusack": "568e5a4a",
        "AU Rashid": "249d60c9",
        "CA Young": "bd0a4a7d",
        "DJ Willey": "7f048519",
        "DT Jukes": "7c215d14",
        "EC Joyce": "a48fc79d",
        "GC Wilson": "05de1a5a",
        "GH Dockrell": "99cddc5e",
        "IN Ramage": "33cb7803",
        "JF Mooney": "aae9ce90",
        "JJ Roy": "d1c36f5c",
        "JM Bairstow": "abb83e27",
        "JM Vince": "a15618fe",
        "JWA Taylor": "c374f37f",
        "KJ O'Brien": "243431b5",
        "M Hawthorne": "ea123ee4",
        "MA Wood": "8d92a2c3",
        "NJ O'Brien": "84826f48",
        "PR Stirling": "cf494ffe",
        "R Black": "156c8fb1",
        "ST Finn": "ccdd8308",
        "TT Bresnan": "58043739",
        "WTS Porterfield": "ec02b798",
        "ZS Ansari": "7b1e20ea"
      }
    },
    "season": 2015,
    "team_type": "international",
    "teams": [
      "Ireland",
      "England"
    ],
    "toss": {
      "decision": "field",
      "winner": "England"
    },
    "venue": "The Village, Malahide"
  },
  "innings": [
    {
      "team": "Ireland",
      "overs": [
        {
          "over": 0,
          "deliveries": [
            {
              "batter": "WTS Porterfield",
              "bowler": "MA Wood",
              "extras": {
                "wides": 1
              },
              "non_striker": "PR Stirling",
              "runs": {
                "batter": 0,
                "extras": 1,
                "total": 1
              }
            },
            {
              "batter": "WTS Porterfield",
              "bowler": "MA Wood",
              "non_striker": "PR Stirling",
              "runs": {
                "batter": 0,
                "extras": 0,
                "total": 0
              }
            },
            {
              "batter": "WTS Porterfield",
              "bowler": "MA Wood",
              "non_striker": "PR Stirling",
              "runs": {
                "batter": 1,
                "extras": 0,
                "total": 1
              }
            },
            {
              "batter": "PR Stirling",
              "bowler": "MA Wood",
              "non_striker": "WTS Porterfield",
              "runs": {
                "batter": 0,
                "extras": 0,
                "total": 0
              }
            },
            {
              "batter": "PR Stirling",
              "bowler": "MA Wood",
              "non_striker": "WTS Porterfield",
              "runs": {
                "batter": 0,
                "extras": 0,
                "total": 0
              }
            },
            {
              "batter": "PR Stirling",
              "bowler": "MA Wood",
              "non_striker": "WTS Porterfield",
              "runs": {
                "batter": 2,
                "extras": 0,
                "total": 2
              }
            },
            {
              "batter": "PR Stirling",
              "bowler": "MA Wood",
              "non_striker": "WTS Porterfield",
              "runs": {
                "batter": 0,
                "extras": 0,
                "total": 0
              }
            }
          ]
        },
        {
          "over": 1,
          "deliveries": [
            {
              "batter": "WTS Porterfield",
              "bowler": "TT Bresnan",
              "non_striker": "PR Stirling",
              "runs": {
                "batter": 0,
                "extras": 0,
                "total": 0
              }
            },
            {
              "batter": "WTS Porterfield",
              "bowler": "TT Bresnan",
              "non_striker": "PR Stirling",
              "runs": {
                "batter": 0,
                "extras": 0,
                "total": 0
              }
            },
            {
              "batter": "WTS Porterfield",
              "bowler": "TT Bresnan",
              "non_striker": "PR Stirling",
              "runs": {
                "batter": 0,
                "extras": 0,
                "total": 0
              }
            },
            {
              "batter": "WTS Porterfield",
              "bowler": "TT Bresnan",
              "non_striker": "PR Stirling",
              "runs": {
                "batter": 0,
                "extras": 0,
                "total": 0
              }
            },
            {
              "batter": "WTS Porterfield",
              "bowler": "TT Bresnan",
              "non_striker": "PR Stirling",
              "runs": {
                "batter": 0,
                "extras": 0,
                "total": 0
              }
            },
            {
              "batter": "WTS Porterfield",
              "bowler": "TT Bresnan",
              "non_striker": "PR Stirling",
              "runs": {
                "batter": 1,
                "extras": 0,
                "total": 1
              }
            }
          ]
        },
        {
          "over": 2,
          "deliveries": [
            {
              "batter": "WTS Porterfield",
              "bowler": "MA Wood",
              "non_striker": "PR Stirling",
              "runs": {
                "batter": 0,
                "extras": 0,
                "total": 0
              }
            },
            {
              "batter": "WTS Porterfield",
              "bowler": "MA Wood",
              "non_striker": "PR Stirling",
              "runs": {
                "batter": 0,
                "extras": 0,
                "total": 0
              }
            },
            {
              "batter": "WTS Porterfield",
              "bowler": "MA Wood",
              "non_striker": "PR Stirling",
              "runs": {
                "batter": 0,
                "extras": 0,
                "total": 0
              }
            },
            {
              "batter": "WTS Porterfield",
              "bowler": "MA Wood",
              "extras": {
                "wides": 1
              },
              "non_striker": "PR Stirling",
              "runs": {
                "batter": 0,
                "extras": 1,
                "total": 1
              }
            },
            {
              "batter": "WTS Porterfield",
              "bowler": "MA Wood",
              "non_striker": "PR Stirling",
              "runs": {
                "batter": 0,
                "extras": 0,
                "total": 0
              }
            },
            {
              "batter": "WTS Porterfield",
              "bowler": "MA Wood",
              "non_striker": "PR Stirling",
              "runs": {
                "batter": 0,
                "extras": 0,
                "total": 0
              }
            },
            {
              "batter": "WTS Porterfield",
              "bowler": "MA Wood",
              "non_striker": "PR Stirling",
              "runs": {
                "batter": 0,
                "extras": 0,
                "total": 0
              }
            }
          ]
        },
        {
          "over": 3,
          "deliveries": [
            {
              "batter": "PR Stirling",
              "bowler": "TT Bresnan",
              "non_striker": "WTS Porterfield",
              "runs": {
                "batter": 0,
                "extras": 0,
                "total": 0
              },
              "wickets": [
                {
                  "kind": "run out",
                  "player_out": "PR Stirling",
                  "fielders": [
                    {
                      "name": "JM Bairstow"
                    }
                  ]
                }
              ]
            },
            {
              "batter": "WTS Porterfield",
              "bowler": "TT Bresnan",
              "non_striker": "EC Joyce",
              "runs": {
                "batter": 0,
                "extras": 0,
                "total": 0
              }
            },
            {
              "batter": "WTS Porterfield",
              "bowler": "TT Bresnan",
              "extras": {
                "legbyes": 1
              },
              "non_striker": "EC Joyce",
              "runs": {
                "batter": 0,
                "extras": 1,
                "total": 1
              }
            },
            {
              "batter": "EC Joyce",
              "bowler": "TT Bresnan",
              "non_striker": "WTS Porterfield",
              "runs": {
                "batter": 0,
                "extras": 0,
                "total": 0
              }
            },
            {
              "batter": "EC Joyce",
              "bowler": "TT Bresnan",
              "non_striker": "WTS Porterfield",
              "runs": {
                "batter": 0,
                "extras": 0,
                "total": 0
              }
            },
            {
              "batter": "EC Joyce",
              "bowler": "TT Bresnan",
              "non_striker": "WTS Porterfield",
              "runs": {
                "batter": 0,
                "extras": 0,
                "total": 0
              }
            }
          ]
        },
        {
          "over": 4,
          "deliveries": [
            {
              "batter": "WTS Porterfield",
              "bowler": "MA Wood",
              "extras": {
                "legbyes": 1
              },
              "non_striker": "EC Joyce",
              "runs": {
                "batter": 0,
                "extras": 1,
                "total": 1
              }
            },
            {
              "batter": "EC Joyce",
              "bowler": "MA Wood",
              "extras": {
                "noballs": 1
              },
              "non_striker": "WTS Porterfield",
              "runs": {
                "batter": 1,
                "extras": 1,
                "total": 2
              }
            },
            {
              "batter": "WTS Porterfield",
              "bowler": "MA Wood",
              "non_striker": "EC Joyce",
              "runs": {
                "batter": 4,
                "extras": 0,
                "total": 4
              }
            },
            {
              "batter": "WTS Porterfield",
              "bowler": "MA Wood",
              "extras": {
                "wides": 1
              },
              "non_striker": "EC Joyce",
              "runs": {
                "batter": 0,
                "extras": 1,
                "total": 1
              }
            },
            {
              "batter": "WTS Porterfield",
              "bowler": "MA Wood",
              "non_striker": "EC Joyce",
              "runs": {
                "batter": 1,
                "extras": 0,
                "total": 1
              }
            },
            {
              "batter": "EC Joyce",
              "bowler": "MA Wood",
              "non_striker": "WTS Porterfield",
              "runs": {
                "batter": 0,
                "extras": 0,
                "total": 0
              }
            },
            {
              "batter": "EC Joyce",
              "bowler": "MA Wood",
              "non_striker": "WTS Porterfield",
              "runs": {
                "batter": 1,
                "extras": 0,
                "total": 1
              }
            },
            {
              "batter": "WTS Porterfield",
              "bowler": "MA Wood",
              "non_striker": "EC Joyce",
              "runs": {
                "batter": 0,
                "extras": 0,
                "total": 0
              }
            }
          ]
        },
        {
          "over": 5,
          "deliveries": [
            {
              "batter": "EC Joyce",
              "bowler": "TT Bresnan",
              "non_striker": "WTS Porterfield",
              "runs": {
                "batter": 0,
                "extras": 0,
                "total": 0
              }
            },
            {
              "batter": "EC Joyce",
              "bowler": "TT Bresnan",
              "non_striker": "WTS Porterfield",
              "runs": {
                "batter": 0,
                "extras": 0,
                "total": 0
              }
            },
            {
              "batter": "EC Joyce",
              "bowler": "TT Bresnan",
              "non_striker": "WTS Porterfield",
              "runs": {
                "batter": 4,
                "extras": 0,
                "total": 4
              }
            },
            {
              "batter": "EC Joyce",
              "bowler": "TT Bresnan",
              "non_striker": "WTS Porterfield",
              "runs": {
                "batter": 1,
                "extras": 0,
                "total": 1
              }
            },
            {
              "batter": "WTS Porterfield",
              "bowler": "TT Bresnan",
              "non_striker": "EC Joyce",
              "runs": {
                "batter": 0,
                "extras": 0,
                "total": 0
              }
            },
            {
              "batter": "WTS Porterfield",
              "bowler": "TT Bresnan",
              "non_striker": "EC Joyce",
              "runs": {
                "batter": 0,
                "extras": 0,
                "total": 0
              }
            }
          ]
        },
        {
          "over": 6,
          "deliveries": [
            {
              "batter": "EC Joyce",
              "bowler": "MA Wood",
              "non_striker": "WTS Porterfield",
              "runs": {
                "batter": 1,
                "extras": 0,
                "total": 1
              }
            },
            {
              "batter": "WTS Porterfield",
              "bowler": "MA Wood",
              "non_striker": "EC Joyce",
              "runs": {
                "batter": 0,
                "extras": 0,
                "total": 0
              }
            },
            {
              "batter": "WTS Porterfield",
              "bowler": "MA Wood",
              "non_striker": "EC Joyce",
              "runs": {
                "batter": 0,
                "extras": 0,
                "total": 0
              }
            },
            {
              "batter": "WTS Porterfield",
              "bowler": "MA Wood",
              "non_striker": "EC Joyce",
              "runs": {
                "batter": 0,
                "extras": 0,
                "total": 0
              }
            },
            {
              "batter": "WTS Porterfield",
              "bowler": "MA Wood",
              "non_striker": "EC Joyce",
              "runs": {
                "batter": 0,
                "extras": 0,
                "total": 0
              }
            },
            {
              "batter": "WTS Porterfield",
              "bowler": "MA Wood",
              "non_striker": "EC Joyce",
              "runs": {
                "batter": 0,
                "extras": 0,
                "total": 0
              },
              "wickets": [
                {
                  "kind": "bowled",
                  "player_out": "WTS Porterfield"
                }
              ]
            }
          ]
        },
        {
          "over": 7,
          "deliveries": [
            {
              "batter": "EC Joyce",
              "bowler": "TT Bresnan",
              "non_striker": "NJ O'Brien",
              "runs": {
                "batter": 0,
                "extras": 0,
                "total": 0
              }
            },
            {
              "batter": "EC Joyce",
              "bowler": "TT Bresnan",
              "non_striker": "NJ O'Brien",
              "runs": {
                "batter": 0,
                "extras": 0,
                "total": 0
              }
            },
            {
              "batter": "EC Joyce",
              "bowler": "TT Bresnan",
              "non_striker": "NJ O'Brien",
              "runs": {
                "batter": 0,
                "extras": 0,
                "total": 0
              }
            },
            {
              "batter": "EC Joyce",
              "bowler": "TT Bresnan",
              "non_striker": "NJ O'Brien",
              "runs": {
                "batter": 0,
                "extras": 0,
                "total": 0
              }
            },
            {
              "batter": "EC Joyce",
              "bowler": "TT Bresnan",
              "non_striker": "NJ O'Brien",
              "runs": {
                "batter": 0,
                "extras": 0,
                "total": 0
              }
            },
            {
              "batter": "EC Joyce",
              "bowler": "TT Bresnan",
              "non_striker": "NJ O'Brien",
              "runs": {
                "batter": 0,
                "extras": 0,
                "total": 0
              }
            }
          ]
        },
        {
          "over": 8,
          "deliveries": [
            {
              "batter": "NJ O'Brien",
              "bowler": "MA Wood",
              "non_striker": "EC Joyce",
              "runs": {
                "batter": 0,
                "extras": 0,
                "total": 0
              }
            },
            {
              "batter": "NJ O'Brien",
              "bowler": "MA Wood",
              "non_striker": "EC Joyce",
              "runs": {
                "batter": 4,
                "extras": 0,
                "total": 4
              }
            },
            {
              "batter": "NJ O'Brien",
              "bowler": "MA Wood",
              "non_striker": "EC Joyce",
              "runs": {
                "batter": 0,
                "extras": 0,
                "total": 0
              }
            },
            {
              "batter": "NJ O'Brien",
              "bowler": "MA Wood",
              "non_striker": "EC Joyce",
              "runs": {
                "batter": 1,
                "extras": 0,
                "total": 1
              }
            },
            {
              "batter": "EC Joyce",
              "bowler": "MA Wood",
              "non_striker": "NJ O'Brien",
              "runs": {
                "batter": 1,
                "extras": 0,
                "total": 1
              }
            },
            {
              "batter": "NJ O'Brien",
              "bowler": "MA Wood",
              "non_striker": "EC Joyce",
              "runs": {
                "batter": 4,
                "extras": 0,
                "total": 4
              }
            }
          ]
        },
        {
          "over": 9,
          "deliveries": [
            {
              "batter": "EC Joyce",
              "bowler": "TT Bresnan",
              "non_striker": "NJ O'Brien",
              "runs": {
                "batter": 0,
                "extras": 0,
                "total": 0
              }
            },
            {
              "batter": "EC Joyce",
              "bowler": "TT Bresnan",
              "non_striker": "NJ O'Brien",
              "runs": {
                "batter": 2,
                "extras": 0,
                "total": 2
              }
            },
            {
              "batter": "EC Joyce",
              "bowler": "TT Bresnan",
              "non_striker": "NJ O'Brien",
              "runs": {
                "batter": 2,
                "extras": 0,
                "total": 2
              }
            },
            {
              "batter": "EC Joyce",
              "bowler": "TT Bresnan",
              "non_striker": "NJ O'Brien",
              "runs": {
                "batter": 0,
                "extras": 0,
                "total": 0
              }
            },
            {
              "batter": "EC Joyce",
              "bowler": "TT Bresnan",
              "non_striker": "NJ O'Brien",
              "runs": {
                "batter": 0,
                "extras": 0,
                "total": 0
              }
            },
            {
              "batter": "EC Joyce",
              "bowler": "TT Bresnan",
              "non_striker": "NJ O'Brien",
              "runs": {
                "batter": 0,
                "extras": 0,
                "total": 0
              }
            }
          ]
        },
        {
          "over": 10,
          "deliveries": [
            {
              "batter": "NJ O'Brien",
              "bowler": "DJ Willey",
              "non_striker": "EC Joyce",
              "runs": {
                "batter": 0,
                "extras": 0,
                "total": 0
              }
            },
            {
              "batter": "NJ O'Brien",
              "bowler": "DJ Willey",
              "non_striker": "EC Joyce",
              "runs": {
                "batter": 1,
                "extras": 0,
                "total": 1
              }
            },
            {
              "batter": "EC Joyce",
              "bowler": "DJ Willey",
              "non_striker": "NJ O'Brien",
              "runs": {
                "batter": 0,
                "extras": 0,
                "total": 0
              }
            },
            {
              "batter": "EC Joyce",
              "bowler": "DJ Willey",
              "non_striker": "NJ O'Brien",
              "runs": {
                "batter": 4,
                "extras": 0,
                "total": 4
              }
            },
            {
              "batter": "EC Joyce",
              "bowler": "DJ Willey",
              "non_striker": "NJ O'Brien",
              "runs": {
                "batter": 0,
                "extras": 0,
                "total": 0
              }
            },
            {
              "batter": "EC Joyce",
              "bowler": "DJ Willey",
              "non_striker": "NJ O'Brien",
              "runs": {
                "batter": 1,
                "extras": 0,
                "total": 1
              }
            }
          ]
        },
        {
          "over": 11,
          "deliveries": [
            {
              "batter": "EC Joyce",
              "bowler": "TT Bresnan",
              "non_striker": "NJ O'Brien",
              "runs": {
                "batter": 0,
                "extras": 0,
                "total": 0
              }
            },
            {
              "batter": "EC Joyce",
              "bowler": "TT Bresnan",
              "non_striker": "NJ O'Brien",
              "runs": {
                "batter": 1,
                "extras": 0,
                "total": 1
              }
            },
            {
              "batter": "NJ O'Brien",
              "bowler": "TT Bresnan",
              "non_striker": "EC Joyce",
              "runs": {
                "batter": 0,
                "extras": 0,
                "total": 0
              },
              "wickets": [
                {
                  "kind": "caught",
                  "player_out": "NJ O'Brien",
                  "fielders": [
                    {
                      "name": "JM Vince"
                    }
                  ]
                }
              ]
            },
            {
              "batter": "A Balbirnie",
              "bowler": "TT Bresnan",
              "non_striker": "EC Joyce",
              "runs": {
                "batter": 0,
                "extras": 0,
                "total": 0
              }
            },
            {
              "batter": "A Balbirnie",
              "bowler": "TT Bresnan",
              "non_striker": "EC Joyce",
              "runs": {
                "batter": 0,
                "extras": 0,
                "total": 0
              }
            },
            {
              "batter": "A Balbirnie",
              "bowler": "TT Bresnan",
              "non_striker": "EC Joyce",
              "runs": {
                "batter": 0,
                "extras": 0,
                "total": 0
              }
            }
          ]
        },
        {
          "over": 12,
          "deliveries": [
            {
              "batter": "EC Joyce",
              "bowler": "DJ Willey",
              "non_striker": "A Balbirnie",
              "runs": {
                "batter": 0,
                "extras": 0,
                "total": 0
              }
            },
            {
              "batter": "EC Joyce",
              "bowler": "DJ Willey",
              "non_striker": "A Balbirnie",
              "runs": {
                "batter": 0,
                "extras": 0,
                "total": 0
              }
            },
            {
              "batter": "EC Joyce",
              "bowler": "DJ Willey",
              "non_striker": "A Balbirnie",
              "runs": {
                "batter": 0,
                "extras": 0,
                "total": 0
              }
            },
            {
              "batter": "EC Joyce",
              "bowler": "DJ Willey",
              "non_striker": "A Balbirnie",
              "runs": {
                "batter": 0,
                "extras": 0,
                "total": 0
              }
            },
            {
              "batter": "EC Joyce",
              "bowler": "DJ Willey",
              "non_striker": "A Balbirnie",
              "runs": {
                "batter": 0,
                "extras": 0,
                "total": 0
              }
            },
            {
              "batter": "EC Joyce",
              "bowler": "DJ Willey",
              "non_striker": "A Balbirnie",
              "runs": {
                "batter": 0,
                "extras": 0,
                "total": 0
              }
            }
          ]
        },
        {
          "over": 13,
          "deliveries": [
            {
              "batter": "A Balbirnie",
              "bowler": "ST Finn",
              "non_striker": "EC Joyce",
              "runs": {
                "batter": 0,
                "extras": 0,
                "total": 0
              }
            },
            {
              "batter": "A Balbirnie",
              "bowler": "ST Finn",
              "non_striker": "EC Joyce",
              "runs": {
                "batter": 0,
                "extras": 0,
                "total": 0
              }
            },
            {
              "batter": "A Balbirnie",
              "bowler": "ST Finn",
              "non_striker": "EC Joyce",
              "runs": {
                "batter": 0,
                "extras": 0,
                "total": 0
              }
            },
            {
              "batter": "A Balbirnie",
              "bowler": "ST Finn",
              "non_striker": "EC Joyce",
              "runs": {
                "batter": 0,
                "extras": 0,
                "total": 0
              }
            },
            {
              "batter": "A Balbirnie",
              "bowler": "ST Finn",
              "non_striker": "EC Joyce",
              "runs": {
                "batter": 0,
                "extras": 0,
                "total": 0
              }
            },
            {
              "batter": "A Balbirnie",
              "bowler": "ST Finn",
              "non_striker": "EC Joyce",
              "runs": {
                "batter": 0,
                "extras": 0,
                "total": 0
              }
            }
          ]
        },
        {
          "over": 14,
          "deliveries": [
            {
              "batter": "EC Joyce",
              "bowler": "DJ Willey",
              "non_striker": "A Balbirnie",
              "runs": {
                "batter": 1,
                "extras": 0,
                "total": 1
              }
            },
            {
              "batter": "A Balbirnie",
              "bowler": "DJ Willey",
              "non_striker": "EC Joyce",
              "runs": {
                "batter": 0,
                "extras": 0,
                "total": 0
              }
            },
            {
              "batter": "A Balbirnie",
              "bowler": "DJ Willey",
              "non_striker": "EC Joyce",
              "runs": {
                "batter": 0,
                "extras": 0,
                "total": 0
              }
            },
            {
              "batter": "A Balbirnie",
              "bowler": "DJ Willey",
              "non_striker": "EC Joyce",
              "runs": {
                "batter": 1,
                "extras": 0,
                "total": 1
              }
            },
            {
              "batter": "EC Joyce",
              "bowler": "DJ Willey",
              "non_striker": "A Balbirnie",
              "runs": {
                "batter": 0,
                "extras": 0,
                "total": 0
              }
            },
            {
              "batter": "EC Joyce",
              "bowler": "DJ Willey",
              "non_striker": "A Balbirnie",
              "runs": {
                "batter": 1,
                "extras": 0,
                "total": 1
              }
            }
          ]
        },
        {
          "over": 15,
          "deliveries": [
            {
              "batter": "EC Joyce",
              "bowler": "ST Finn",
              "non_striker": "A Balbirnie",
              "runs": {
                "batter": 1,
                "extras": 0,
                "total": 1
              }
            },
            {
              "batter": "A Balbirnie",
              "bowler": "ST Finn",
              "non_striker": "EC Joyce",
              "runs": {
                "batter": 0,
                "extras": 0,
                "total": 0
              }
            },
            {
              "batter": "A Balbirnie",
              "bowler": "ST Finn",
              "non_striker": "EC Joyce",
              "runs": {
                "batter": 0,
                "extras": 0,
                "total": 0
              }
            },
            {
              "batter": "A Balbirnie",
              "bowler": "ST Finn",
              "non_striker": "EC Joyce",
              "runs": {
                "batter": 0,
                "extras": 0,
                "total": 0
              }
            },
            {
              "batter": "A Balbirnie",
              "bowler": "ST Finn",
              "non_striker": "EC Joyce",
              "runs": {
                "batter": 0,
                "extras": 0,
                "total": 0
              }
            },
            {
              "batter": "A Balbirnie",
              "bowler": "ST Finn",
              "non_striker": "EC Joyce",
              "runs": {
                "batter": 0,
                "extras": 0,
                "total": 0
              }
            }
          ]
        },
        {
          "over": 16,
          "deliveries": [
            {
              "batter": "EC Joyce",
              "bowler": "DJ Willey",
              "non_striker": "A Balbirnie",
              "runs": {
                "batter": 0,
                "extras": 0,
                "total": 0
              }
            },
            {
              "batter": "EC Joyce",
              "bowler": "DJ Willey",
              "non_striker": "A Balbirnie",
              "runs": {
                "batter": 1,
                "extras": 0,
                "total": 1
              }
            },
            {
              "batter": "A Balbirnie",
              "bowler": "DJ Willey",
              "non_striker": "EC Joyce",
              "runs": {
                "batter": 4,
                "extras": 0,
                "total": 4
              }
            },
            {
              "batter": "A Balbirnie",
              "bowler": "DJ Willey",
              "non_striker": "EC Joyce",
              "runs": {
                "batter": 0,
                "extras": 0,
                "total": 0
              },
              "wickets": [
                {
                  "kind": "caught",
                  "player_out": "A Balbirnie",
                  "fielders": [
                    {
                      "name": "JJ Roy"
                    }
                  ]
                }
              ]
            },
            {
              "batter": "GC Wilson",
              "bowler": "DJ Willey",
              "non_striker": "EC Joyce",
              "runs": {
                "batter": 0,
                "extras": 0,
                "total": 0
              }
            },
            {
              "batter": "GC Wilson",
              "bowler": "DJ Willey",
              "non_striker": "EC Joyce",
              "runs": {
                "batter": 3,
                "extras": 0,
                "total": 3
              }
            }
          ]
        },
        {
          "over": 17,
          "deliveries": [
            {
              "batter": "GC Wilson",
              "bowler": "ST Finn",
              "non_striker": "EC Joyce",
              "runs": {
                "batter": 0,
                "extras": 0,
                "total": 0
              }
            },
            {
              "batter": "GC Wilson",
              "bowler": "ST Finn",
              "non_striker": "EC Joyce",
              "runs": {
                "batter": 0,
                "extras": 0,
                "total": 0
              }
            },
            {
              "batter": "GC Wilson",
              "bowler": "ST Finn",
              "non_striker": "EC Joyce",
              "runs": {
                "batter": 0,
                "extras": 0,
                "total": 0
              }
            },
            {
              "batter": "GC Wilson",
              "bowler": "ST Finn",
              "non_striker": "EC Joyce",
              "runs": {
                "batter": 0,
                "extras": 0,
                "total": 0
              }
            },
            {
              "batter": "GC Wilson",
              "bowler": "ST Finn",
              "non_striker": "EC Joyce",
              "runs": {
                "batter": 0,
                "extras": 0,
                "total": 0
              }
            },
            {
              "batter": "GC Wilson",
              "bowler": "ST Finn",
              "non_striker": "EC Joyce",
              "runs": {
                "batter": 0,
                "extras": 0,
                "total": 0
              }
            }
          ]
        }
      ],
      "powerplays": [
        {
          "from": 0.1,
          "to": 9.6,
          "type": "mandatory"
        }
      ]
    }
  ]
}