{
  "meta": {
    "data_version": "1.0.0",
    "created": "2016-06-20",
    "revision": 1
  },
  "info": {
    "balls_per_over": 6,
    "city": "Barbados",
    "dates": [
      "2016-06-19"
    ],
    "event": {
      "match_number": 7,
      "name": "West Indies Tri-Nation Series"
    },
    "gender": "male",
    "match_type": "ODI",
    "match_type_number": 3750,
    "officials": {
      "match_referees": [
        "JJ Crowe"
      ],
      "reserve_umpires": [
        "GO Brathwaite"
      ],
      "tv_umpires": [
        "RA Kettleborough"
      ],
      "umpires": [
        "HDPK Dharmasena",
        "JS Wilson"
      ]
    },
    "outcome": {
      "result": "no result"
    },
    "overs": 50,
    "players": {
      "Australia": [
        "AJ Finch",
        "UT Khawaja",
        "SPD Smith",
        "GJ Bailey",
        "GJ Maxwell",
        "MR Marsh",
        "MS Wade",
        "JP Faulkner",
        "MA Starc",
        "JR Hazlewood",
        "SM Boland"
      ],
      "South Africa": [
        "Q de Kock",
        "HM Amla",
        "F du Plessis",
        "AB de Villiers",
        "JP Duminy",
        "F Behardien",
        "CH Morris",
        "WD Parnell",
        "K Rabada",
        "M Morkel",
        "Imran Tahir"
      ]
    },
    "registry": {
      "people": {
        "AB de Villiers": "c4487b84",
        "AJ Finch": "b8d490fd",
        "CH Morris": "fb66ce1f",
        "F Behardien": "dce2019b",
        "F du Plessis": "3355b542",
        "GJ Bailey": "5056011d",
        "GJ Maxwell": "b681e71e",
        "GO Brathwaite": "1ace56d4",
        "HDPK Dharmasena": "323e4c16",
        "HM Amla": "e798611a",
        "Imran Tahir": "acee4cc4",
        "JJ Crowe": "2e760301",
        "JP Duminy": "2e8994e7",
        "JP Faulkner": "808f425a",
        "JR Hazlewood": "03806cf8",
        "JS Wilson": "d7f3b72f",
        "K Rabada": "e62dd25d",
        "M Morkel": "5bb5a915",
        "MA Starc": "3fb19989",
        "MR Marsh": "3d8feaf8",
        "MS Wade": "afa7e784",
        "Q de Kock": "372455c4",
        "RA Kettleborough": "4017868f",
        "SM Boland": "d167edd3",
        "SPD Smith": "30a45b23",
        "UT Khawaja": "331ea488",
        "WD Parnell": "3a60e0b5"
      }
    },
    "season": 2016,
    "team_type": "international",
    "teams": [
      "Australia",
      "South Africa"
    ],
    "toss": {
      "decision": "field",
      "winner": "Australia"
    },
    "venue": "Kensington Oval, Bridgetown"
  },
  "innings": [
    {
      "team": "South Africa",
      "overs": [
        {
          "over": 0,
          "deliveries": [
            {
              "batter": "Q de Kock",
              "bowler": "MA Starc",
              "extras": {
                "wides": 1
              },
              "non_striker": "HM Amla",
              "runs": {
                "batter": 0,
                "extras": 1,
                "total": 1
              }
            },
            {
              "batter": "Q de Kock",
              "bowler": "MA Starc",
              "non_striker": "HM Amla",
              "runs": {
                "batter": 4,
                "extras": 0,
                "total": 4
              }
            },
            {
              "batter": "Q de Kock",
              "bowler": "MA Starc",
              "non_striker": "HM Amla",
              "runs": {
                "batter": 0,
                "extras": 0,
                "total": 0
              }
            },
            {
              "batter": "Q de Kock",
              "bowler": "MA Starc",
              "non_striker": "HM Amla",
              "runs": {
                "batter": 0,
                "extras": 0,
                "total": 0
              }
            },
            {
              "batter": "Q de Kock",
              "bowler": "MA Starc",
              "extras": {
                "wides": 1
              },
              "non_striker": "HM Amla",
              "runs": {
                "batter": 0,
                "extras": 1,
                "total": 1
              }
            },
            {
              "batter": "Q de Kock",
              "bowler": "MA Starc",
              "non_striker": "HM Amla",
              "runs": {
                "batter": 0,
                "extras": 0,
                "total": 0
              }
            },
            {
              "batter": "Q de Kock",
              "bowler": "MA Starc",
              "non_striker": "HM Amla",
              "runs": {
                "batter": 1,
                "extras": 0,
                "total": 1
              }
            },
            {
              "batter": "HM Amla",
              "bowler": "MA Starc",
              "extras": {
                "wides": 1
              },
              "non_striker": "Q de Kock",
              "runs": {
                "batter": 0,
                "extras": 1,
                "total": 1
              }
            },
            {
              "batter": "HM Amla",
              "bowler": "MA Starc",
              "non_striker": "Q de Kock",
              "runs": {
                "batter": 0,
                "extras": 0,
                "total": 0
              }
            }
          ]
        }
      ],
      "powerplays": [
        {
          "from": 0.1,
          "to": 0.9,
          "type": "mandatory"
        }
      ]
    }
  ]
}